Probability_0,Probability_1,Probability_2
1.261637141228869e-17,0.9999992558123585,7.44187641538384e-07
0.9999083148458878,1.418327429431559e-17,9.168515411223343e-05
2.10685338160277e-27,0.9999999999984872,1.5127540155403465e-12
4.840234380720556e-07,0.07068388201011848,0.9293156339664433
3.8977833406110266e-21,0.9999999867906675,1.320933245549652e-08
6.347492241908484e-05,0.0009143122231410007,0.99902221285444
0.9867049119662437,4.590792211248579e-12,0.013295088029165413
4.607564553413137e-19,0.9999999740168322,2.5983167789599093e-08
0.999985990592858,8.664935162762249e-19,1.4009407142058058e-05
0.00035604846525813034,7.112220099421745e-05,0.9995728293337477
1.0078786138695986e-20,0.9999999769638265,2.303617358545325e-08
1.541788966692906e-13,0.9998348253917391,0.0001651746081068275
0.9975129853801793,1.9762638079702773e-13,0.0024870146196232317
2.649666439382204e-13,0.9999099880066249,9.001199311027509e-05
0.9950157294962625,7.79373333949262e-15,0.004984270503729788
0.998516101922433,4.622035581442649e-15,0.0014838980775622771
0.9962324480010196,1.1094290467218734e-13,0.0037675519988692907
0.9999870044222342,1.0962694317950577e-19,1.299557776572449e-05
6.350465269446213e-15,0.9999768009875508,2.319901244282065e-05
9.340623497583421e-07,0.0010415847335313456,0.9989574812041189
7.603892230687667e-17,0.999998726829326,1.2731706740618788e-06
2.8153012506334626e-10,0.820058367148593,0.17994163256987677
0.0010144128227859409,1.0598019861979334e-05,0.9989749891573521
7.437465337667597e-06,0.01325357554749068,0.9867389869871717
9.680539082051709e-09,0.9400736436548224,0.05992634666463853
1.3678264827268422e-11,0.9981674806762147,0.0018325193101067642
0.9999995739214976,1.2580787029408688e-24,4.2607850245774516e-07
0.9999633237060296,4.396080206907814e-18,3.6676293970372404e-05
0.9138819949368885,2.796363854990135e-11,0.0861180050351479
0.0017514817547209806,1.1619432601773654e-06,0.9982473563020189
0.00010654114141391897,1.022216459355114e-05,0.9998832366939926
0.9810921229953261,4.880512919611676e-12,0.0189078769997935
0.0002685042732195849,0.00010758006222772114,0.9996239156645526
0.9986867686141444,1.681029009303129e-13,0.0013132313856876042
1.0614420739989441e-08,0.6683656549751766,0.33163433441040263
1.0038286925269376e-12,0.9996188795514461,0.00038112044754993037
0.9995152849389434,1.8508904711214643e-15,0.000484715061054821
0.0007504089302649036,2.7222168144644287e-05,0.9992223689015903
0.4026779409114154,1.864742053432319e-08,0.5973220404411641
0.0003275759461828027,2.1545987079079467e-07,0.9996722085939463
5.224481671146796e-13,0.9967914453521696,0.003208554647308153
3.279398985306295e-10,0.9924648187025974,0.007535180969462857
6.275983283533109e-12,0.9986447707281855,0.0013552292655384815
4.308684308012904e-08,0.19406424343736794,0.805935713475789
5.383455043899439e-16,0.9999805876218822,1.941237811726474e-05
0.00042958656950017833,0.0028337962209733676,0.9967366172095263
0.9970056808397123,1.8437608793590127e-13,0.0029943191601033365
0.023990405304433957,1.4978733352536534e-08,0.9760095797168327
3.603038840499377e-13,0.9983557200849693,0.0016442799146704952
0.9999999994097455,4.629399667302929e-29,5.902544274347636e-10
0.10101913783205738,2.115401909889059e-07,0.8989806506277517
0.9999999518118617,1.691654816947067e-25,4.8188138245755306e-08
0.0007570140857198544,1.4453215616367622e-05,0.9992285326986639
7.666276265451899e-07,0.006736684126314941,0.9932625492460586
8.926484736612024e-06,2.447574864910873e-05,0.9999665977666142
1.6487133963517987e-16,0.9999944865450701,5.513454929808341e-06
0.0003932564396386778,4.029902501391919e-05,0.9995664445353474
0.00032164890575798403,4.716716524084065e-05,0.9996311839290013
0.9999999998181883,7.168237293999961e-30,1.8181169868295214e-10
0.8305969788419026,5.659401799009786e-10,0.16940302059215723
0.9999694699852405,9.382102704473343e-18,3.053001475946885e-05
4.2343995075344195e-22,0.9999999987473267,1.2526733998171009e-09
0.00010180997055161439,1.2032387678823057e-05,0.9998861576417695
0.005384250320441187,2.429721121060756e-06,0.9946133199584377
0.9999993968295097,3.503869964582351e-23,6.031704902963675e-07
0.9999829356464333,5.782788129645845e-19,1.7064353566764094e-05
4.959366699279864e-05,8.21981939359978e-06,0.9999421865136136
3.111510148010756e-16,0.9999794373221893,2.05626778104717e-05
0.9999998635425926,1.955861218060598e-23,1.364574074633987e-07
0.9999928894837089,1.8930571095776236e-21,7.110516291104713e-06
0.9999997280012913,4.706030290393192e-22,2.7199870853265055e-07
3.0675842338621846e-15,0.9999598068867666,4.019311323020618e-05
0.0011260482679788467,8.664913987763624e-07,0.9988730852406222
2.044656679756403e-05,3.918273102983386e-06,0.9999756351600996
0.999999999947184,6.044718760792561e-31,5.281608319326623e-11
0.0010210670514328153,4.5944576253047825e-06,0.9989743384909417
3.6793601483425894e-07,0.014309058296789896,0.9856905737671953
4.2882219625395594e-23,0.9999999987440857,1.2559143135530778e-09
1.1213799914281296e-25,0.999999999982492,1.7508050077072574e-11
2.0283469225242034e-07,0.2504930941532463,0.7495067030120616
3.5793295348810616e-06,0.008782612579426063,0.9912138080910391
0.13286540996874527,2.0888818418015882e-07,0.8671343811430706
0.9996375995577491,3.488701963209512e-17,0.0003624004422509167
0.2742343885769913,1.2020042389396778e-08,0.7257655994029663
0.8219331891168625,3.669931018940116e-11,0.1780668108464381
2.0613628744102763e-15,0.999971954873064,2.8045126933955158e-05
0.001285260239651762,1.1451209549181878e-06,0.9987135946393934
1.8521978254364373e-05,0.03833096217158349,0.9616505158501621
4.844626217245599e-14,0.9995908083567112,0.0004091916432403353
8.302291496559433e-05,0.00013072238164032397,0.9997862547033941
4.80663900465437e-21,0.999999988483541,1.151645903101607e-08
0.9999713152654561,4.7688373505677626e-18,2.868473454389386e-05
0.02298032028358391,1.0006804646044826e-07,0.9770195796483696
3.146876789073706e-05,5.137182615574404e-06,0.9999633940494937
3.5164758293523617e-19,0.9999999414067732,5.859322677594692e-08
0.9999999776309744,9.759396154897028e-26,2.236902576916709e-08
1.3535107609009028e-21,0.9999999995622872,4.3771266582912445e-10
2.2675111992133671e-07,0.4001579030950107,0.5998418701538695
0.9992564909503675,1.5799057576703406e-16,0.0007435090496322483
0.002106787117808821,2.381877377233178e-06,0.9978908310048139
0.9999999878474716,7.120805670604326e-25,1.2152528490808654e-08
0.9999955694553497,3.84197173399525e-21,4.430544650262823e-06
1.838515946114094e-05,0.0005364046038508686,0.999445210236688
2.442041583614432e-15,0.9999934076877258,6.592312271773429e-06
3.4043166259605144e-20,0.9999999183219417,8.167805840083882e-08
8.741950660808705e-08,0.21630498638930049,0.7836949261911929
0.00043436784372621293,7.001508853277919e-07,0.9995649320053884
1.773433136433748e-15,0.9999853566997545,1.4643300243591645e-05
0.9999999620828476,1.1171335368648815e-25,3.791715242480787e-08
1.0851171793146422e-07,0.028532753493313856,0.9714671379949682
0.0001253101011451525,0.002162756039546344,0.9977119338593086
1.10091937272997e-15,0.9999937941608613,6.2058391375907055e-06
0.9999724145060481,7.228563083035686e-20,2.7585493952017768e-05
0.00010753102708848224,0.0006936061898288807,0.9991988627830827
1.4150719142730154e-08,0.9103946916081923,0.08960529424108869
0.9998722240231362,2.230968849441562e-17,0.00012777597686378965
0.9989272097243097,1.3410273680467924e-13,0.0010727902755561668
9.226058378063259e-13,0.999596745676063,0.0004032543230143318
0.0013609588751807944,3.767945246199491e-07,0.9986386643302947
5.1257395845826286e-05,0.0008200240052209936,0.9991287185989333
1.9928693821864164e-10,0.990023942904913,0.009976056895800086
0.9350617575231859,2.2349385355073714e-11,0.06493824245446463
0.9999740073177903,1.6112638969577948e-18,2.599268220979253e-05
0.023380131737642782,2.3393507078749444e-06,0.9766175289116494
1.1345771503470045e-12,0.9980635227346442,0.0019364772642211116
0.8783801788289384,3.06880451098031e-11,0.1216198211403736
1.5383209345417069e-06,0.28151782581693063,0.7184806358621347
0.0024377075882097967,3.503678579995426e-07,0.9975619420439322
2.939962201115571e-13,0.9994370371150122,0.0005629628846937076
0.980703613077301,5.444919722204359e-13,0.01929638692215456
0.00016672143674342175,4.124974208218997e-06,0.9998291535890483
0.0001316553487202991,5.793329267673829e-07,0.9998677653183529
0.9999999853630077,2.837218331456329e-26,1.463699238364154e-08
0.9999999995375948,8.473147387165568e-30,4.624051738941225e-10
0.9999999890415009,2.6232735450861756e-27,1.0958499046403909e-08
3.2971176244719616e-15,0.9999896801782276,1.0319821769098708e-05
5.0794095828062274e-14,0.9997104767482183,0.00028952325173085136
0.9987714238568183,1.7609493039970175e-14,0.00122857614316415
3.2734719710960698e-06,0.09592438764913674,0.904072338878892
0.9999968574015595,1.9487676714261382e-19,3.142598440408215e-06
0.0004911490798751621,1.5754124281712443e-05,0.9994930967958431
0.9999999253077332,7.536159457185479e-26,7.469226669226684e-08
0.9911281271937831,1.4401563282589024e-13,0.00887187280607308
0.9972576397549608,9.21032394732661e-16,0.0027423602450383573
4.464566932865336e-05,0.0006661771719914313,0.9992891771586799
4.909892133827437e-16,0.9999971990481126,2.8009518870441715e-06
6.663679383515751e-15,0.9999625948624064,3.740513758692341e-05
0.0015714009025765796,3.058872638096688e-06,0.9984255402247854
0.7320736029655979,8.35262511417329e-11,0.267926396950876
4.5292138459192556e-05,0.00014605421555622059,0.9998086536459846
1.0100071989963956e-05,0.0002649991956437923,0.9997249007323663
0.0017198607329145996,4.139119051089747e-07,0.9982797253551803
0.007697748887846461,9.658928433564456e-08,0.9923021545228692
9.377946570322552e-14,0.9999030491445392,9.69508553671149e-05
0.9999985905633099,5.7606113101727975e-21,1.4094366901123379e-06
0.9962860896451217,9.623011586039494e-15,0.003713910354868857
1.1207164702452458e-13,0.9998381081800526,0.00016189181983521501
0.9999450870569684,1.1486241444833876e-17,5.4912943031624224e-05
9.921949336674111e-28,0.9999999999962184,3.7816564176090574e-12
3.4744028096876156e-13,0.9994711911180971,0.0005288088815553211
3.4711347781097495e-06,0.16700829468284403,0.8329882341823778
9.467179303626402e-10,0.6546213080270377,0.34537869102624447
1.2846347964878821e-23,0.9999999988830359,1.1169640498916874e-09
2.991764405084526e-13,0.9996950889599879,0.00030491103971285274
0.9992596298519136,4.76081513671432e-15,0.0007403701480816866
1.4609873782837811e-28,0.9999999999992084,7.915433315734772e-13
0.9990153488314346,1.3743072183938184e-15,0.0009846511685641037
0.07785113890918557,3.6162713635543374e-09,0.9221488574745431
9.467599853638027e-12,0.9980719781989736,0.0019280217915585572
0.0016947840001698487,3.3015198475688685e-05,0.9982722008013545
1.532076689843424e-18,0.9999996526079366,3.4739206355841426e-07
0.9989492759811881,8.112342123499216e-15,0.0010507240188036497
4.690540561884615e-18,0.999998334495141,1.6655048591081777e-06
0.042159398544090676,5.253606927196339e-08,0.95784054891984
0.999999937630267,1.2930300034586475e-24,6.236973294911467e-08
0.0006858385042833938,6.826412369486783e-05,0.9992458973720219
0.999994489575602,1.438790274296744e-20,5.510424398071827e-06
0.9655580235085126,6.330705765566597e-12,0.03444197648515675
3.032203996271533e-16,0.9999852824299016,1.4717570098165151e-05
0.006353438796637392,5.375123475423856e-07,0.9936460236910151
3.4386751334458873e-19,0.9999999795859242,2.041407579320559e-08
0.9999987763480253,8.012441253896067e-23,1.223651974722233e-06
1.3673645097638266e-11,0.9796078096455888,0.020392190340737432
5.466574834961986e-06,0.027575917108665825,0.9724186163164992
0.9999999739972574,2.4250892453368487e-23,2.600274259705925e-08
3.0395647293329893e-15,0.9999342784331791,6.57215668178166e-05
0.9999991279073328,6.46745472330705e-23,8.720926670714944e-07
2.9674243246328774e-05,6.837302899815655e-06,0.9999634884538539
2.530677353821841e-06,0.02070166452850621,0.9792958047941399
0.015468720032010875,2.606816948281055e-07,0.9845310192862944
0.0016263849770603816,1.4126720647119737e-05,0.9983594883022925
1.7264716576927654e-11,0.9986096612798302,0.0013903387029049479
4.781777999494239e-26,0.9999999999428892,5.711086436321532e-11
2.9075405181863762e-09,0.7544326011053909,0.2455673959870685
0.0020636907235776778,0.0001272722342993608,0.9978090370421229
0.07433512176546658,3.1242059214493826e-07,0.9256645658139414
0.9999999894780712,3.0609741942908926e-25,1.0521928785316792e-08
0.015513327685702797,1.2221878131637096e-05,0.9844744504361654
3.1545034450021797e-15,0.9999717323003223,2.826769967449614e-05
2.0467130289748404e-05,0.00016058368112158432,0.9998189491885886
3.727302065793368e-05,0.00044765609304716844,0.999515070886295
0.013496177454501612,4.908805176681172e-07,0.9865033316649807
1.8839578559523512e-05,0.0007281378369124689,0.999253022584528
4.251108093394673e-05,1.3963640325830658e-05,0.9999435252787402
1.1716165151363775e-13,0.9999209582724696,7.904172741311185e-05
0.9999998244264314,6.783320254869488e-24,1.7557356850497905e-07
1.0319439794186723e-14,0.999985807792486,1.4192207503750723e-05
0.005808623503957236,3.618617797668883e-07,0.9941910146342628
0.0008021302201352686,1.9590006488293657e-05,0.9991782797733765
1.3600030880539382e-15,0.999939591325903,6.040867409551914e-05
1.048891230238118e-18,0.9999997511802525,2.488197474953442e-07
0.9999998601112794,1.4202640660758804e-26,1.3988872050694533e-07
0.0005917421314741266,2.0756561998435608e-05,0.9993875013065274
1.0671241591479357e-28,0.9999999999981215,1.8785518800033576e-12
0.9990255605598763,1.368251394066388e-16,0.0009744394401233819
2.308186170430025e-13,0.9998089957286134,0.00019100427115581556
4.5033734777918344e-13,0.9995501009871338,0.0004498990124160023
1.7301541153614084e-16,0.9999894802018673,1.0519798132559182e-05
0.9999999081350062,1.2568718387331578e-26,9.186499385261641e-08
0.999999999587839,1.1394055017732984e-28,4.1216096634396874e-10
1.1006625593929787e-08,0.9170266704743646,0.0829733185190098
0.00044133895282094296,6.448548679133854e-05,0.9994941755603878
2.114273031674009e-16,0.9999875388338487,1.2461166151061578e-05
0.00021273566448581758,1.9047106593348557e-05,0.999768217228921
0.9971718512715608,5.166441231431059e-14,0.002828148728387545
0.9999999927613095,3.66688981963323e-26,7.238690535673676e-09
0.9937180316973167,7.485266029169066e-13,0.006281968301934935
5.2715604485213826e-14,0.9997370920836992,0.00026290791624821423
0.999999878933443,4.3831723034051566e-24,1.2106655694079826e-07
0.9931732456717313,6.224301691996925e-15,0.006826754328262687
1.0405837761594544e-17,0.9999966841225506,3.315877449410457e-06
0.9991086349512289,2.7518714380306247e-13,0.0008913650484960171
0.00023612623782643655,0.00010410755522961803,0.9996597662069441
3.405252862621689e-05,0.003275407721836226,0.9966905397495376
1.4099615730529014e-15,0.9999520318371738,4.796816282478394e-05
4.043893057635906e-20,0.9999998950254606,1.0497453926223606e-07
0.9999999980080121,9.302098388350476e-28,1.991987992804627e-09
8.609252054505999e-17,0.9999983307415015,1.669258498467858e-06
7.442797350140281e-20,0.9999999566937677,4.330623218703802e-08
7.2006777532236175e-19,0.9999999144568255,8.554317454270244e-08
8.176346846772758e-22,0.9999999972484479,2.751552189979316e-09
0.00024184865345885852,0.0006765124516484509,0.9990816388948928
4.595082751662549e-19,0.9999998611710723,1.388289278205955e-07
8.06711151562141e-13,0.9998604783611117,0.00013952163808148384
0.058585481846990646,6.929905068050925e-08,0.9414144488539585
1.792928083112525e-18,0.9999990380335274,9.619664725460269e-07
0.9999999813149337,1.0494159410605406e-24,1.8685066293726852e-08
0.0017630071142034477,7.809032768385666e-05,0.9981589025581128
3.308425918858727e-22,0.9999999963092083,3.690791628330206e-09
2.031235850700378e-15,0.999996932096759,3.067903238935381e-06
0.9999999524355101,3.7304584855545866e-26,4.7564489830885444e-08
1.9407512278318507e-21,0.9999999980010836,1.998916253007363e-09
0.9999991955634372,1.0235622579570043e-22,8.04436562920888e-07
4.70954031923408e-13,0.9997215641088764,0.00027843589065262413
0.00042231864038697373,3.28742358181182e-05,0.9995448071237949
0.978840492264539,3.7683933976647075e-13,0.0211595077350841
0.9999739115844309,4.356157025894998e-19,2.6088415569191826e-05
0.9999999971938023,6.357173501496473e-27,2.8061977499533385e-09
0.009471598903286015,2.2651024665246697e-07,0.9905281745864674
0.9998088718012157,1.538258949734667e-17,0.00019112819878425565
5.718717062380574e-06,0.10053487643839085,0.8994594048445467
3.87232442752942e-07,0.07762352430098002,0.9223760884665773
4.926130223312342e-17,0.9999970735167213,2.9264832788084785e-06
0.9999999965925808,2.9076737687973306e-27,3.4074191458869883e-09
0.0027940399677372136,1.291570190258549e-06,0.9972046684620727
0.9999999777177149,2.9201553397305866e-27,2.2282285151842195e-08
0.9992211379306438,1.6921695844089042e-16,0.0007788620693559436
0.9991899560435185,3.447489267121804e-16,0.0008100439564809961
4.284288951830377e-19,0.9999998986005351,1.013994649790288e-07
3.416539420229164e-19,0.999999267603001,7.323969990698694e-07
0.9999743071426618,5.545060652211622e-19,2.569285733809157e-05
0.0010268626061816942,2.1181738274168866e-07,0.9989729255764355
0.9999938291713366,1.5047042974215918e-20,6.170828663363659e-06
7.316612043659911e-06,0.005150393255087343,0.9948422901328691
0.998426873521095,1.473948748035133e-14,0.0015731264788903993
2.3904601482528454e-05,0.003574794926253394,0.9964013004722642
2.14411742392325e-05,0.0005637624774502779,0.9994147963483105
6.878476158701019e-08,0.28376328093027,0.7162366502849684
0.9999977567926208,1.936844027074053e-23,2.243207379141176e-06
0.001393354974243738,2.1977916279788048e-06,0.9986044472341282
0.0021916688748204144,1.1778594727641185e-07,0.9978082133392322
1.1645067416450533e-15,0.9998923531740701,0.00010764682592883985
1.0810453353473914e-06,0.020146025304992946,0.9798528936496717
7.620062855108532e-14,0.9999321077598912,6.789224003266408e-05
9.1607077935925e-22,0.9999999991902875,8.097124424117449e-10
0.999999996326078,1.703610825416979e-28,3.6739221289571906e-09
0.9998559442681801,3.4196936906186367e-18,0.00014405573181983995
0.0021900550819571375,4.133560974679519e-06,0.9978058113570683
4.5693950979302833e-07,0.013596025497615067,0.986403517562875
0.9995888906608497,9.529604898331276e-16,0.0004111093391494682
1.2428184814302005e-15,0.9999847213812749,1.5278618723792353e-05
2.1915986157284422e-14,0.9999871636688424,1.2836331135524146e-05
2.4629823033863122e-05,0.0003541523978028245,0.9996212177791635
6.295466939715414e-24,0.9999999993042548,6.957452275386102e-10
0.00021202425905072635,5.8704749738068435e-05,0.9997292709912111
0.998610497673984,3.880274853171069e-16,0.0013895023260154945
3.0650791903570843e-06,0.02132509358793364,0.9786718413328759
0.9999384931798221,3.3264739218186747e-19,6.150682017791829e-05
6.818623451172513e-17,0.9999709523805517,2.9047619448395737e-05
0.9999941112730432,3.1087002420177295e-21,5.8887269568396095e-06
0.9999999976594498,2.57262416330803e-27,2.340550135613955e-09
0.9999998754283617,1.9712609339363188e-26,1.2457163825863007e-07
0.9999999908186233,4.3050131682945895e-27,9.181376648391463e-09
0.00829252091344528,3.755264398142335e-07,0.9917071035601149
0.9999999999362701,1.1762534700305651e-29,6.37299037563034e-11
1.8984861821213128e-27,0.9999999999983173,1.6826353499241423e-12
0.007650134222729947,6.934005584485679e-07,0.9923491723767116
0.999999194400959,1.1310894353932915e-23,8.055990410610359e-07
4.405452261735049e-19,0.9999998864415798,1.1355842030380322e-07
0.9999988766758094,2.2564884419985086e-22,1.1233241906657412e-06
0.9999999963376027,1.599345430002386e-26,3.662397274357915e-09
0.9999996648887148,2.855414684103673e-23,3.3511128517097264e-07
2.8539681582998924e-15,0.9999626329527356,3.736704726152052e-05
0.9999990909036205,7.956533840419111e-24,9.090963794504015e-07
0.9999803776699404,7.239644218076053e-19,1.962233005955751e-05
0.9999999981083343,1.4162757028427973e-28,1.8916656489657763e-09
0.9999751085229376,3.570683356447767e-18,2.4891477062323692e-05
0.027342430098220606,7.911281408175271e-07,0.9726567787736387
0.002070626447690161,1.8049224530894656e-05,0.9979113243277791
3.658493143835875e-20,0.9999998713884101,1.2861159001707643e-07
3.269539110099038e-17,0.999998467232525,1.5327674751270186e-06
0.9919306529120464,2.0254162841638468e-14,0.008069347087933382
0.004635324601217158,9.297159967627323e-07,0.9953637456827861
0.0066627950676667385,1.1861225056008796e-07,0.9933370863200827
0.9998570851606647,1.2104372467335459e-19,0.0001429148393353063
2.6006052777001327e-05,0.07076086608162868,0.9292131278655944
1.0384132995491463e-26,0.9999999999749092,2.509089143998301e-11
0.00042078107755634097,3.582045109410576e-05,0.9995433984713495
1.3715013129921103e-08,0.5596714314034619,0.44032855488152495
0.999995254192176,2.2749685943678067e-21,4.745807823980099e-06
0.9999998432147953,5.586916505171075e-23,1.567852045620662e-07
1.1881240038653234e-22,0.9999999986180801,1.3819200158013011e-09
0.04080043310654239,4.363753683574274e-09,0.9591995625297038
0.000504867241461335,3.9653683743413475e-08,0.999495093104855
5.445340986387057e-16,0.9999933346024388,6.665397560779293e-06
0.99970767746318,1.25002621387717e-15,0.0002923225368185999
0.9999905179486223,1.9293288895166716e-19,9.482051377704207e-06
0.0034591371819918766,1.0592569392668234e-06,0.9965398035610687
8.917233846655856e-11,0.996522693185205,0.0034773067256225892
0.9999999997459228,5.983805520265477e-29,2.5407709988023657e-10
1.0556112642512599e-09,0.9228306060963255,0.07716939284806323
0.9999999997126419,6.38102873886337e-29,2.873581474922997e-10
9.891749451883966e-05,8.806005020787354e-06,0.9998922765004604
0.9999937493087168,9.527511491915469e-21,6.25069128335642e-06
2.8207783314673e-11,0.9685929564173019,0.03140704355449035
9.509836601439591e-08,0.15280814508476043,0.8471917598168737
0.0039324840140788735,5.3306738550508713e-08,0.9960674626791824
2.981957677884066e-07,0.017097176408645876,0.9829025253955862
0.9722145159655778,2.5376840251393076e-11,0.027785484009045517
3.0720957430179388e-15,0.9987670856436823,0.0012329143563145758
9.708281007723177e-06,0.0010236653739316415,0.9989666263450606
0.9998699362093886,4.7235443054135196e-18,0.00013006379061146467
1.4401491101954328e-23,0.9999999988412345,1.1587656202584787e-09
1.1620570773182759e-16,0.9999981640255551,1.8359744446993728e-06
1.743318750576322e-11,0.9957879677781272,0.004212032204439798
3.857349662507297e-10,0.9847257026448833,0.015274296969381556
0.9999999991269828,3.94753305348889e-29,8.730172543019222e-10
0.9999999989256807,1.149112872751922e-29,1.074319270940961e-09
3.404612681226141e-22,0.9999999988160677,1.183932350472767e-09
1.2439686826040522e-15,0.9999830805151205,1.691948487808883e-05
0.9999817168016576,3.7975152410335485e-19,1.8283198342509315e-05
5.643722680366328e-07,0.0006561608116846516,0.9993432748160473
1.3168625786982795e-05,0.1716896547589965,0.8282971766152166
4.044929295239654e-06,0.01523386086822554,0.9847620942024792
0.9993584685372354,1.548672394822634e-15,0.0006415314627629348
0.9998115673020586,1.0215633479976651e-17,0.0001884326979413874
1.0863644949150635e-12,0.9994068266654971,0.0005931733334166555
1.5689934371937436e-05,0.00044743272783687475,0.9995368773377912
3.2238703074209533e-22,0.99999999778484,2.2151600225567633e-09
3.398126543779131e-22,0.9999999991665749,8.334251305127724e-10
6.140343811109833e-26,0.9999999999838634,1.6136753175970793e-11
1.7820470274398912e-12,0.9986905150762436,0.0013094849219744294
0.002087217122733756,4.548192773259984e-05,0.9978673009495337
0.002941730421894247,7.113598290214737e-08,0.9970581984421228
1.265680323104547e-07,0.11854751308578683,0.8814523603461808
0.0004687875669649493,7.841021142579846e-05,0.9994528022216094
1.3330057741735884e-18,0.9999999185164461,8.148355393532959e-08
0.9861883407655544,2.775404444067046e-12,0.013811659231670347
8.731021760734808e-20,0.9999999212221715,7.877782848740578e-08
1.2296725427597161e-06,0.47963172001189275,0.5203670503155645
1.6246250428903824e-27,0.9999999999975697,2.430262777290461e-12
0.0009435114023753962,2.6216619663489845e-06,0.9990538669356583
0.9999999990772963,1.9786417127989503e-29,9.227037135920086e-10
0.9999997196948842,3.7501186882109996e-23,2.803051159171902e-07
3.9078346315646215e-10,0.9125100161906543,0.08748998341856215
0.9999977191632776,2.390880013997279e-22,2.280836722480012e-06
0.0082603862493697,2.058979924891327e-08,0.9917395931608309
7.449479499880852e-27,0.9999999999989602,1.039889334649688e-12
0.9493992949893766,5.300646152805453e-13,0.05060070501009346
2.6534926988316077e-06,0.13758430061902677,0.8624130458882744
0.9999999940480062,3.158797400371144e-25,5.951993711058347e-09
1.494009509980117e-10,0.9948238864294122,0.005176113421186859
1.1200480053264776e-12,0.9990485789406516,0.0009514210582283141
1.2982208570934131e-05,0.0013251597545626628,0.9986618580368664
3.218785167500295e-16,0.9999881315684371,1.1868431562679274e-05
1.6363197985218332e-15,0.999991378250916,8.621749082531856e-06
6.87039143118612e-10,0.9708671991287414,0.029132800184219418
5.222964273991409e-26,0.9999999999966616,3.3383866874380757e-12
2.936845936664869e-10,0.9553215999194731,0.04467839978684225
0.9878489502498627,9.999484954548345e-13,0.012151049749137178
0.00040494396360913606,6.773215146496228e-06,0.9995882828212442
2.4988855101059473e-09,0.9602328974623624,0.03976710003875215
0.9999914245210842,3.8008031203638985e-20,8.57547891582612e-06
0.9999843751230807,1.3246074771533813e-18,1.562487691927756e-05
0.9999999742170234,1.2612920170917087e-26,2.5782976698472857e-08
1.141685033992676e-05,0.0019401009216163377,0.9980484822280437
0.9992769461385531,1.6452503416846085e-16,0.0007230538614465738
5.846929471641178e-17,0.999998275455259,1.7245447410806936e-06
2.753859492735505e-13,0.9994936143026376,0.0005063856970870576
3.669209807861016e-08,0.820102337306215,0.17989762600168674
0.9874749474522819,2.4554652622742148e-11,0.012525052523163443
0.9999999925645326,4.260479633141126e-26,7.435467249680398e-09
1.0262180158402513e-05,4.179936320556667e-05,0.999947938456636
0.9999977934782709,2.084867798906499e-20,2.2065217291502907e-06
0.9995130121730113,5.307097084649829e-16,0.0004869878269881937
1.7920109726281007e-12,0.9995858610679937,0.00041413893021419006
2.8150451474085824e-14,0.9999375419747657,6.24580252060117e-05
0.9419456641742111,1.4460780473059494e-12,0.058054335824342836
2.5056188513515045e-18,0.9999986357779101,1.3642220897890105e-06
0.0002867643820313156,3.1023507102190945e-05,0.9996822121108666
0.9999863040284784,9.610851600378192e-20,1.3695971521442896e-05
9.465295243468894e-06,0.021300548140368778,0.9786899865643878
0.9999999904680336,8.792666764515057e-26,9.531966369877864e-09
1.8606916813364135e-22,0.9999999976856628,2.314337195096226e-09
0.999975516573684,7.668641357972537e-19,2.4483426315884317e-05
3.764391941524229e-10,0.9966648239997155,0.0033351756238451766
0.00010354222579969253,5.498116132339652e-06,0.9998909596580681
0.008089222398435117,3.3844822775959424e-08,0.991910743756742
0.00021462352290084323,9.323953945788607e-07,0.9997844440817045
1.411006234085426e-09,0.9866981058310659,0.013301892757927787
5.811688932458624e-12,0.9920644739444264,0.007935526049761733
8.610728918000574e-25,0.999999999889285,1.107150258911477e-10
0.9999949809864218,1.465554215247852e-19,5.019013578264881e-06
0.9964809463352785,9.852331418700961e-15,0.0035190536647114654
1.8883371235073265e-10,0.9980770825518768,0.0019229172592894583
2.817736761761699e-21,0.9999999819105568,1.8089443084771348e-08
1.1402830544689449e-05,0.0065151390151153826,0.9934734581543401
2.5655334687868973e-09,0.6229605855727685,0.37703941186169815
0.999999999985618,1.5514655693688805e-30,1.4382004492760641e-11
0.007891943500992586,7.775771350275647e-07,0.9921072789218724
0.9999999563379952,6.791637854320729e-25,4.3662004769112334e-08
0.9999354235965174,6.806026502636303e-17,6.457640348243049e-05
0.9999960209732335,1.685731445447941e-19,3.979026766513041e-06
4.677270845208792e-05,0.00016670493895115944,0.9997865223525969
0.9999999991312494,4.037968212784423e-28,8.687506517083621e-10
1.149761080481963e-07,0.3158430477236612,0.6841568373002308
0.9999987672650168,4.786944055005468e-24,1.2327349833421435e-06
9.628860565130657e-15,0.999867256622171,0.00013274337781948194
0.003367179094116636,3.623526477467169e-07,0.9966324585532357
1.3335465045996642e-27,0.9999999999960381,3.961873721269996e-12
0.07121852778989643,3.0728459662858043e-07,0.9287811649255069
0.009955407938465183,3.591683478878066e-08,0.9900445561447
4.4908625101474225e-07,0.0027489171767157783,0.9972506337370333
0.9954653675882821,7.920443299464323e-13,0.004534632410925974
2.987677143242009e-19,0.9999999185002266,8.149977349046058e-08
0.0027368891492511025,6.023425399053365e-07,0.997262508508209
1.1553711958900128e-09,0.8753048123553399,0.12469518648928907
0.058569908018191244,1.1912658956773485e-06,0.9414289007159131
0.9994902087725532,1.4867385488295003e-14,0.0005097912274320143
0.002296555168003337,3.78278398628557e-06,0.9976996620480104
0.9981551343982712,1.7871540852775067e-14,0.0018448656017107676
1.05798151834018e-06,0.11245055102618381,0.8875483909922979
1.7557409145864404e-12,0.9973511776560116,0.002648822342232736
4.490822045962864e-08,0.14252863881388186,0.8574713162778977
0.9999998231766005,1.3092648375965246e-23,1.7682339961350955e-07
0.9995283020491165,9.45221257689075e-14,0.00047169795078907777
0.9999998068070706,8.237325221973466e-23,1.9319292932108823e-07
0.9931775899788342,1.7648470602734875e-13,0.006822410020989234
0.9999998515713537,3.010063101124969e-23,1.4842864622932893e-07
0.9999999997004669,2.2070343543650086e-28,2.99533019045741e-10
0.9998575735828296,4.730422284528138e-16,0.000142426417170093
0.9999999798102239,7.938210006116363e-27,2.018977619599481e-08
1.8878231031447097e-05,0.0007785958401531007,0.9992025259288155
1.2891480237453853e-06,0.06182867280627202,0.9381700380457043
0.9737955637364074,1.4641880261500123e-11,0.02620443624895056
0.00013828192315703302,0.00014983190758175471,0.9997118861692611
5.360673813601388e-07,0.08851432055660373,0.9114851433760148
2.2183921133426645e-15,0.999950316444094,4.968355590368504e-05
0.9999999998295848,8.575287374400833e-30,1.704153081401959e-10
0.9999999993498911,1.0649739447403387e-28,6.501089206339256e-10
0.9999399069058914,1.7887886715537038e-19,6.009309410846644e-05
1.2118871479849727e-05,0.00023885569230516472,0.999749025436215
0.9999999983004653,6.561589108973364e-28,1.6995346943865781e-09
1.5950228384920755e-19,0.9999998946991324,1.0530086762582582e-07
0.008536509562127172,6.376532646722677e-07,0.9914628527846081
1.3985442560591563e-21,0.999999997113733,2.8862669836465935e-09
1.80587255510424e-07,0.12442163413242384,0.8755781852803206
0.0007720778173860549,9.697505707768901e-06,0.9992182246769061
3.2464669468534166e-18,0.9999996522325919,3.4776740795688837e-07
7.857352665514706e-06,0.002413927251602952,0.9975782153957314
0.9999999654395751,3.003922078295452e-25,3.456042482004274e-08
1.0675527996919238e-07,0.4145190407482418,0.5854808524964782
4.217650846292778e-17,0.9999990125634679,9.874365319795681e-07
0.9960498855766844,1.0884026249087227e-12,0.003950114422227196
0.9961900445918759,8.333157417889764e-15,0.0038099554081156306
8.888556995104095e-10,0.9830336546064908,0.016966344504653313
3.474888550901421e-06,0.20248865443069813,0.797507870680751
5.5746215029725404e-08,0.2933399245019136,0.7066600197518713
0.00022350972547619482,5.3812669472756534e-06,0.9997711090075765
0.0002963058850826559,0.00014670258488820703,0.9995569915300292
3.078402688416892e-11,0.9897179357100853,0.010282064259130782
0.9999998114313711,3.511008289341272e-22,1.8856862884960517e-07
0.9999999997200295,1.7266789477268767e-28,2.79970568213685e-10
6.796987508704366e-10,0.7689416196551315,0.2310583796651696
0.004737770028827586,5.881361036319411e-06,0.995256348610136
8.286505889067748e-17,0.9999967491691822,3.2508308177805592e-06
0.9998642292327857,3.9528537266864323e-16,0.0001357707672139444
0.9999669845845314,6.94605169846666e-20,3.3015415468661083e-05
0.1224503808338289,3.593669610779725e-07,0.8775492597992101
0.9999999998983355,7.460661707863453e-30,1.0166451405037231e-10
0.0027942519543683593,5.133320551810347e-08,0.9972056967124262
0.024109003931121073,1.0359264066784551e-07,0.9758908924762383
6.272322955563271e-07,0.2711452135435587,0.7288541592241458
0.9999999998182616,1.7992595432466542e-29,1.817383894481297e-10
1.9407244665040616e-24,0.9999999999441003,5.589962917918044e-11
0.9999466269603934,1.42588404290191e-16,5.337303960641406e-05
0.9970764662745115,2.404071324692347e-15,0.002923533725485993
0.9999999967888689,2.3338604919788378e-27,3.211131226560221e-09
0.0006786791442323658,7.077153805104169e-06,0.9993142437019626
0.9999999875244511,5.178350276564171e-26,1.2475548830373968e-08
0.9999999796852528,1.4352974094776191e-27,2.0314747302273616e-08
0.9999999998025886,2.968530294694533e-30,1.9741145401494518e-10
7.592695566804342e-05,0.00037849197327048016,0.9995455810710615
0.9999976448496596,1.2966360721086927e-20,2.3551503403462812e-06
0.19429337147586093,4.167343040826491e-08,0.8057065868507087
0.01104631473510296,2.793535701091757e-07,0.988953405911327
6.346399314851978e-19,0.9999997484973568,2.515026431226439e-07
0.9999995733195737,2.6044220754797122e-25,4.266804263033003e-07
0.9801645870125621,3.513780178345342e-13,0.01983541298708652
0.9964681038790056,5.039697073280036e-14,0.003531896120943998
1.2236858257726584e-14,0.9999717967747788,2.8203225209142968e-05
0.017152359694927857,6.676931521815998e-08,0.982847573535757
3.558280368500036e-10,0.9896803554720899,0.010319644172082011
0.9995345509704322,5.454898965734726e-15,0.0004654490295622096
0.9999982402295496,4.095530760042322e-21,1.7597704502203571e-06
2.526203101156106e-07,0.7527830451811724,0.24721670219851738
5.349243749189366e-06,0.005233980437980458,0.9947606703182702
0.9990323052721988,9.576444543838934e-14,0.0009676947277053211
0.9999999998415408,2.473777859566547e-30,1.5845917211977749e-10
2.595264808253539e-15,0.9999839039885542,1.6096011443118347e-05
0.9999999875244566,4.953533861408053e-27,1.2475543261502257e-08
4.237304702703963e-24,0.9999999992120829,7.879170316368698e-10
0.999400641196146,9.028663621888582e-14,0.0005993588037636486
0.9999999695679334,2.1678665075901973e-25,3.0432066573464015e-08
0.9999996660949779,1.3266435264017885e-23,3.339050219756e-07
0.040642953866730024,7.418458078346425e-08,0.9593569719486892
6.466260354715146e-15,0.9997384127553152,0.0002615872446784893
0.9999880615945343,1.3295328927755821e-21,1.1938405465689703e-05
6.828721248649543e-08,0.2574984488142738,0.7425014828985137
0.999948325858255,3.3456216949917576e-18,5.167414174505836e-05
0.9999539895047876,9.239769161258585e-19,4.6010495212359816e-05
2.437248144906702e-07,0.20665066590381273,0.7933490903713728
3.3316708563759084e-09,0.9634207524835016,0.03657924418482769
2.701526604158027e-17,0.9999983057738269,1.6942261729945654e-06
3.136489387439565e-12,0.9989985364958569,0.0010014635010065815
5.58249449983074e-20,0.9999999810754255,1.892457437767126e-08
0.9996469202823379,4.932868247212357e-17,0.0003530797176621035
0.003357550830452821,5.268672485639511e-07,0.9966419223022985
2.0219878004627202e-17,0.9999987506552827,1.2493447173245031e-06
0.0033656461769980958,2.0470919842481435e-05,0.9966138829031596
0.999771141194486,6.779658314013915e-17,0.00022885880551404763
2.395337177829905e-07,0.18008226403032837,0.8199174964359539
5.402214052349467e-12,0.998809789616565,0.0011902103780328842
9.291658420417161e-05,5.957993467386734e-05,0.9998475034811221
0.9999997303041092,4.365426777774274e-24,2.6969589078095263e-07
0.9962654260326619,4.823178370309105e-15,0.0037345739673332536
0.0003966528777628422,5.910802141559056e-06,0.9995974363200956
4.629699531233144e-12,0.9992779484760164,0.0007220515193539024
1.5939222487260844e-23,0.9999999998105027,1.894973080692807e-10
3.6463000198773295e-14,0.9998346619256935,0.00016533807426997608
3.9781037905811943e-19,0.9999997946166232,2.0538337675102004e-07
0.9997047202111297,2.216913294410698e-17,0.0002952797888704575
4.941713463627216e-13,0.9993697537695013,0.0006302462300045829
0.9999999997715507,1.0825138067837169e-29,2.2844924358816701e-10
0.0018848802885210866,4.5510673793893864e-07,0.9981146646047411
1.3544161415690343e-18,0.9999999569304975,4.306950254261673e-08
1.5967854075327866e-17,0.9999942943803698,5.70561963028684e-06
3.6908161905449015e-20,0.9999998999140352,1.0008596472766034e-07
0.9999999990656823,2.7676830329640975e-28,9.343177573531383e-10
9.030975534439413e-07,0.10249080663795132,0.8975082902644953
3.526993405322857e-07,0.08641373290524287,0.9135859143954165
1.0282617371958467e-06,0.26851519633287363,0.7314837754053892
6.299536751592302e-07,0.5518241426978135,0.44817522734851123
0.021118823097066905,1.9203599136206486e-06,0.9788792565430194
1.3553088342995655e-11,0.9939552119381979,0.006044788048249026
0.00019863617179341443,0.0011782169904643585,0.9986231468377422
4.192701844236774e-09,0.8012470907829444,0.19875290502435378
0.9999991821235127,8.480199847761833e-24,8.178764873397934e-07
0.9996494211943897,1.0106012513532977e-15,0.00035057880560921306
0.001047513956461357,8.135536611195447e-08,0.9989524046881725
0.9952926172197966,7.799871165953827e-13,0.004707382779423582
8.457538358494073e-07,0.09960071504592674,0.9003984392002374
0.0005568417365644918,0.000941384138122885,0.9985017741253125
0.9999998837524537,3.2386262318617286e-25,1.1624754625529832e-07
4.271183687309173e-16,0.9999751385603634,2.4861439636309858e-05
0.9749955268817835,1.337267265530661e-11,0.02500447310484384
1.607810978783781e-13,0.9985631830558643,0.001436816943974841
2.5491872061604922e-24,0.9999999998900373,1.0996270964393346e-10
0.9977599746131177,3.9172550421936076e-14,0.0022400253868430802
2.4811996810044904e-05,0.0017533922319374839,0.9982217957712526
1.098810216852716e-05,0.0006507045446331278,0.9993383073531984
2.1784909588548437e-17,0.9999990362517146,9.637482853094227e-07
0.9999990439430687,1.6863678986183646e-23,9.560569312619985e-07
4.257259924830438e-07,0.10529675049271661,0.894702823781291
1.401458030719064e-06,0.02911546932208659,0.9708831292198827
0.028328928230139144,5.981782799527866e-08,0.9716710119520329
0.9999696221269613,1.2920115002814776e-17,3.0377873038803855e-05
3.0884072773222705e-14,0.9998520444484535,0.00014795555151562968
9.712945985175905e-08,0.58509739507382,0.4149025077967202
0.9999998134370878,2.0515612107952128e-24,1.8656291222086813e-07
0.0011627078338097934,4.766248942560602e-06,0.9988325259172476
4.275309864177289e-16,0.9999927989275961,7.201072403594105e-06
7.784401935786946e-13,0.9932317364698229,0.006768263529398595
0.9999999122866913,1.4428140507470782e-23,8.771330875517889e-08
0.998796525005751,9.45045527664653e-16,0.0012034749942480313
2.035536175543542e-27,0.9999999999957505,4.249538532483736e-12
8.747372466676954e-05,0.011668113737659015,0.9882444125376741
1.1060088912687128e-27,0.9999999999964455,3.5545980718060407e-12
0.9999999784837492,1.4994177703098582e-27,2.1516250748215707e-08
1.5323917089562883e-12,0.988622774789402,0.011377225209065507
0.9999999964965316,4.3770922330006676e-26,3.50346836908997e-09
9.121247218251135e-09,0.563975702603219,0.4360242882755338
0.021764223150567554,4.817913635630618e-07,0.9782352950580688
0.00016290118620026475,0.004081024081495901,0.9957560747323038
6.207960845994358e-27,0.9999999999994345,5.655205594794583e-13
0.010350266595602765,7.652833685666442e-07,0.9896489681210286
3.4710681838704894e-10,0.9618779989877644,0.03812200066512888
9.264456855813982e-05,5.2282861690821465e-05,0.999855072569751
0.9997443584843363,5.309864826292808e-15,0.0002556415156582804
0.9999784632103724,5.489979257171365e-19,2.153678962765565e-05
9.002049832792746e-07,0.06528386082509151,0.9347152389699251
0.9993201730220455,2.7751994539884554e-14,0.0006798269779268205
1.010881056508576e-06,0.018923455265695978,0.9810755338532474
4.815129331089918e-06,0.002358168746798505,0.9976370161238705
7.698959075540264e-15,0.9999471882901205,5.281170987175786e-05
2.5097568121203443e-05,0.0001633043442302553,0.9998115980876486
0.0003770946709938946,0.0002892197366003108,0.9993336855924058
0.999972161399331,5.264142405823752e-18,2.7838600669106516e-05
0.9999998405128526,3.786378785822364e-24,1.5948714738626286e-07
9.268581681758016e-08,0.11628305028783709,0.8837168570263462
0.9995507402936825,4.453709489031895e-16,0.0004492597063169571
2.632565910233645e-21,0.9999999963229484,3.677051479684222e-09
4.734254234017734e-09,0.9216586259834472,0.07834136928229869
0.9997598728749222,3.898524644478009e-14,0.00024012712503887427
4.888555007883158e-06,0.002623799331550005,0.9973713121134422
8.878637736941222e-11,0.9736199167764386,0.02638008313477518
1.326812810643931e-07,0.07627662132859721,0.9237232459901218
2.7177874251774344e-07,0.33235581542733794,0.6676439127939195
8.18498559105228e-18,0.9999991336428374,8.663571625173091e-07
1.3540514899410987e-08,0.8359448821886345,0.16405510427085052
0.9940284011379014,3.982521268646566e-12,0.005971598858116189
9.859569239186684e-05,0.0008318847642679848,0.9990695195433402
0.999984948561595,1.2919371465286746e-16,1.5051438404775851e-05
1.0737703990374231e-25,0.9999999999736973,2.6302629600400454e-11
6.836658832927651e-05,6.288734084818291e-05,0.9998687460708225
9.117127826323818e-09,0.7713240352597717,0.22867595562310056
0.0038945546028323606,5.328697029673818e-07,0.9961049125274647
0.9999999997688791,1.0607199224395488e-29,2.3112080709076716e-10
3.4355473319716512e-06,0.01976124902057976,0.9802353154320882
0.00023645566445117884,3.755174551544991e-05,0.9997259925900333
0.007705274345568565,5.888313163212534e-07,0.9922941368231151
4.659516011432816e-08,0.24115932981002688,0.7588406235948131
2.87286943245708e-22,0.9999999894922752,1.0507724801559181e-08
0.0003773340193258753,1.174332430544203e-05,0.9996109226563686
0.0012325459439043907,1.2376269148959682e-05,0.9987550777869466
1.807734546599868e-11,0.990255515569979,0.009744484411943677
0.9999999998880658,1.590139354506301e-30,1.1193427972445983e-10
3.379520288725695e-23,0.9999999996177009,3.8229899502622254e-10
3.957264277894079e-20,0.9999999762416555,2.3758344536079037e-08
0.9999999326994086,1.7201994976785883e-23,6.730059139705978e-08
9.268991628462029e-05,0.0001514799288242705,0.999755830154891
0.00010653652141969942,0.005819970504129888,0.9940734929744505
3.3401377558141813e-15,0.9999798308781664,2.0169121830217558e-05
0.01544824967641167,6.521057285857329e-07,0.9845510982178597
0.9999999965427597,6.282610362563483e-28,3.4572403566653338e-09
1.2769615244405345e-18,0.9999999193281904,8.067180958853696e-08
0.9999999922692312,3.6348749652974966e-27,7.730768768383702e-09
1.7405548647803913e-19,0.9999998976239555,1.0237604456967942e-07
0.9999986857917255,1.6113830912599254e-22,1.3142082746780243e-06
2.9316089644192812e-06,9.140228399699922e-05,0.9999056661070387
0.9999999987388626,1.0451389498737853e-27,1.2611374534429123e-09
7.425519485760237e-17,0.9999993297816452,6.702183548249642e-07
5.497264238448672e-15,0.9999827925917337,1.7207408260756747e-05
0.0005060992755276405,0.00011309740193957141,0.9993808033225328
0.029338960970223846,9.868537231705331e-08,0.9706609403444039
0.9999843633321331,5.295482040519292e-19,1.563666786694632e-05
0.9999546454417402,4.2527914533313054e-17,4.535455825988522e-05
3.1611976960212744e-09,0.9338244354703679,0.06617556136843444
0.999967246719988,2.17835818776222e-18,3.275328001198178e-05
7.053921287011645e-07,0.005668527907993478,0.9943307666998779
0.9999999985826458,1.0478370108428367e-27,1.4173542597924896e-09
2.739064702506354e-21,0.9999999862921332,1.3707866785065438e-08
5.310379021824837e-22,0.9999999986299843,1.370015731665348e-09
1.1156047959861461e-05,0.013328382077417442,0.9866604618746228
1.476841546474147e-26,0.9999999999975446,2.4553692827053985e-12
8.016281297198235e-15,0.9999848563643516,1.5143635640377953e-05
1.9575384164002705e-20,0.9999999919922565,8.00774352288823e-09
0.9147338130808809,7.287565184927839e-12,0.08526618691183142
1.59414945779292e-10,0.9697754329753545,0.03022456686523045
0.9999999996198063,5.841226731268072e-29,3.8019374272176586e-10
2.3966012936896486e-18,0.9999996406880801,3.593119198571874e-07
0.9830137364900288,8.723992754165954e-12,0.016986263501247247
0.9999999210958175,1.464230841693289e-23,7.890418248746597e-08
5.0983906503436344e-05,7.943406205079086e-05,0.9998695820314457
1.7807664714623426e-11,0.9938717228883243,0.0061282770938680935
3.6306176603111414e-07,0.2262725516730231,0.773727085265211
2.484615574950482e-05,0.0075792194379126114,0.9923959344063378
1.1600736088992944e-15,0.999976256520397,2.374347960188479e-05
0.9491823167300385,2.0086428592979435e-11,0.050817683249875185
0.9917638396667402,1.2266742063978439e-15,0.008236160333258594
0.00028875140559678024,7.57629666561421e-06,0.9997036722977376
0.009000909857910681,4.126440114615156e-08,0.9909990488776882
1.8062499400644515e-07,0.292397485969137,0.707602333405869
2.1270789208075827e-28,0.999999999997724,2.2760431576030474e-12
3.0148614811314594e-10,0.9198909341920968,0.08010906550641707
0.0002180855004831152,6.38591233471003e-06,0.9997755285871822
4.265178501931611e-05,3.6694397662599245e-05,0.9999206538173181
0.9999999996035187,4.0292192778422957e-29,3.964812978546839e-10
0.0020027661429169084,4.1052732385569655e-07,0.9979968233297593
2.1635660628818988e-06,0.014110102739719016,0.9858877336942181
0.00024710334913948944,8.102775966824026e-05,0.9996718688911922
1.3725619677325425e-16,0.9999985814778345,1.4185221652528543e-06
1.030831964359705e-17,0.9999989463915403,1.0536084597559168e-06
2.5366810420241936e-20,0.9999999828368468,1.7163153366283124e-08
6.96220662474585e-05,0.000126198443667594,0.9998041794900849
5.2046312219250794e-21,0.999999993461437,6.538562891937806e-09
9.440807410679648e-24,0.9999999998519378,1.4806233881392478e-10
0.020101561692500488,8.465755435765529e-07,0.9798975917319559
0.9985459326439639,4.686650931746328e-14,0.0014540673559893214
0.0002930446287547992,5.884119580153473e-06,0.9997010712516651
1.9865320994726703e-05,0.00011729684272138803,0.9998628378362839
0.9999999678262957,4.034417040341976e-27,3.2173704142217135e-08
0.009964131254192257,9.58602987601848e-07,0.9900349101428202
5.88704324761743e-06,0.002110241175382063,0.9978838717813702
1.6391310125698522e-28,0.9999999999993006,6.994475616416023e-13
0.9975120539461338,6.360246971361036e-14,0.0024879460538027127
0.9951997348985028,5.029665354350472e-13,0.004800265100994375
1.0885725302642994e-16,0.9999849740068132,1.502599318668519e-05
0.9999999892687444,1.856458098883079e-27,1.0731255584666205e-08
0.9998584033765893,1.2094849299710245e-16,0.00014159662341058017
7.194484478543408e-19,0.9999992813736955,7.186263044881302e-07
3.493216762860708e-11,0.9942588220759825,0.0057411778890852526
0.15242542600200093,9.720967769810177e-08,0.8475744767883214
1.986644662305869e-08,0.07270085962415855,0.9272991205093948
4.7090035120863344e-07,0.038006638663680814,0.9619928904359679
0.9999964740427078,8.95874208792266e-22,3.5259572922310264e-06
0.9973353939522447,6.89923492630282e-15,0.002664606047748394
0.9770208833969037,2.0883697372440726e-12,0.022979116601007855
0.9971739067762938,9.238707137863014e-16,0.002826093223705395
0.9999958835095337,1.7051262855344485e-20,4.116490466265933e-06
0.00019925802016082273,8.784238087786761e-06,0.9997919577417514
1.2648342646031934e-18,0.999999406813154,5.931868458551409e-07
0.007135142084501376,2.4587078854994585e-06,0.9928623992076131
9.015374185999492e-11,0.9695207976192293,0.030479202290616982
0.9982573695567705,1.4905002193566383e-13,0.0017426304430805842
0.9999687813451901,4.9985011216450505e-18,3.1218654809959095e-05
0.9298203799900556,6.001668690908614e-11,0.07017961994992765
1.838659860441598e-10,0.9119605006413837,0.08803949917475025
0.0006409646179695961,1.3875027607400176e-05,0.9993451603544229
0.0001799252931181869,6.396903530195886e-07,0.9998194350165288
0.9999999999833504,3.5781012723646747e-31,1.664950127673376e-11
1.297315454471289e-10,0.9569223168859825,0.04307768298428599
1.6093870631425639e-06,0.6013837150282957,0.39861467558464125
4.7300924962187375e-17,0.9999982118938558,1.7881061440594252e-06
0.9999999990731476,3.8531496436588027e-29,9.268523946044517e-10
0.9999854086591116,1.8671216134243307e-19,1.4591340888563032e-05
9.814011563963636e-15,0.9997249997213729,0.0002750002786174734
0.0002728368188761133,0.0001158284896578848,0.9996113346914659
0.9999998650951112,9.005767423770363e-26,1.349048888513035e-07
4.244057651432894e-10,0.96597058775021,0.03402941182538417
0.9997819018682936,7.780946637843173e-17,0.0002180981317064611
0.03308703407602105,2.1573424858391393e-07,0.9669127501897303
0.9985725172128298,1.333537259108786e-16,0.0014274827871699378
5.371652479864384e-16,0.9999057520161032,9.42479838962855e-05
6.6701418807984714e-12,0.9964680085378179,0.003531991455512039
0.00019403473343347275,5.8782646875620276e-05,0.9997471826196909
0.008735015518671915,3.1215699074102487e-07,0.9912646723243373
0.9999997654409847,2.3235499694869627e-24,2.3455901542149135e-07
0.03001341128065751,5.519271143656178e-09,0.9699865832000713
0.029058108471781106,2.2961294862638116e-07,0.9709416619152703
1.6019074998559189e-12,0.9982331726391256,0.0017668273592725738
6.063475364609976e-12,0.9985818652507741,0.0014181347431625067
0.9712751533326334,1.30309763307052e-13,0.028724846667236376
0.023636559994962923,3.3524781746824993e-07,0.9763631047572195
0.005103010685753008,1.6913755821702906e-06,0.9948952979386648
0.0006952047868953691,1.404749868003547e-07,0.9993046547381178
0.9692488424245296,8.168925377172256e-13,0.030751157574653402
0.0001177784887324884,2.7429811139753426e-05,0.9998547917001278
0.9999996907754197,6.484882993691853e-24,3.0922458015876304e-07
0.9999999943190538,2.688958718914917e-28,5.6809462069014854e-09
4.996325387384966e-05,0.0032294948925230115,0.996720541853603
0.03767394292645205,6.624505673073869e-08,0.9623259908284912
0.9560706309435338,1.2852154807355509e-12,0.04392936905518088
0.9999716777395028,1.1317710202259183e-19,2.8322260497183477e-05
6.486121246580196e-06,0.004874563772107033,0.9951189501066463
9.735167942580257e-09,0.872521491246289,0.12747849901854302
0.9999997870862167,1.2237015112611175e-22,2.1291378315372518e-07
1.6908609322668702e-13,0.9997113801122843,0.0002886198875464516
2.3629208031421803e-23,0.9999999996385227,3.6147738767208916e-10
2.7201111375557274e-06,0.02151213019688699,0.9784851496919754
0.9980906648458913,5.292337616703155e-15,0.0019093351541033855
0.9415204823950352,1.538237112646282e-12,0.05847951760342655
0.9662847521195436,1.546098662899223e-12,0.03371524787891041
0.01526488178489847,1.4818702799848082e-07,0.9847349700280735
1.0544136334275944e-11,0.9734943136574484,0.02650568633200726
9.143501950520409e-17,0.9999977638554943,2.2361445057147574e-06
0.00018058856447997142,0.0022581443914134474,0.9975612670441066
0.00011306267789934398,0.0003243708127557668,0.9995625665093449
2.0537270434593636e-23,0.9999999998705109,1.2948909542759598e-10
2.178371469615216e-17,0.9999984902814425,1.50971855761228e-06
1.0363175336916782e-13,0.9995692363878377,0.0004307636120585697
0.00021434103432786032,6.370467735925355e-06,0.9997792884979363
0.9999999784821276,2.21726322199225e-24,2.1517872391016233e-08
4.030316867199339e-27,0.9999999999992326,7.673864473137728e-13
0.999999989473107,8.797665067186865e-27,1.0526893044851278e-08
1.4031246883602264e-27,0.9999999999977567,2.243275072260678e-12
0.9999999992550246,3.224064243444366e-29,7.449755127881456e-10
0.0013044575019574552,1.1684293291147021e-06,0.9986943740687135
6.989308110162982e-05,3.8959151854206185e-06,0.9999262110037129
5.110381697271974e-07,0.004701798089998541,0.9952976908718317
0.00029125845110597925,0.0005380227129161948,0.9991707188359777
6.150758297021809e-16,0.9999963540164712,3.6459835280579666e-06
1.3707526057857612e-08,0.8790145414327015,0.1209854448597726
0.9999988758440034,7.414586108680193e-21,1.1241559966588563e-06
1.052417275042536e-07,0.5605334107592657,0.4394664839990068
0.06461559611246871,2.3696801226304518e-07,0.9353841669195191
0.9999999668642328,1.6461082149060882e-26,3.313576719804968e-08
0.9999999913408085,3.152386857399878e-25,8.659191439878938e-09
2.6358420487865414e-09,0.8957065058752981,0.10429349148885987
0.8279038676417646,1.8795036470341394e-11,0.17209613233944035
0.606479876340594,4.051116353100668e-10,0.3935201232542944
4.911156901207732e-07,0.06806906476150586,0.931930444122804
6.740054726902745e-09,0.8036492378573209,0.19635075540262448
0.9963976266151628,1.801485945543513e-13,0.0036023733846570513
1.1798016534410002e-06,0.27365881962604643,0.7263400005723001
9.808839012340707e-07,0.030425193079254207,0.9695738260368445
2.451309026405285e-26,0.9999999999950704,4.92971273246105e-12
2.700851750243567e-07,0.030719181710616272,0.9692805482042086
0.9999655492179784,3.921785791122709e-17,3.4450782021473264e-05
1.652852373357066e-12,0.9993426261805779,0.0006573738177692291
0.9769958932945596,1.5424570920923377e-10,0.023004106551194687
2.6002143975957666e-18,0.9999994306143494,5.693856505765297e-07
0.0011201564618203068,2.1155537482482836e-06,0.9988777279844315
0.9999835908111934,5.910586400064608e-20,1.6409188806639792e-05
5.0667645368905975e-05,0.0010242557114001928,0.9989250766432309
6.198510450814637e-10,0.9787060760157581,0.021293923364390697
3.3480791473081107e-13,0.9998575639109306,0.00014243608873459372
0.052814342664379746,1.1811178347978332e-07,0.9471855392238367
0.9982451318383273,6.5877302401456e-14,0.0017548681616067936
0.9999999651411874,3.9584027111018084e-25,3.4858812536465645e-08
4.340234473634694e-27,0.9999999999968197,3.1803326460517615e-12
2.6553353853941587e-11,0.9965411370259137,0.003458862947532924
2.1033608073652917e-14,0.9999589425751084,4.105742487063308e-05
1.5428422185665733e-15,0.9999952107208266,4.78927917187017e-06
0.9891169523297193,4.3153351269253895e-13,0.01088304766984916
0.9869020179400969,1.706046884578882e-12,0.013097982058197006
0.006745832187344387,3.303164790477938e-07,0.9932538374961766
1.9229479498543756e-11,0.9816314609840012,0.018368538996769303
0.0014197657313560538,4.077882319651566e-05,0.9985394554454473
0.9992079154440753,5.502286108102823e-16,0.0007920845559242791
0.9999998553331272,1.1819901069513318e-26,1.446668729271018e-07
5.578876935580864e-06,0.00032969177454956594,0.9996647293485148
1.0400720324518776e-05,0.004053213589896398,0.9959363856897792
4.99121712602919e-16,0.999992630224099,7.369775900575395e-06
0.9999982025298287,6.20201752663955e-21,1.7974701711932866e-06
1.3527882543981934e-18,0.9999991947316248,8.052683751810391e-07
8.193551380224097e-08,0.74889093999699,0.2511089780674962
2.3348038679519925e-09,0.9480123480032563,0.051987649661939805
8.442796680719537e-21,0.9999999966514959,3.3485040652076583e-09
0.980242269079937,1.3349373750674088e-12,0.019757730918728032
0.9985862428560068,4.711183878138208e-16,0.0014137571439927306
7.747986661018813e-08,0.7327035763338993,0.267296346186234
5.427031448590692e-05,0.0022807140213696097,0.9976650156641445
0.00231495482939555,3.6799259292912276e-07,0.9976846771780115
7.737848111131419e-11,0.977391051779828,0.02260894814279355
1.4592868143105034e-05,0.05908404437518876,0.9409013627566681
2.1495442309417845e-11,0.9888197544605004,0.011180245518004357
0.9864405978135733,3.9384312830124547e-13,0.013559402186032897
9.348216227567801e-18,0.9999999077014231,9.229857689397006e-08
7.895319048914149e-21,0.9999999873732514,1.2626748679301154e-08
0.9999996021239639,1.0706784280887108e-22,3.978760361443289e-07
0.9999999796427237,2.770113325167314e-27,2.035727635145967e-08
0.00020401741506822886,8.900553173971572e-06,0.9997870820317578
0.9999988403644997,7.599796399407706e-24,1.1596355002541939e-06
0.0017854555566615656,3.679877026057204e-05,0.9981777456730778
1.0457259249971482e-23,0.9999999996456155,3.5438458029731084e-10
6.73471842029636e-08,0.3661001594618822,0.6338997731909336
2.5918275074849143e-24,0.9999999998978228,1.0217705532956737e-10
0.0012502737697026242,4.6237635663296533e-07,0.9987492638539407
4.393857742136955e-09,0.4799126136188146,0.5200873819873277
0.9900082349566739,2.9401457627934853e-12,0.009991765040386019
0.06302668147146974,1.6239311028138675e-07,0.9369731561354199
1.1591314146007423e-23,0.9999999993857716,6.142284236019886e-10
0.056820813160415796,6.30145024792017e-08,0.9431791238250817
0.998625671846905,5.845852909007957e-16,0.001374328153094382
0.999999999828725,3.594546338600255e-30,1.7127490951682018e-10
7.007726518842343e-13,0.9999126889688249,8.731103047441664e-05
5.7268440969073e-06,0.03779573875139588,0.9621985344045072
0.9999999932233787,5.47653176563365e-25,6.77662121902047e-09
2.3272651615270216e-09,0.68300898433965,0.3169910133330849
0.0006876729661079244,2.765161106765198e-07,0.9993120505177815
0.90854410159488,2.00124193258239e-11,0.0914558983851077
7.93409743695659e-18,0.9999986309589024,1.3690410976782797e-06
0.9992969999167003,4.524114313105878e-16,0.0007030000832993926
1.8253213083360965e-26,0.9999999999539702,4.602975815701974e-11
8.08203413260947e-05,4.299228074550539e-05,0.9998761873779285
5.500855377418776e-13,0.9975298738840765,0.0024701261153735323
5.000085958231245e-09,0.9585271762865302,0.04147281871338386
1.762772618017454e-06,0.006923165971416741,0.9930750712559652
0.003333880756849059,3.7068096947024944e-05,0.9966290511462039
7.821286766403892e-13,0.9998535439462288,0.0001464560529890789
1.7029620638580448e-09,0.9640618181130146,0.03593818018402315
3.346417092664881e-08,0.3752289955949822,0.6247709709408469
1.9501493526753097e-05,0.33198878423716305,0.6679917142693101
7.705368644965312e-26,0.9999999999955023,4.4976925760233435e-12
0.12167818281724821,2.353012965927493e-08,0.8783217936526222
1.356604859487237e-23,0.9999999998004192,1.9958072194323045e-10
7.867632302190472e-13,0.9994000602363835,0.0005999397628298791
1.9785960532857634e-09,0.8306633796583524,0.1693366183630517
1.7701321954724555e-21,0.999999995613772,4.386228048146449e-09
0.018510065875485503,3.755193103078872e-07,0.9814895586052041
0.5249768548085656,2.3450264364976104e-08,0.4750231217411702
0.9911532315221814,6.745252535242362e-13,0.008846768477144077
0.0009171666455471607,4.9954936363145315e-05,0.9990328784180897
0.0007382377307548475,7.75529497914578e-05,0.9991842093194538
0.9999999960980057,6.499923517894228e-28,3.9019943206824136e-09
1.0532395618253379e-06,0.0056107889699691564,0.994388157790469
3.1514427564157643e-16,0.999995641953325,4.358046674910204e-06
0.999998542117724,6.4012214351059245e-21,1.4578822759154773e-06
6.407772413949361e-07,0.00828396680360907,0.9917153924191495
0.9999342457879349,3.3885417295918808e-18,6.575421206509236e-05
3.69240191695428e-11,0.9881053843997154,0.011894615563360564
0.9999999902961613,5.672472476066803e-27,9.703838758265127e-09
1.7435373691181205e-27,0.9999999999991178,8.822427886708498e-13
0.9999999999028797,9.910009484889038e-30,9.712025395596221e-11
0.999999979199159,1.6426955412971505e-26,2.0800841053425205e-08
0.002254831854892312,3.936323266974308e-06,0.9977412318218407
0.004992451508721676,3.5631777714528187e-06,0.9950039853135069
1.156956284288023e-12,0.9985296442580296,0.001470355740813459
0.9983145007890497,1.1788568281588418e-15,0.001685499210949114
0.03252134699329977,1.0611472741180077e-07,0.9674785468919729
0.9999999951089511,7.228285231882483e-28,4.8910488471769984e-09
0.07438994525672124,3.507803072827481e-06,0.925606546940206
0.9990746807068013,3.910086582447179e-15,0.0009253192931946827
1.3986756349521392e-05,3.228445239867452e-05,0.9999537287912518
0.007319479023279407,2.765934528607705e-07,0.9926802443832677
0.00027696984339992445,0.0010567910584921114,0.998666239098108
5.692415055647467e-27,0.9999999999987792,1.2208057566395236e-12
1.9472211596152415e-06,0.2363380918947577,0.7636599608840827
0.9742693172588526,3.3078780716654454e-13,0.025730682740816732
0.9943864420417194,7.686759054889935e-15,0.00561355795827275
0.017833599788410225,4.635088312774844e-07,0.9821659367027585
8.206297917522304e-05,0.0001119946698589707,0.9998059423509659
4.909609331411888e-09,0.8997351298553269,0.10026486523506391
0.007092596740769456,7.233978240798857e-08,0.9929073309194482
1.2323698169874986e-13,0.9999250955442422,7.490445563460183e-05
0.9459486271582421,3.587592353179909e-11,0.05405137280588192
7.347458745500027e-06,0.018074734614796664,0.9819179179264579
1.1505057034117621e-09,0.9647899685654897,0.03521003028400452
3.265474067450042e-08,0.8088900057846817,0.19110996156057766
0.06474189780925368,1.720998453722762e-08,0.9352580849807618
0.9999998961201645,1.2758557883035482e-24,1.0387983551746998e-07
3.392214490838313e-15,0.9999911398742147,8.860125781844077e-06
1.5066684151642605e-18,0.9999998544545675,1.4554543241295998e-07
0.0003052146160206,5.5011150181492634e-05,0.9996397742337979
6.583771637534794e-25,0.999999999974543,2.545696151160259e-11
0.9964531518321373,2.837976597537777e-13,0.0035468481675787053
2.6587639934234364e-08,0.7535323398374542,0.24646763357490595
3.799227625229181e-28,0.9999999999970719,2.9281313550260955e-12
0.997069710888427,1.330997317725896e-15,0.002930289111571667
4.392316753419725e-27,0.9999999999986422,1.3577331069242422e-12
0.00047402419800354273,0.00017698377714592058,0.9993489920248506
1.8362606205639747e-19,0.9999999392673969,6.073260295438678e-08
1.0103777264987031e-06,0.00072306143002173,0.9992759281922519
5.910075255693752e-28,0.9999999999991265,8.735714721704498e-13
5.2858706618682354e-11,0.9284404710665024,0.07155952888063896
0.9996618094272056,5.1645157866189073e-17,0.00033819057279430676
0.9998529201796171,3.6084702929988045e-16,0.00014707982038248698
0.9992588072666151,2.6136889716066924e-14,0.0007411927333587216
0.9998781573081243,7.921991208661085e-17,0.00012184269187564216
1.0448691150102468e-12,0.994810125936433,0.005189874062522007
7.265312846201335e-22,0.9999999920840609,7.915939224280656e-09
0.999820224750032,1.294553798387346e-17,0.00017977524996812283
2.063562700898378e-18,0.999999883097301,1.1690269894807101e-07
6.366229237427878e-12,0.9897832952737976,0.01021670471983621
7.792238718738109e-13,0.9995671285251111,0.00043287147410963847
0.9960612329932035,1.3407125924487012e-12,0.00393876700545572
1.0381793917020092e-06,0.04136143676202962,0.9586375250585787
0.9999960330192925,2.033551637113749e-18,3.9669807073719e-06
3.0722256326848465e-11,0.994685579082522,0.00531442088675574
8.354444077945132e-06,3.2267904676305584e-05,0.9999593776512458
0.9999999824940525,2.7814608109147893e-27,1.7505947442875466e-08
2.5135793600617034e-06,0.00041629303007558247,0.9995811933905644
0.9996618409116481,3.623401120603748e-15,0.0003381590883483003
0.9999999084318865,5.352936481251042e-23,9.156811347864166e-08
0.0007482901340046476,6.887295408742242e-07,0.9992510211364545
1.725178240128027e-17,0.9999923845083635,7.6154916365508695e-06
0.9999764156312126,7.8697144262196e-18,2.358436878733929e-05
0.9998462619858317,1.0916376693983157e-16,0.0001537380141682448
0.9947626804579085,1.8002045957489207e-14,0.00523731954207329
7.538537356229653e-07,0.1705391282531028,0.8294601178931617
2.3782511549601656e-16,0.9999948796688889,5.1203311109765836e-06
3.4816905732741293e-13,0.9984636328287352,0.0015363671709167689
8.263186365392516e-12,0.9980401436124849,0.001959856379251878
7.471173766694955e-17,0.9999938544597159,6.145540284117245e-06
7.520536021354521e-11,0.9737219921292475,0.026278007795547263
0.9999999987093415,1.0676333893429947e-28,1.2906585693713043e-09
7.9830507339844325e-28,0.9999999999993767,6.232185501454568e-13
2.5828188027043264e-06,0.02280571556237015,0.9771917016188272
4.734618930071239e-05,0.002691100312208225,0.997261553498491
0.0014882672795319333,7.194406117007209e-07,0.9985110132798564
0.9999937776294925,1.2650598908431916e-20,6.222370507476485e-06
0.9999999999651532,5.634091674027214e-30,3.484678668345693e-11
0.999894897664792,1.1416245607075414e-17,0.00010510233520794153
4.3323429628121385e-20,0.9999999916326755,8.367324621181193e-09
2.59884058795051e-07,0.007108616296425417,0.9928911238195158
2.5138528841254045e-18,0.9999979170330084,2.0829669915165935e-06
0.9999997369860768,3.3358359571460665e-24,2.630139230998339e-07
0.9999915288997738,1.7119657337403208e-19,8.471100226134875e-06
0.9999999747592663,7.411975491782608e-28,2.5240733679759804e-08
6.796951012029301e-08,0.8604988461771333,0.13950108585335644
1.37459823629042e-10,0.9880485984146741,0.011951401447866099
0.9999914950945058,7.497549414212856e-21,8.504905494162687e-06
0.009896992544866317,1.299104847698429e-07,0.9901028775446488
4.074657911405115e-05,0.0003917688315794752,0.9995674845893066
0.00011287317971401577,0.00014052836189674573,0.9997465984583891
7.4523750682579586e-06,0.012259651679176219,0.9877328959457554
0.0030733390594596365,0.00011029040456885954,0.9968163705359716
0.00026505222222527025,4.73152808690991e-05,0.9996876324969056
0.000417819656663046,3.8081993176489003e-06,0.9995783721440192
4.196912510888588e-05,6.451417709548663e-05,0.9998935166977957
3.659202708346039e-10,0.949012665789455,0.05098733384462463
6.258567890081749e-07,0.030023427125517622,0.9699759470176933
1.883148009418613e-05,0.05062361689425128,0.9493575516256546
0.010239473694161885,1.3023358651682926e-07,0.9897603960722515
1.3839920850043895e-06,0.138674717031438,0.861323898976477
0.9970445884487148,3.6029150571778035e-14,0.0029554115512490774
0.9999480653825381,1.8782698069979124e-19,5.193461746188309e-05
0.9999399238911497,5.244589491033038e-18,6.0076108850293076e-05
1.2069990372752225e-09,0.7727389436791985,0.22726105511380237
0.9999983652631658,1.5402045775753982e-19,1.6347368342302553e-06
3.4582620621865515e-08,0.6469549896828095,0.3530449757345698
8.218043957489901e-19,0.9999992534754278,7.465245721313e-07
1.2866886825600295e-05,9.223965615389624e-05,0.9998948934570205
0.9998139106510252,4.2001549897225115e-16,0.00018608934897440023
4.713860414412675e-14,0.9999194979260901,8.050207386287485e-05
0.999999996831453,2.3624913297279995e-27,3.168546917601795e-09
0.0026164788400881976,1.2228625499350568e-05,0.9973712925344125
7.544157082811242e-10,0.9581247649911196,0.04187523425446472
0.0003114248323250005,8.74184214312888e-06,0.9996798333255318
0.011740225292487937,1.7399005543265434e-07,0.9882596007174566
0.9998885183996166,6.014805030326425e-19,0.00011148160038344721
0.9999999881035234,1.1177834107204863e-27,1.189647650742533e-08
6.0415714451854845e-24,0.9999999998291758,1.7082421925456064e-10
0.9994725454091815,1.7753550199221418e-15,0.0005274545908166953
2.5535938750174806e-11,0.9941151972517356,0.005884802722728513
0.052447218576556584,1.0552326435685768e-07,0.947552675900179
1.943159162649318e-26,0.9999999999982778,1.722259761614667e-12
4.657702957773088e-19,0.9999996385047724,3.614952277044663e-07
3.228395474384948e-05,0.0013053083654359318,0.9986624076798202
0.002786497966985879,2.194232352111558e-06,0.997211307800662
1.8805252934770495e-10,0.9235453547292941,0.0764546450826533
1.3082478101569117e-20,0.9999999859545481,1.4045451876084703e-08
0.9998020300720031,9.920431520206718e-17,0.00019796992799704714
0.9762038229997463,7.835945639913794e-13,0.023796176999470096
1.4406857514405863e-18,0.9999996473108239,3.5268917595903907e-07
0.9909287394132685,1.3348771147040005e-12,0.009071260585396599
0.9999997933919849,1.4685734618673294e-23,2.0660801508461607e-07
7.237565536160675e-21,0.9999999485816962,5.141830385201664e-08
0.00019966550400068441,1.4481055580900609e-05,0.9997858534404185
1.5973810691221053e-06,0.21012588031383297,0.7898725223050979
0.9997946930228482,2.1071228257564013e-15,0.00020530697714991203
3.0293842325551484e-14,0.9996017596261606,0.00039824037380919785
0.9994262212890527,2.2208491335158126e-15,0.000573778710945017
0.0019118674136101579,6.239512213180653e-07,0.9980875086351685
2.005719919643112e-14,0.9998486567871188,0.0001513432128612684
0.9999999997528439,2.456356851162929e-30,2.471561102160494e-10
0.9998928269238512,3.1541559018079476e-17,0.00010717307614876866
0.9999999593671193,4.002903908479017e-27,4.0632880813752585e-08
5.649534960888026e-06,0.0028515592904102697,0.9971427911746288
1.404842457332532e-06,0.041456455050785594,0.9585421401067571
1.8730911822561275e-05,2.5040405774457306e-05,0.999956228682403
0.000540460642464505,2.3040765838415284e-05,0.9994364985916971
0.0005199117744149439,2.735678096146767e-05,0.9994527314446235
1.8163151398011748e-06,0.3573674000961418,0.6426307835887184
0.99993846858426,1.0183062032751872e-18,6.153141574006025e-05
1.755283020846906e-06,0.35438638790411675,0.6456118568128624
0.01145374513879819,2.2785095393574372e-07,0.9885460270102479
1.5248216353406678e-08,0.6322445079274337,0.36775547682435
4.095060208826978e-16,0.9999969440416238,3.055958375689812e-06
9.512131670325507e-24,0.999999999590643,4.0935700162944406e-10
0.0015742129663381637,5.725634396680285e-07,0.9984252144702223
7.058294777178803e-16,0.9999751759904739,2.482400952541534e-05
0.9999997270964961,5.217449987385802e-23,2.7290350395185213e-07
0.00026479898054748854,9.561749576755455e-05,0.999639583523685
0.9762636542899286,1.8884372478637347e-13,0.023736345709882624
3.601142737172036e-20,0.9999999732275999,2.677240013251833e-08
4.933572313495925e-06,0.051389575551244085,0.9486054908764424
0.9999999950031768,8.475765324878656e-26,4.996823203385492e-09
0.9999999988902788,2.511715875675771e-28,1.1097211394216902e-09
0.9999799460793297,1.7168225135051438e-20,2.005392067035534e-05
1.2391375540741068e-08,0.5855091997240142,0.41449078788461036
0.9999999999634459,5.127097340444503e-31,3.655407933563959e-11
0.9999482382422784,4.171137198752531e-18,5.176175772154286e-05
0.015431080122304128,1.5331332231459015e-05,0.9845535885454644
0.9992649968123539,9.079625912091342e-16,0.000735003187645306
6.908645369230082e-20,0.9999999213664545,7.863354543661186e-08
0.9999999987151749,2.8663098477417772e-28,1.284825080673752e-09
0.9999716183715631,6.432331063598543e-20,2.8381628436968667e-05
0.9999999950209799,1.8343603643442642e-26,4.979020115640618e-09
0.00010310949922885317,1.5218000567752587e-05,0.9998816725002034
4.980297119331136e-16,0.9999963239064246,3.6760935749555443e-06
4.724708822083248e-05,8.573459724660208e-05,0.9998670183145325
2.0136891476534245e-06,0.14401087959807396,0.8559871067127783
0.9995992082974205,7.365050414759515e-16,0.0004007917025787973
1.2081300945271807e-27,0.9999999999968907,3.109298551932682e-12
1.66798319709917e-06,0.0035515081063914517,0.9964468239104114
0.9999998193861541,3.673609209812428e-22,1.8061384590301452e-07
0.999986045037318,5.572257057184415e-19,1.3954962682020301e-05
1.0515818365792213e-16,0.9999966583787475,3.3416212525111314e-06
3.673180799587907e-17,0.9999991730451925,8.269548076279555e-07
0.013152026804452382,4.187713406769314e-06,0.9868437854821408
0.9999999717872493,9.198397259374741e-27,2.8212750653394286e-08
0.00010888840768345619,6.630429651540673e-06,0.999884481162665
0.9999956389105544,2.6332819936419063e-22,4.361089445649654e-06
6.661621218351691e-28,0.9999999999989884,1.0115533037774957e-12
1.4995290068860293e-06,0.10134943692939777,0.8986490635415953
0.9903883419924289,6.816246870018254e-13,0.009611658006889305
0.9810539450543824,1.339269288157425e-12,0.018946054944278364
0.008266015304944998,8.925478602197441e-06,0.9917250592164528
3.890213189825969e-07,0.009664874147264422,0.9903347368314165
6.558211982367711e-25,0.999999999903312,9.668800472175872e-11
3.4346399053507266e-26,0.9999999999850231,1.4976834004816864e-11
1.227650580323882e-05,0.0008804144371077702,0.9991073090570889
0.9980948519225123,1.2067939558159272e-13,0.0019051480773669134
4.614598150166304e-22,0.9999999956674339,4.332565979775984e-09
4.3286309328212596e-23,0.9999999997185156,2.8148442075942975e-10
2.791668205742488e-06,0.016423713000802177,0.983573495330992
0.9710067024749617,1.7869956251848658e-12,0.028993297523251364
0.0065432798078780665,1.2241288479982362e-07,0.9934565977792371
2.3456784621059148e-05,0.0008323112843349091,0.9991442319310441
3.57802910576327e-08,0.7539449876063375,0.24605497661337128
6.574413535029494e-05,0.0001666798529855654,0.9997675760116642
4.942012820058462e-11,0.9785484575803324,0.02145154237024735
5.94768852597942e-17,0.9999993603559817,6.396440182036209e-07
0.00011942531895938713,8.95165671056556e-05,0.9997910581139349
4.574013491629362e-12,0.9901493935395018,0.009850606455924168
1.727663285255994e-13,0.999814125893693,0.00018587410613436387
1.2859565641125566e-07,0.6932224629385356,0.306777408465808
9.189580199618667e-06,0.0005649163725962148,0.9994258940472043
3.7841384244060193e-06,0.0023958713315254997,0.9976003445300502
8.227497100327806e-07,0.34800130476813307,0.6519978724821569
0.0036938219911587964,4.074668924780874e-05,0.9962654313195934
0.018558881158357982,1.2303975344571317e-06,0.9814398884441077
0.9999995042991771,2.795626589632133e-22,4.957008229692363e-07
0.9999999974973752,2.199064412450226e-28,2.502624766297025e-09
0.9906534670645639,1.2337894222363569e-12,0.009346532934202323
0.9999070239221015,5.698360182034548e-17,9.297607789848718e-05
4.4856194822238775e-12,0.9989418095875665,0.001058190407947981
7.256219253901616e-15,0.999982435211795,1.7564788197801782e-05
0.030911383296508197,7.405964977184357e-08,0.9690885426438421
0.9995840439808525,1.2334434342287318e-13,0.00041595601902406546
0.9999764171179913,1.5285218329171462e-18,2.358288200874544e-05
5.850877685940935e-13,0.9988024187870901,0.0011975812123248032
1.1623304340809958e-11,0.9938972517838404,0.006102748204536289
0.996633384792727,3.558765084823481e-15,0.003366615207269384
1.6350393760433164e-16,0.9999945010814981,5.498918501685762e-06
0.9966841569067338,2.597039998853136e-14,0.0033158430932402256
9.906264573612999e-06,0.0010087248639476243,0.9989813688714788
0.9672198247134826,6.389101122231953e-13,0.032780175285878545
0.9999999991217223,1.2195430283529518e-28,8.782776284322284e-10
2.0623714057981785e-07,0.46191179809737576,0.5380879956654837
0.9997623725117191,1.7246250901353823e-17,0.00023762748828086888
6.371955129161504e-08,0.4186650884316734,0.5813348478487753
0.9999883681205968,1.016503954347095e-17,1.1631879403315587e-05
3.712233012840794e-15,0.9999941799539265,5.820046069695513e-06
0.002102660934588084,1.3965227524033027e-06,0.9978959425426596
6.545117467179038e-09,0.784228126517971,0.21577186693691147
2.143496241950166e-22,0.9999999977401426,2.2598572962279667e-09
1.855171818978016e-15,0.9998752641962324,0.0001247358037657072
0.9999999972753073,1.4097066258906108e-28,2.724692607236157e-09
3.363667091722725e-19,0.9999999260812104,7.391878961631873e-08
2.6748625739434486e-05,0.0034786445263207968,0.9964946068479398
3.5099314486842546e-21,0.9999999939132196,6.086780380195953e-09
0.9999994417153749,7.01113334930294e-21,5.582846250235015e-07
0.2664170075796744,1.7833888317991693e-09,0.7335829906369368
6.045252813206081e-20,0.999999966289959,3.3710040928811254e-08
0.9574959531048581,3.644247931335895e-11,0.04250404685869931
0.9998869050818843,6.316570545418248e-18,0.00011309491811563694
1.652057385276089e-06,0.015040138344065803,0.9849582095985491
1.7152520323386166e-07,0.8756420024919592,0.1243578259828376
3.742899064117364e-11,0.9897334856227276,0.010266514339843344
3.053260709709417e-21,0.9999999976683369,2.331663049335655e-09
1.0734481437270838e-13,0.9999010912518855,9.890874800717516e-05
3.024339663858371e-11,0.9983494224763452,0.0016505774934115103
1.1427571114403924e-06,0.0072184436486519695,0.9927804135942366
1.2413764118312197e-09,0.8527399850400355,0.14726001371858827
3.62116486207702e-14,0.9999210843837609,7.891561620277529e-05
0.0685867441220279,2.4648805620560668e-08,0.9314132312291665
2.062764711617743e-06,0.06290888320210955,0.9370890540331789
0.9999999738272958,9.15699244018939e-27,2.6172704305283198e-08
0.004960339548165436,1.0901062130390577e-06,0.9950385703456215
0.9975693904797882,7.238846383542911e-16,0.0024306095202111895
0.9999419154576973,1.0354290165337544e-18,5.808454230286336e-05
1.7864088272847053e-16,0.9999937159405347,6.284059465152811e-06
0.0009077239330252708,2.167008363545577e-05,0.9990706059833393
7.296071915413236e-05,0.0001088923108385373,0.9998181469700073
0.04414809977215098,1.8432327594469366e-09,0.9558518983846163
0.9877035021382492,1.4689567159749467e-13,0.012296497861603781
0.9999999603693037,1.9439512518232747e-27,3.9630696217941036e-08
0.9999999012152394,1.1122515189386556e-24,9.878476066867338e-08
0.3182438163715868,2.5795067884454814e-09,0.6817561810489065
0.001417009142030178,2.486143496816539e-07,0.9985827422436201
1.4032007498564797e-16,0.9999923488596988,7.651140300887616e-06
9.742490635229823e-28,0.9999999999974554,2.544585414147893e-12
9.339990052311346e-16,0.9999731740818818,2.6825918117295e-05
0.01985321553154995,7.025406084094333e-08,0.9801467142143893
5.959430481352937e-17,0.9999920718440938,7.928155906239097e-06
0.9960425902014487,8.355181835279269e-16,0.003957409798550443
0.9999976613249963,1.6995229965968405e-19,2.3386750035960603e-06
6.848034303501292e-11,0.9772704409589703,0.022729558972549486
4.626107174046673e-12,0.9990014175315507,0.0009985824638231598
0.999999999943459,1.1551363366060178e-30,5.6541081481019036e-11
0.9999999629742207,1.573997227675413e-25,3.7025779282282825e-08
0.9999855165087516,2.8543304652897446e-20,1.4483491248437587e-05
0.9999999979068834,5.122747585350092e-29,2.093116570629902e-09
4.563051010426892e-21,0.9999999854931743,1.4506825787263711e-08
1.1287792629539224e-05,0.04587887494395766,0.9541098372634128
2.9855802414773736e-13,0.999567773690313,0.00043222630938856004
0.9999969528723027,1.0333090749592486e-20,3.047127697374494e-06
0.9999999988086865,8.130321014821846e-29,1.1913135683289271e-09
1.5423211887524965e-06,0.4554722113468487,0.5445262463319627
0.005828646919111026,4.693837670256216e-07,0.9941708836971219
0.00039494724787949697,8.680006590522713e-05,0.9995182526862153
0.008979568162681405,7.415506724301329e-05,0.9909462767700755
1.063061427366909e-22,0.9999999990825672,9.17432698747302e-10
2.6671294694629392e-05,0.020223628619406863,0.9797497000858986
7.737230853049523e-16,0.9999891749451258,1.0825054873397181e-05
0.05569380446995283,2.685509610897371e-08,0.944306168674951
0.9999999752466706,2.9563330551286854e-27,2.4753329486663318e-08
5.771647564835946e-13,0.999598512509291,0.0004014874901318313
5.2285800437435744e-08,0.6742905237949917,0.325709423919208
1.8515300115687407e-16,0.9999892020885371,1.0797911462601095e-05
0.023338567455535836,3.534454080985981e-08,0.9766613971999234
0.008996015793274794,2.6554151112097395e-08,0.991003957652574
3.9539999991911145e-05,6.176470117882113e-05,0.9998986952988292
0.9982437178419302,5.408357671415934e-17,0.0017562821580697759
0.00010903541005669959,3.234498085289412e-05,0.9998586196090904
0.9978115548659651,1.4030230101243445e-15,0.0021884451340336264
0.0019893447997614408,4.897372610336306e-07,0.9980101654629774
5.122500078668832e-16,0.9999881138843958,1.188611560376745e-05
0.00043842314040877116,8.578390153368657e-05,0.9994757929580576
0.998549033757808,8.463457253816381e-14,0.0014509662421072435
0.09454897752571524,3.036060483806687e-07,0.9054507188682364
0.00017166679101549722,0.0005978560614085107,0.999230477147576
4.778386596893241e-08,0.5571885558402927,0.4428113963758414
1.891317654935271e-07,0.313542094904565,0.6864577159636694
0.00043838515801796504,0.00029706411336996537,0.9992645507286121
1.4905935591245357e-14,0.9999624518492037,3.7548150781310005e-05
1.962180931126553e-25,0.9999999999914191,8.580867230555983e-12
0.9999995770340601,1.5373474804604744e-22,4.229659399037949e-07
1.3996713814778715e-07,0.3562169691386289,0.6437828908942329
0.9999999967275146,1.3402931836099543e-26,3.272485488533622e-09
1.957099146635076e-24,0.9999999999469993,5.300064622706802e-11
1.7811219859713848e-06,0.12178244524743152,0.8782157736305826
6.0605076853058254e-21,0.9999999578424186,4.2157581438818185e-08
0.9999960663181172,7.951977853473839e-21,3.9336818827292025e-06
1.2168857251939541e-08,0.7528606398168858,0.24713934801425705
0.9969662100659779,5.302621295266764e-15,0.003033789934016742
1.1261483281129247e-18,0.999997566324758,2.433675241974924e-06
0.002103401235716089,0.00020096871273177151,0.9976956300515522
3.315037708393469e-09,0.9673732058870238,0.03262679079793855
1.0259569422251163e-14,0.9999504351768163,4.95648231735458e-05
1.207185964530426e-05,0.006601226193069307,0.9933867019472854
0.9998502547115513,1.7573275177363138e-17,0.000149745288448842
0.954982599522442,1.5422985933882694e-12,0.04501740047601571
5.8344059116433526e-05,0.0003376976765247458,0.9996039582643587
0.0015368420583089944,1.944362713956654e-06,0.998461213578977
1.4237467632919976e-12,0.980767127137565,0.0192328728610112
9.962193344533685e-11,0.9855018124786077,0.014498187421770338
0.9999999997054743,9.847174156371374e-30,2.945256868956684e-10
0.9999999994448081,3.698261594525982e-29,5.551918184678573e-10
3.125315564796527e-07,0.07328525271715514,0.9267144347512885
0.9999999798022909,1.3204597323765788e-26,2.01977091523313e-08
1.4473771394835748e-06,0.014806496984081716,0.9851920556387789
0.9999996437852702,2.932226878745243e-22,3.5621472992423173e-07
0.9999999999522327,1.3514682883142178e-30,4.7767262707209125e-11
1.019896222283985e-17,0.9999988808015567,1.11919844320749e-06
0.9998023267617897,1.0420487390007403e-17,0.0001976732382103111
5.147548000572683e-11,0.9529513901090775,0.04704860983944724
0.9994259963696233,4.524448789962988e-16,0.000574003630376294
0.002670883412217267,6.91790253783572e-07,0.997328424797529
0.999999999926557,7.675796409391023e-31,7.344298712478776e-11
6.838886322206464e-08,0.6987030385286901,0.3012968930824466
2.030368367699592e-07,0.7510035811371002,0.2489962158260631
0.0052667825479319865,1.6546079922493925e-06,0.9947315628440758
0.9999039057108785,2.8064010168666405e-17,9.609428912162412e-05
0.9949197284063446,1.2402231909766221e-12,0.0050802715924151524
0.05403433337665276,6.269024988026814e-08,0.9459656039330974
3.3414765832866177e-06,0.004328926646925356,0.9956677318764914
1.0322692451295939e-23,0.9999999994056747,5.943253191174159e-10
0.9999999993315489,9.589974121327987e-30,6.68451044015822e-10
2.4730033212530392e-14,0.9999536280363805,4.637196359477846e-05
0.0012213908894186834,2.8590099448646984e-06,0.9987757501006365
0.999371415988782,3.844340330214217e-18,0.000628584011218165
1.9064859940542412e-05,0.001153926196834592,0.9988270089432248
4.991536943594107e-19,0.9999999666304211,3.336957883294601e-08
3.269793420879698e-16,0.9999964314367602,3.56856323952276e-06
9.163351147548986e-22,0.999999986377456,1.3622544012576918e-08
0.9999999970535316,1.6764553536351473e-27,2.9464684004139873e-09
1.0999905033682155e-13,0.9997746344776547,0.00022536552223521972
0.00010363323325110337,0.006421266003094827,0.9934751007636541
0.9999911569878231,3.22402954421327e-18,8.84301217695242e-06
3.0725220466715953e-10,0.943433502535653,0.05656649715709489
1.2526366690589961e-13,0.9997272716840662,0.0002727283158085758
1.530895004563987e-14,0.9998903749598754,0.00010962504010937019
3.106096828633352e-14,0.9996356388867723,0.00036436111319664737
6.779913130330545e-14,0.9999788062913723,2.119370856001624e-05
0.9999998761920448,7.034742802866588e-26,1.2380795525547783e-07
0.9999999935986816,1.9052107701650185e-26,6.401318285526763e-09
0.9999999790109697,5.095589634384325e-26,2.098903020328852e-08
0.9999999931874022,5.417118820294862e-26,6.812597762727862e-09
6.262569136979174e-27,0.9999999999977358,2.2642235660708166e-12
6.651638566077949e-12,0.9957955902954012,0.0042044096979472175
9.534819531754093e-09,0.9601612230461503,0.03983876741903018
1.0338072435445774e-05,7.08984234785792e-05,0.999918763504086
0.0014688727328841232,3.600015976883701e-07,0.9985307672655183
0.9999999927113854,3.7933561477705496e-27,7.288614482035543e-09
3.135606736642758e-06,0.0035255388101981294,0.9964713255830653
0.017994411722955884,2.066142333684189e-06,0.9820035221347103
0.9802048572788188,2.517017363174978e-12,0.019795142718664168
0.9999911647968973,1.0011366205439544e-17,8.835203102827092e-06
0.9963857023279732,7.581291533685465e-13,0.0036142976712685605
0.0005593949439688926,9.907180351491967e-05,0.9993415332525162
9.235887426491781e-11,0.9391609059701543,0.06083909393748669
3.1139322064580675e-14,0.9999290856161559,7.091438381313297e-05
0.9935477427671849,5.530959788383061e-14,0.006452257232759658
0.9999999788318452,1.1312099468591422e-26,2.1168154873118525e-08
1.5228004063492576e-10,0.9628981848302579,0.0371018150174622
1.4832798651032653e-10,0.956432976722729,0.043567023128942894
0.9999999690690838,1.337980654849354e-25,3.093091612358083e-08
3.675646830338719e-19,0.9999999172416842,8.275831578317291e-08
6.711532351524245e-05,0.00011643534869552447,0.9998164493277891
1.7281008822405864e-20,0.9999999501345538,4.986544614020535e-08
1.5217732768629215e-05,0.00025494774052671655,0.9997298345267046
7.233921080694577e-10,0.9212226469543133,0.07877735232229455
0.002056263956812244,3.4157828730765846e-07,0.9979433944649004
0.0018612037481540934,9.486763066548244e-05,0.9980439286211803
1.6832064507774235e-11,0.9966207241505998,0.0033792758325682523
4.5573279772307705e-14,0.9999024327329474,9.756726700710535e-05
0.9999999989113644,7.601975145911207e-29,1.0886356077076713e-09
4.6494636081955016e-14,0.999878324467899,0.00012167553205452472
3.1695164962235047e-10,0.983822645124884,0.01617735455816421
0.3273924777881551,2.988351871639842e-08,0.6726074923283261
2.156113055568505e-06,0.16793230759775785,0.8320655362891866
1.065674063613343e-17,0.9999998272030756,1.7279692440497712e-07
0.000701527809035204,4.462645286151946e-08,0.9992984275645119
0.9999983775956011,2.3545023625304053e-21,1.6224043990103043e-06
1.3282422555311328e-25,0.999999999994845,5.155054884344391e-12
2.8164030590011813e-19,0.9999999324423278,6.755767213016659e-08
0.999876500330018,1.2598927611484458e-17,0.00012349966998208202
0.9997063805780607,4.531883088210567e-16,0.00029361942193888006
0.9998599444417294,1.740431800298238e-16,0.00014005555827048397
2.8185506002479875e-05,0.005012990681590993,0.9949588238124066
0.0010886410911416214,4.504362794408112e-06,0.9989068545460639
1.4107908308689809e-05,0.00949667644657694,0.9904892156451145
0.9999994301036167,2.1439880247320775e-22,5.698963832054905e-07
0.9999999998723876,6.26261633184859e-30,1.2761240634607357e-10
6.863953864795596e-10,0.9928747388779612,0.007125260435643376
0.9998102700991965,1.0298880410369671e-17,0.0001897299008034438
0.9996637303181413,5.097157017158517e-16,0.00033626968185837016
1.743786420683293e-17,0.9999979607009674,2.039299032780234e-06
0.09067021108382027,5.283633601154223e-07,0.9093292605528196
0.023552635528757478,1.836598765047073e-08,0.976447346105255
0.9997702726206912,1.585586684684636e-17,0.00022972737930880392
9.415534173893573e-23,0.9999999987224812,1.2775188660528077e-09
0.9996664578158692,3.1267680843026503e-16,0.00033354218413056365
1.5139243381586972e-15,0.9999665045255476,3.3495474450912535e-05
0.11383732406483188,4.844652267382628e-08,0.8861626274886455
3.027824068047025e-25,0.9999999999773519,2.2648151342364485e-11
0.00029613282547218724,0.0005900143460078443,0.9991138528285199
0.00026261749864160217,1.4664736422027863e-05,0.9997227177649364
8.742707053309088e-14,0.9996961849762971,0.00030381502361542616
4.428759388231638e-13,0.9996882072447505,0.0003117927548066346
7.053911177241434e-21,0.9999999907903653,9.209634689573629e-09
1.1046321781605871e-16,0.9999942239318794,5.7760681205444694e-06
0.0014738258978528819,5.111373478354245e-05,0.9984750603673637
1.07130758438956e-24,0.9999999999072238,9.277615740623176e-11
0.9992958003056867,3.890723499063394e-16,0.0007041996943127876
1.3669454205728598e-07,0.09602479333537173,0.9039750699700863
0.9999999996611542,7.240379253298556e-31,3.3884573735128203e-10
2.0097500426102932e-06,0.027193619181741378,0.972804371068216
3.804452006723207e-15,0.9999936864349183,6.313565077917176e-06
0.002634334996921267,2.0424763976227024e-06,0.9973636225266812
0.0006656770671220793,2.0989545083008835e-05,0.999313333387795
0.9999839883626304,2.1291815136179512e-20,1.6011637369490577e-05
3.00328810960888e-09,0.9946313086032678,0.005368688393444258
1.2261476936785814e-12,0.9990242415311582,0.0009757584676157721
4.1403103101227465e-16,0.9999953714505578,4.62854944161945e-06
6.233509047502569e-09,0.9483895378566096,0.05161045590988133
0.999999777830279,2.118161471265816e-24,2.2216972105351843e-07
0.8520200200741949,2.651071711497865e-10,0.14797997966069798
0.9772819821154695,2.4837038985254165e-13,0.022718017884282026
0.010450313366549328,4.27632112112787e-06,0.9895454103123296
6.308072139453009e-05,0.0003844127952753866,0.99955250648333
1.4490639064201954e-09,0.7867048300475794,0.21329516850335672
1.005116703276718e-15,0.9999855854573234,1.4414542675552735e-05
0.0009330911708080936,2.2087982502728625e-06,0.9990647000309416
8.174951957199355e-21,0.9999999925762899,7.423709967530124e-09
3.126866591779377e-11,0.9988984780040642,0.0011015219646671767
0.024507933228384796,5.817734508552161e-08,0.9754920085942702
3.802529474969039e-15,0.9999882676910293,1.1732308966902378e-05
7.27686604213711e-15,0.9999747761481638,2.522385182890235e-05
1.8641442657597995e-17,0.999997825296467,2.1747035330893037e-06
2.289137163185413e-05,0.007904513784447087,0.992072594843921
0.9999997950823718,1.0732866947516052e-23,2.0491762817373356e-07
9.821862351308249e-09,0.8201102616512372,0.17988972852690044
0.9999879247058914,1.6153637936728728e-19,1.2075294108512579e-05
4.361321754942076e-05,0.051285154562047595,0.9486712322204031
8.338021283974556e-21,0.999999984240765,1.575923506577062e-08
0.9999720964819148,3.720427698803953e-18,2.7903518085289354e-05
0.9998747678015935,4.617463983570815e-17,0.00012523219840646278
0.9883890204720758,4.551351541575574e-15,0.011610979527919637
0.9999843347356632,1.0107160983898467e-18,1.5665264336843904e-05
1.463697183793798e-07,0.09931185226892367,0.9006880013613581
0.00041302394607307756,0.00012512048465077572,0.9994618555692762
3.4126043570920993e-22,0.9999999991996762,8.003238097929795e-10
2.5269809047779684e-12,0.9983916775120024,0.001608322485470561
1.561156414914582e-09,0.9474529347217165,0.05254706371712701
1.6055608091807854e-13,0.9995986719539268,0.00040132804591285425
6.6904067873166916e-12,0.9887244409334983,0.011275559059811098
0.013408494824701096,4.7176055511230014e-07,0.9865910334147439
6.034048429432462e-21,0.9999999969834923,3.0165077129566664e-09
0.9961057070266762,9.69723415331025e-14,0.003894292973226894
0.0002589205734601135,0.0006007031832014825,0.9991403762433384
8.308163830685251e-22,0.9999999939430124,6.05698751301393e-09
0.011633719766754131,1.1512230444393537e-06,0.9883651290102013
0.9990412948799601,6.499406950787512e-16,0.0009587051200392961
6.9633020396960414e-15,0.9999823805373448,1.7619462648182804e-05
3.94759884744765e-09,0.9026405118577555,0.09735948419464557
2.1068511252837104e-19,0.9999999050379363,9.496206353695705e-08
0.9999858796116042,6.40801007772681e-18,1.4120388395826496e-05
0.9999917038855006,1.2687609841050446e-20,8.296114499284259e-06
1.5201305698221578e-17,0.9999914697467933,8.530253206557414e-06
0.9997175497877728,1.2341526545178548e-15,0.000282450212225804
0.9999999937998176,9.604415971966669e-28,6.200182242219144e-09
0.06380976292610065,1.3356136815863693e-07,0.9361901035125311
0.006135505254726228,1.3194984509764686e-06,0.9938631752468228
0.9990311009723886,8.682431498047866e-15,0.00096889902760284
0.9999987785139094,1.2237395500104851e-21,1.221486090598215e-06
0.9999127272225532,4.74792394830221e-16,8.727277744634348e-05
0.9999867076311008,2.0622792416688668e-19,1.329236889923109e-05
3.753482151257071e-20,0.9999999708679903,2.9132009802626635e-08
0.9975296393230707,2.0468128344482274e-15,0.0024703606769273163
4.633593092905398e-09,0.919506849906712,0.08049314545969465
5.966941962162301e-05,0.00014012765695579178,0.9998002029234226
0.9999979086694123,1.5721108530602433e-20,2.0913305878526914e-06
0.0007004295147303483,4.099886229925391e-06,0.9992954705990398
0.9999999999397695,7.18947932040754e-31,6.023050926832972e-11
0.9999999999164868,1.245085299973738e-29,8.351318356176891e-11
0.999978032722839,6.583167356968315e-20,2.1967277161082762e-05
0.999979554588009,1.1887588012759926e-19,2.044541199086176e-05
0.0002025072602323003,6.775178463209485e-06,0.9997907175613046
4.1425105321218325e-15,0.9999187992180011,8.12007819948105e-05
0.999999985842609,1.973416630572484e-27,1.4157391051413588e-08
3.3664983036935147e-17,0.9999992077612815,7.922387184877981e-07
0.00010311414960293417,0.0007697879478547189,0.9991270979025423
7.082242287070168e-07,0.4517356298217943,0.5482636619539771
3.2586317340767904e-21,0.9999999745601889,2.543981118593213e-08
3.2040165406888646e-09,0.9778160561268902,0.022183940669093342
1.2634323669932748e-26,0.999999999998,1.9998693416389113e-12
0.9999999995431477,2.1434155953941266e-29,4.568522735497607e-10
0.9999999602538407,7.970996625838059e-26,3.974615929542012e-08
1.8384368476036685e-10,0.9650715105338352,0.034928489282321125
0.9999999981372774,1.5034832599747079e-28,1.862722637645805e-09
6.342585467275286e-14,0.9998122459879418,0.00018775401199462339
0.9987066339909754,1.64695033265616e-14,0.0012933660090081805
0.0004966281864571349,1.2307230721690777e-06,0.9995021410904708
9.907142175347655e-12,0.9981129200456873,0.0018870799444055887
8.816943873865253e-24,0.9999999989292239,1.0707760335573843e-09
3.1962470519928687e-05,0.004243175425985933,0.9957248621034942
0.00018041920927379656,6.560931113053862e-06,0.9998130198596131
2.1595686336309098e-07,0.17012926174835627,0.8298705222947804
0.9999999907463216,2.0136933382705275e-27,9.253678328613453e-09
4.423799770456865e-26,0.9999999999896103,1.0389784653966096e-11
0.9999917645693097,2.1100112256247934e-21,8.235430690345013e-06
1.5004362534638433e-06,0.004309326528556041,0.9956891730351904
2.7749534345692732e-25,0.999999999907669,9.233113814469858e-11
5.617682850649471e-13,0.9997124245868956,0.00028757541254266706
3.125482172052033e-13,0.9988291791412651,0.0011708208584223423
6.571154590450896e-07,0.022143537320799486,0.9778558055637415
1.3403310154325211e-11,0.9995434023829629,0.0004565976036336177
3.079395091561149e-08,0.7239825752532318,0.27601739395281727
5.153154692768504e-14,0.9998129352802168,0.00018706471973183486
0.9999999999581821,3.950594908320584e-31,4.1817946958200155e-11
9.513584637882761e-05,0.011281073593610653,0.9886237905600106
1.9619087765951424e-24,0.9999999998736029,1.2639705192858924e-10
1.2129797432740922e-07,0.010174799539147556,0.9898250791628782
0.000648778160341015,4.311984386447117e-06,0.9993469098552725
0.0020192491603059984,1.950727961563501e-06,0.9979788001117323
3.711150605250829e-12,0.9967759506824938,0.0032240493137949697
2.8043943875776714e-13,0.9999219580712241,7.804192849547095e-05
0.9999534624949473,1.3331016554573092e-15,4.653750505135905e-05
9.009111685124949e-06,0.01108152256496246,0.9889094683233524
2.6400650500990712e-11,0.9986615214400691,0.0013384785335302022
6.234231272260446e-07,0.006841655295411187,0.9931577212814615
3.126704377315401e-06,0.10839741141753537,0.8915994618780874
0.9999999841179077,1.004757676964527e-24,1.588209236504844e-08
0.9999999700014581,3.866490975889786e-27,2.999854177643132e-08
0.002376360869924564,7.033800540568557e-07,0.9976229357500214
0.9999176087944532,1.371398562058912e-17,8.239120554688381e-05
3.9118405149802705e-22,0.9999999995776132,4.2238687904744205e-10
4.8503709082197934e-18,0.9999995308724046,4.691275954545888e-07
0.027597463061194684,2.1404772186138024e-07,0.9724023228910835
0.9995423052566049,1.062939192936223e-14,0.00045769474338444875
2.600678928575328e-05,0.001844775821570741,0.9981292173891436
3.880377166853137e-05,0.0017673170248347998,0.9981938792034968
0.9992447331305575,3.509245467903991e-15,0.0007552668694389402
0.9999469517508738,1.022918456050806e-16,5.3048249126291114e-05
0.9999999998788138,8.374205223385533e-30,1.2118611658904664e-10
0.999782166863266,1.136792987573633e-16,0.0002178331367337011
0.9999999919673653,2.3860146486523047e-27,8.032634770461472e-09
3.014886110100127e-18,0.9999976952149442,2.3047850559528863e-06
0.0013669287367119776,3.313325110216219e-06,0.9986297579381778
5.409213829285495e-09,0.8984110153678438,0.10158897922294237
0.0006286899263606465,3.282994184479905e-06,0.9993680270794549
1.136657733814811e-12,0.9986671473957606,0.0013328526031028637
0.007898249199461749,3.265550151435397e-07,0.9921014242455231
1.3133498200660921e-21,0.9999999969186328,3.0813671256609603e-09
3.4674589344739143e-18,0.999998639021475,1.360978524944416e-06
0.9675474651524847,3.7505489631543805e-12,0.03245253484376468
8.295791144135365e-16,0.9999830100355069,1.698996449219444e-05
0.00013507631270608483,0.0015542145737461727,0.9983107091135478
3.4942433078654116e-25,0.9999999999688962,3.1103745507326037e-11
5.4089181773484877e-20,0.9999999788334961,2.116650382114062e-08
3.7099300563560973e-16,0.9999932525155949,6.747484404656074e-06
3.172575889066303e-12,0.9992329789079067,0.0007670210889206939
6.376032978568823e-19,0.9999984118064406,1.5881935593391864e-06
4.798857573946041e-09,0.6037290378679565,0.39627095733318585
4.180749817006223e-19,0.9999995236709509,4.763290492199686e-07
0.9928105893556886,3.703164195870746e-14,0.007189410644274441
0.999974946191553,1.531287129264952e-18,2.5053808446928026e-05
0.999999958396024,4.910184393068889e-24,4.160397608396112e-08
0.003722559366626882,2.3717001309539964e-05,0.9962537236320635
0.0012254886008857921,1.8376149412402858e-06,0.9987726737841729
9.620674796937063e-22,0.999999998915974,1.084025995278763e-09
0.9999999999729079,2.038413219677958e-30,2.7091999836381078e-11
6.599587687231774e-14,0.9996838419931431,0.00031615800679103803
0.00014338370263987783,1.3961882641945007e-05,0.9998426544147181
0.009715913276007482,1.6391349974438153e-07,0.9902839228104927
0.05258233502599698,1.8061442846564238e-07,0.9474174843595745
1.665927909200466e-07,0.337686386668514,0.6623134467386951
0.9999965899454231,2.8797482093830765e-21,3.410054576995123e-06
0.9999960601401475,2.5347784121598035e-21,3.939859852570927e-06
1.2505634320101701e-12,0.9997841975989487,0.00021580239980078375
0.9998045297535425,4.146425912128038e-17,0.00019547024645753152
0.9983722153467081,5.4303452893149797e-14,0.0016277846532377167
0.9759589577862374,7.825990368791824e-13,0.024041042212980045
0.9999999627812728,2.2852253641411496e-27,3.7218727083334066e-08
0.00033703838538381363,0.00010340799781374167,0.9995595536168024
0.9999997493992245,1.9048734963283217e-23,2.5060077555621063e-07
1.8486377760537558e-05,0.0006552745315369598,0.9993262390907026
0.9960604712722664,3.853591029333335e-14,0.003939528727695133
0.00015604837320622763,0.004396424076519675,0.9954475275502741
4.898326418775925e-15,0.9999607516813954,3.924831859970956e-05
0.00022034869170717657,1.0303776202168574e-05,0.9997693475320906
0.9999719925873076,4.1246782092329335e-17,2.80074126923349e-05
1.2432287840573823e-06,0.5360002290639817,0.46399852770723427
0.0002207441959622077,2.1936254761304793e-05,0.9997573195492765
0.027140248120365862,6.315025245969028e-07,0.9728591203771095
0.9999998709892464,3.6127111222530796e-23,1.2901075372666768e-07
6.316574252282829e-06,0.0009043125811124067,0.9990893708446353
0.0002386950046015264,4.3737286713388645e-06,0.9997569312667272
7.729325390893084e-11,0.9772522663404909,0.02274773358221573
0.9999175405628323,6.0739592604321505e-19,8.245943716768399e-05
0.9999983607121269,1.6866539340977407e-22,1.6392878731733924e-06
4.021408466711081e-08,0.3074715523194436,0.6925284074664717
0.9999999998323397,5.785815193257134e-29,1.676603799857385e-10
4.364791502392293e-13,0.9997742738484997,0.00022572615106379633
6.037806726539315e-18,0.9999999197766831,8.022331692685182e-08
1.53726333451119e-06,0.09362899214359673,0.9063694705930688
0.9999999998505142,2.9251802411926437e-30,1.494857581158377e-10
0.9999999999170921,6.0005231930887014e-30,8.290799530039193e-11
2.1484027141082533e-19,0.9999999228971681,7.710283197018713e-08
0.0007829656091049255,1.5686820588308856e-05,0.9992013475703069
6.388902350939634e-07,0.0684428924442365,0.9315564686655284
0.9999988617097796,1.2540871244415073e-23,1.138290220366511e-06
0.00037053339497260186,1.936570527846086e-05,0.999610100899749
5.466557498821398e-05,0.0008466658216834387,0.9990986686033283
3.055415976129157e-06,0.06598390639514813,0.9340130381888757
0.009278919116269801,1.3935964424108565e-07,0.9907209415240859
0.9999991164869705,9.995163556283601e-23,8.835130294951532e-07
5.62434445556124e-14,0.9999440444344391,5.5955565504811234e-05
1.5343858253606628e-06,0.3863660803653413,0.6136323852488333
1.1716246732386972e-06,0.005794518166508687,0.994204310208818
2.4687288682266847e-12,0.9994928264127051,0.0005071735848261136
0.9999998959927497,1.879729325378714e-23,1.0400725028160346e-07
0.9999931818025782,4.482983762656755e-19,6.8181974217646675e-06
0.9996985901282553,2.564588519789452e-15,0.00030140987174196246
0.06902610699319625,8.104499387689372e-09,0.9309738849023044
0.9906890910869908,7.364120989915721e-14,0.009310908912935597
2.1699178755183168e-05,0.00040498270960620726,0.9995733181116386
0.036899923539842,7.065662179220151e-08,0.9631000058035362
3.91417505013142e-10,0.9942769816075979,0.005723018000984687
3.738760556807866e-05,0.00333370852962656,0.9966289038648054
2.681747028535357e-07,0.3630765071470512,0.6369232246782458
4.473057546482119e-19,0.9999999723384893,2.7661510655498478e-08
0.0002829449441883358,9.138154995973767e-05,0.9996256735058519
0.9999998219850076,2.2201703707503914e-26,1.7801499245577783e-07
9.515231130976677e-05,9.66347078024193e-05,0.9998082129808877
7.052943737022824e-05,7.417711620462885e-05,0.9998552934464252
2.0422808810952878e-14,0.9999386000424265,6.139995755309535e-05
0.9906861393423566,2.49799027687211e-13,0.009313860657393511
1.575490128444486e-06,0.0048663423452328745,0.9951320821646386
0.000168026739833648,0.002241767475783596,0.9975902057843827
4.280897364226421e-20,0.9999999896462429,1.0353757061252757e-08
0.9999991772098309,3.5671239068867177e-23,8.227901691048239e-07
0.9999999036936122,4.904953901295906e-24,9.630638790404324e-08
3.130857698142163e-13,0.9984040363932974,0.0015959636063895655
0.019971768118500172,1.841165008093057e-05,0.9800098202314188
0.9999997742080643,1.1519837956669971e-23,2.257919357569619e-07
6.983870103590522e-24,0.9999999989979416,1.0020583711462094e-09
3.3700293514359924e-12,0.9986304571663657,0.001369542830264292
0.9963874559188124,3.280186211346835e-13,0.0036125440808594668
1.3851037913085578e-15,0.9999903719186901,9.628081308523018e-06
4.535103397229432e-15,0.9998974483945758,0.00010255160541974434
1.0817596919542418e-13,0.9998780768745874,0.00012192312530440997
1.9134373014886903e-13,0.999044702083867,0.0009552979159416914
0.9996927364371848,8.989156905924696e-15,0.00030726356280638586
2.1851143294557048e-05,0.00018459929860382358,0.9997935495581015
3.0207402076973386e-18,0.9999985879629326,1.412037067290026e-06
0.0005140638795208078,0.00034648951403863626,0.9991394466064405
0.0001548603078435322,2.642062631113239e-05,0.9998187190658452
0.0001233604991722962,2.0626960429006785e-06,0.9998745768047848
1.6984386395881267e-06,0.030635506896150015,0.9693627946652105
6.102254173128007e-16,0.9999442742379292,5.572576207014263e-05
1.8177491623317256e-16,0.9999939271783016,6.072821698219416e-06
0.9925882607484338,4.7597541536616274e-12,0.007411739246806648
6.72384763455864e-10,0.9874942143536659,0.012505784973949333
3.3916810935656726e-07,0.019655533637162735,0.980344127194728
0.9999988453746684,6.077508738271477e-22,1.1546253314703405e-06
0.9999961862429745,1.7706662552303255e-22,3.8137570254491503e-06
1.4088704070959664e-20,0.9999999899752098,1.002479026485205e-08
0.2925760097335598,2.4012857847325186e-09,0.7074239878651545
0.9999999985730763,2.850980383073541e-28,1.426923618861737e-09
3.1980386204375335e-26,0.9999999999886626,1.1337290083507806e-11
0.0001572043311099484,0.00032106816721539613,0.9995217275016748
0.9999999894528727,4.0591892063702696e-25,1.0547127352204388e-08
6.526717966005615e-20,0.9999999836524252,1.634757480361077e-08
0.9995843792521913,1.7655384076944576e-16,0.00041562074780845216
3.610577402092697e-20,0.999999978621227,2.1378772957510352e-08
0.985542047986316,9.891862158202344e-14,0.014457952013585169
0.18738249307418703,6.870543254733114e-09,0.8126175000552698
1.3963963018116767e-07,0.42616496648376445,0.5738348938766052
0.00034772461526800196,0.00044515462036874586,0.9992071207643631
6.360620230318148e-10,0.7898536240380947,0.21014637532584327
5.680007617760786e-10,0.9755220241902434,0.024477975241755906
2.9367067078305264e-09,0.9570529721793833,0.04294702488390985
0.9999999781553639,3.7834292114261063e-25,2.1844636051364767e-08
2.452855735506057e-05,2.3541904817068313e-05,0.9999519295378279
0.9999305121085338,2.564556216677089e-16,6.948789146599267e-05
0.0023258478638404,2.1393708471482387e-07,0.9976739381990749
1.1246048634745053e-12,0.9981661546734637,0.0018338453254116616
0.9998341663450914,2.796835350189947e-16,0.0001658336549083519
0.9739960160585022,3.6003255120536336e-11,0.026003983905494587
4.4339149870156184e-16,0.9999659122488184,3.4087751181114186e-05
3.297043216880582e-09,0.9828114420058925,0.01718855469706423
0.9999997677245973,1.9222454266516856e-23,2.3227540261553875e-07
4.905309642034273e-07,0.018174872345062393,0.9818246371239735
5.200894225053459e-05,2.1625735489167003e-05,0.9999263653222602
2.1015594904410657e-17,0.9999909437976293,9.056202370712303e-06
0.012694634262477808,1.2203476168476641e-08,0.9873053535340461
0.006145527370359607,9.247547267735616e-07,0.9938535478749136
0.00022450534013509498,1.1845809678461807e-05,0.9997636488501864
0.9999999997604678,3.544154460777795e-29,2.395321191603689e-10
1.1611885880278047e-24,0.9999999999239686,7.603135961247514e-11
0.9974601170804784,1.5670784184548293e-14,0.002539882919505831
9.971303202570874e-07,0.016044129753496936,0.9839548731161828
1.160813564971735e-16,0.999996903702954,3.096297045717274e-06
1.6896067747581073e-10,0.9885126278088386,0.011487372022200563
0.9952690487638249,5.210459502176662e-15,0.004730951236169638
0.9999753129677441,4.17741781165217e-19,2.4687032255804204e-05
4.761656769854841e-14,0.9998969310720356,0.00010306892791699981
0.000192243536771633,1.0178033304752658e-06,0.9998067386598978
2.342775633326748e-09,0.9693172228873569,0.030682774769867405
1.808906647146412e-11,0.9782814085058581,0.021718591476052693
3.3480140640034203e-16,0.9999952056152515,4.794384748066198e-06
0.005834820745078374,6.224143618234278e-07,0.9941645568405598
0.001095398962996303,6.008034655771977e-06,0.9988985930023478
2.7743753552034083e-21,0.999999996860949,3.1390509607816596e-09
0.14268692138952305,1.070399135692487e-07,0.8573129715705634
0.9998801631521638,2.0554623216744602e-17,0.00011983684783611987
1.887721617554692e-22,0.999999999372498,6.275020563922751e-10
0.9999999956423886,1.551373031480284e-25,4.357611410770412e-09
0.9984461455383821,1.5693133841828164e-13,0.001553854461461016
4.1471454434884414e-12,0.9976402147726043,0.0023597852232485144
0.016394557937438676,3.249140943844962e-07,0.9836051171484669
1.2437035756475628e-16,0.999998972515565,1.0274844347095072e-06
7.421828130767843e-24,0.9999999993852269,6.147731400319331e-10
0.5591390769152461,5.905141835761098e-10,0.44086092249423964
0.9999999471873692,9.945488093458089e-24,5.281263071392679e-08
9.473241170727456e-19,0.9999999391884234,6.081157641831764e-08
7.408613966370409e-06,0.0012108205443034732,0.9987817708417301
0.03214039358242659,1.1496774819090192e-06,0.9678584567400915
0.9945697953133523,2.44861400131505e-13,0.0054302046864028106
1.7110522756929863e-11,0.9949764217961508,0.005023578186738699
5.259187323357458e-21,0.9999999877129183,1.2287081589565857e-08
3.6616277553573116e-24,0.9999999998216884,1.7831162776866686e-10
7.792871913113487e-14,0.9999075048786514,9.249512127057477e-05
3.520799951785287e-27,0.999999999998477,1.522912750638594e-12
0.999999951475321,4.631167176776957e-24,4.8524678927805304e-08
5.369800076680737e-13,0.9993695647670751,0.0006304352323878997
1.4016081440993947e-08,0.8682367109951534,0.1317632749887652
5.70432158746069e-10,0.7167693812264407,0.2832306182031271
1.755287611227311e-16,0.9999816566628061,1.8343337193635563e-05
3.371017379039764e-05,0.0006217680204447572,0.9993445218057649
0.9728963626222318,2.06467805542767e-13,0.027103637377561822
5.0525715857858446e-05,0.0005726106598667108,0.9993768636242754
2.735141120586717e-20,0.9999999955590391,4.440960987335581e-09
0.9999980159616397,4.2312474957585156e-20,1.984038360167169e-06
0.0009808189162494596,0.00027598839657403654,0.9987431926871765
1.2276311768165936e-08,0.52071625745533,0.47928373026835813
6.720706357508631e-05,0.000830216653924866,0.9991025762825001
1.151927791778401e-06,0.003674494779340899,0.9963243532928673
0.9997429235179828,6.68636419778468e-16,0.0002570764820165601
0.026680408204648648,5.205775935545031e-07,0.9733190712177577
2.985995174112547e-05,0.004042770078738286,0.9959273699695206
0.9999999523425969,2.85729334656181e-25,4.765740318079652e-08
2.5224472666503378e-05,0.0006451841568111858,0.9993295913705222
2.3610138344029498e-17,0.9999989590102197,1.0409897803511276e-06
0.9999996390112169,2.1606052784460162e-23,3.609887830205874e-07
1.2889336426345808e-18,0.9999995669091141,4.330908859816973e-07
0.9999999953580525,1.9352884278905177e-26,4.641947425810268e-09
0.0020456623787797525,5.058452361883655e-07,0.9979538317759841
3.05563430017829e-24,0.9999999999423439,5.7656133337226726e-11
0.9982049092966971,4.2752129990879546e-16,0.0017950907033023723
0.9979154423225655,9.142610174942869e-13,0.0020845576765203106
0.993563499189214,1.0901374526529671e-12,0.006436500809695885
0.9999999996762705,3.449291376457211e-30,3.2372937747890963e-10
1.7545810280702677e-20,0.9999999768891391,2.3110860903328507e-08
0.9999982264080783,1.373690718375018e-20,1.7735919216348597e-06
7.71509841218528e-26,0.9999999999867502,1.3249745579414295e-11
0.999999999945629,3.924404537405473e-30,5.43709317617729e-11
7.985040139126992e-10,0.9729895335890878,0.027010465612408274
0.9997667783940337,1.027003265567446e-18,0.00023322160596634363
0.0003436271062178223,0.0001380011589564574,0.9995183717348257
6.0149546840900205e-06,0.014904813187955761,0.9850891718573601
0.005380927227184752,5.2229923810833244e-08,0.9946190205428914
0.9999999996064828,1.2097503007826768e-29,3.935171337062778e-10
2.1804977562611293e-12,0.9931528169090516,0.006847183088767948
2.4442449089099307e-11,0.9953125187459997,0.004687481229557814
0.9999999944515443,9.520188887413141e-28,5.548455654771326e-09
0.9999999995866367,9.634818577355875e-30,4.1336344206008823e-10
0.0019823753339566915,5.977378356884671e-06,0.9980116472876864
0.9933795422819639,3.2527757276530903e-12,0.006620457714783254
0.8607089452733829,1.3061092944528664e-11,0.13929105471355607
1.7237973442915732e-09,0.7165870097318672,0.2834129885443355
0.9999992717328271,6.447700158031707e-21,7.282671728148201e-07
0.0028113955430303476,4.293773843920481e-05,0.9971456667185306
0.9874251147175221,7.664796874636514e-13,0.012574885281711214
6.743336331434833e-07,0.02240245059116831,0.9775968750751985
0.002036151815645801,2.0485332632727667e-06,0.9979617996510909
1.7916888326551295e-05,0.04184161855705443,0.958140464554619
0.9993000158513281,7.819430404109945e-16,0.0006999841486710292
0.9811919809226141,3.7914339091418535e-12,0.018808019073594688
1.4701262336857869e-09,0.8828612788931753,0.1171387196366984
3.1077202036848285e-05,0.023303525569938907,0.9766653972280243
2.2507691013182395e-26,0.9999999999960885,3.911467570121585e-12
1.0216574414690705e-06,0.05698233289126088,0.9430166454512977
1.15347493379715e-25,0.9999999999951215,4.8785016006811965e-12
0.9999999995362976,4.6510683739970934e-29,4.637024556935405e-10
1.0050523822959311e-15,0.9999787162291189,2.1283770879965323e-05
0.9991510968901801,4.209820213521578e-16,0.000848903109819328
1.1108155874145549e-11,0.9987747403310165,0.0012252596578753794
0.008040771239558526,2.9785068478411493e-05,0.991929443691963
0.9961712278149806,5.923754901562175e-13,0.0038287721844270112
2.6854296908366558e-27,0.9999999999984368,1.5632444001203903e-12
6.491368564217979e-12,0.9990220447016791,0.000977955291829621
1.5815661417151895e-20,0.9999999645656222,3.543437781102223e-08
0.9999492889001252,3.8387820408862735e-18,5.0711099874634824e-05
3.912128641377012e-18,0.9999995392829255,4.6071707448246334e-07
1.2029714045994465e-06,0.06113628686018399,0.9388625101684113
0.9999812266888277,3.035863304004229e-19,1.877331117229031e-05
1.644362069180053e-05,0.04946012683461016,0.9505234295446979
5.181902936950452e-06,0.008509215061662249,0.9914856030354009
6.244080627966296e-27,0.9999999999992619,7.380322369104216e-13
0.0013167740490650144,1.3097274516535866e-06,0.9986819162234833
0.986101667006927,3.4099756105268825e-12,0.013898332989662978
0.2639599647819445,3.003479033368302e-08,0.7360400051832651
0.999999985307771,1.3642494958846178e-26,1.469222903486822e-08
2.4640192463644555e-07,0.8404380215012786,0.15956173209679675
5.787228065199922e-12,0.9972781456456452,0.0027218543485676297
0.010123810599799865,1.7317955857436042e-07,0.9898760162206415
0.9999978162478845,1.7658873036742576e-21,2.183752115413821e-06
0.006334495758663956,1.0623018508239616e-06,0.9936644419394853
0.999999236893015,4.864568261499661e-23,7.631069849300333e-07
3.6100971671403393e-26,0.9999999999352667,6.473335575138412e-11
7.01283034759071e-14,0.9971561934880947,0.0028438065118350894
9.571822058985914e-12,0.99915081829383,0.000849181696598313
3.275000507930964e-23,0.9999999990076833,9.923166127003492e-10
0.9954037963061312,6.552053270155778e-14,0.004596203693803343
8.679574823454718e-20,0.9999998256521703,1.7434782980256653e-07
0.9999999956950227,6.714150521217652e-28,4.304977168035343e-09
1.3858133870260493e-21,0.9999999854750943,1.4524905767681154e-08
1.374138096550033e-06,0.01747816515819622,0.9825204607037072
1.2047734624115735e-05,0.038258654746018445,0.9617292975193573
2.6195269313451996e-12,0.9986987092454178,0.001301290751962606
6.98964880871782e-18,0.9999994571366668,5.428633330427572e-07
5.129109330814981e-27,0.9999999999976616,2.338273487856278e-12
0.9999998884609544,5.216364940743938e-26,1.1153904554139426e-07
5.351851935422432e-05,2.822968184640585e-05,0.9999182517987995
6.794181429370618e-10,0.9796797218298939,0.02032027749068798
3.355753660784129e-10,0.9243138251416135,0.07568617452281101
0.00034738608367990896,0.0005359665132310253,0.9991166474030889
0.9979557082395419,7.501082917476747e-13,0.0020442917597079005
6.011930256305885e-15,0.9999765581457661,2.3441854227937902e-05
1.6367942085396963e-06,0.09677850030297874,0.9032198629028126
0.9999382673255856,2.0393141008831735e-17,6.173267441446898e-05
1.1986982629877637e-09,0.8850684536154863,0.11493154518581544
0.997920270649553,1.1969481465001575e-13,0.002079729350327218
0.999950654759367,3.1226486405850448e-18,4.9345240633036124e-05
0.9999813597482407,1.2217782008539052e-20,1.8640251759281548e-05
6.5311198935446346e-09,0.9608136624770188,0.03918633099186119
2.4292292151179373e-22,0.9999999972913209,2.70867895718394e-09
1.8371070684364347e-19,0.999999771018764,2.289812360031297e-07
0.9999994661453845,6.448241868505909e-22,5.338546153972182e-07
0.912343882231122,4.6814180734301084e-11,0.08765611772206379
9.698049868899325e-09,0.6182943305372145,0.3817056597647355
3.729222305787357e-21,0.9999999888374397,1.1162560329950742e-08
4.452720275875864e-28,0.9999999999986531,1.3469667586453396e-12
2.935803866786298e-13,0.9987821546234458,0.0012178453762607007
0.5961424132329466,6.233622746492458e-10,0.40385758614369105
1.4888806375283856e-22,0.9999999991212867,8.787134248934844e-10
0.9969855851626483,1.2766354549953775e-14,0.0030144148373387027
4.1258154508621055e-15,0.9999304916762594,6.950832373632514e-05
0.9999999983959589,3.3094852139615277e-28,1.6040411272493923e-09
0.9998982922585005,1.1155522284114767e-17,0.00010170774149957628
0.9943505615099778,4.862406440131453e-13,0.0056494384895359575
4.7366330870481756e-05,0.013923318767450328,0.9860293149016791
3.5167550448718674e-15,0.9999722584175547,2.7741582441807438e-05
0.0031919606172403,6.260103299121151e-08,0.9968079767817268
0.9999999996845239,3.360344227159825e-29,3.1547614152735933e-10
5.024428891684376e-20,0.9999999911547758,8.845224284945157e-09
2.0047723040676e-07,0.6037292577126993,0.3962705418100703
8.718537250790325e-21,0.9999999805435612,1.9456438661493503e-08
2.612605126925657e-09,0.9565810635198393,0.04341893386755548
0.9999999424599946,2.7901514962942402e-24,5.75400054802059e-08
1.488663468085467e-15,0.9999708946302315,2.910536976690495e-05
6.145144989273043e-08,0.03577931788276646,0.9642206206657836
2.14470403835045e-12,0.9995149525371043,0.00048504746075084737
2.478090626992481e-22,0.9999999995118454,4.881546206340158e-10
0.286950225983415,3.753576419966935e-09,0.7130497702630085
4.293108321097092e-20,0.9999999864742304,1.3525769727077216e-08
8.847834950938354e-08,0.5733240638185161,0.4266758477031345
1.26606549483992e-09,0.9544142219618019,0.04558577677213262
0.0003034817688006549,4.924339539158509e-06,0.9996915938916602
0.0001374659598457776,0.00024996843945434194,0.9996125656006999
0.0007231733882080331,4.995896995737939e-07,0.9992763270220923
1.1428763134060175e-19,0.999999964351452,3.564854795103121e-08
0.0005445261810164397,1.335254420996476e-05,0.9994421212747736
3.7918941570930385e-09,0.8911261653984734,0.10887383080963246
1.6729358111354527e-07,0.7493986491914391,0.25060118351497995
8.167577414967012e-05,0.0006589983644029611,0.9992593258614473
1.1661560151532643e-12,0.9991347103153203,0.0008652896835136509
4.322887278874715e-22,0.9999999935823258,6.417674108433981e-09
0.9999928757966193,5.08462938000083e-20,7.1242033806472495e-06
3.384707989671302e-12,0.9988204345898372,0.0011795654067783495
0.9999998755429222,5.554159528868405e-26,1.2445707783264858e-07
9.25873635144609e-09,0.9253732393882426,0.07462675135302116
0.0010067827600212635,2.243486018067936e-06,0.9989909737539606
0.9999999862175308,5.162467452376988e-25,1.3782469159959186e-08
4.06619922941066e-14,0.9999254313966701,7.456860328932046e-05
1.0221396514005365e-06,0.045911614896023606,0.9540873629643251
2.2080239670419747e-17,0.9999990015822277,9.984177724010838e-07
0.9999999618719423,1.0158969313355689e-25,3.812805767199561e-08
0.9999996137777385,2.1473283231843645e-25,3.8622226158628425e-07
0.9999999781396227,2.2941718422369173e-26,2.1860377254825742e-08
0.9999999995794988,1.9211549763206362e-28,4.2050114442981714e-10
1.0076455011735297e-26,0.9999999999974258,2.574270861570973e-12
5.612869680478802e-22,0.9999999970674629,2.932536988663023e-09
0.001037180687245272,7.863463710777235e-05,0.998884184675647
3.1508268060593695e-09,0.9411042661200907,0.05889573072908255
0.999999797791221,1.687155215297489e-24,2.0220877897145078e-07
1.144293925562577e-05,0.12161451115244755,0.8783740459082967
4.783282905218216e-05,0.0015352547366616696,0.9984169124342862
0.008049097241744947,8.775577005198691e-07,0.9919500252005545
0.9999985491272299,4.719218827696276e-21,1.4508727701427425e-06
5.316854808308616e-08,0.6044168607334957,0.3955830860979564
2.4727638923711156e-17,0.9999951091067513,4.890893248686096e-06
0.9999999998370426,6.885259440365134e-29,1.6295734625441018e-10
0.9999876377626692,8.19274598697825e-20,1.2362237330747983e-05
1.0340435860410473e-10,0.9439723594134266,0.056027640483169126
0.9671391325501465,1.7984041712369034e-12,0.03286086744805517
3.235146628785052e-16,0.9999984012839892,1.5987160105442145e-06
0.00017542400650634378,9.886560129253589e-06,0.9998146894333644
1.3353298490255524e-14,0.999946081243056,5.39187569306438e-05
0.9958292984452675,2.7701934469013004e-14,0.004170701554704788
3.559688965010629e-05,0.0004110418492011346,0.9995533612611488
0.0010209106581499392,4.4317032670732145e-06,0.9989746576385831
0.9589168112289258,3.927781161967204e-11,0.04108318873179648
3.800593546993316e-08,0.743209575019112,0.25679038697495254
0.004053799587757873,7.844430857895057e-07,0.9959454159691564
2.079909358974614e-06,0.012588354349531176,0.9874095657411098
6.511076777710641e-05,3.7686889309867214e-05,0.999897202342913
0.08229390868062347,4.721034432469065e-08,0.9177060441090322
3.824651785325769e-06,0.0010948394539695937,0.998901335894245
3.0276146757241372e-05,0.009731100015984387,0.9902386238372584
1.2923481930572984e-09,0.9752732082868579,0.024726790420793957
3.0892356331454675e-18,0.9999994125666432,5.874333567514552e-07
2.947188029229167e-08,0.575158718858329,0.4248412516697908
0.9991085304486633,5.435186976808148e-16,0.0008914695513362957
0.06079629616588631,1.1609261715967478e-07,0.9392035877414965
7.160382353584328e-09,0.8853472022174671,0.11465279062215063
9.732700464646127e-16,0.999990151742639,9.84825735998227e-06
0.00466709392334087,1.605437795322497e-07,0.9953327455328795
2.1328668458792886e-05,0.006758760137846975,0.9932199111936943
1.8317658838223243e-16,0.9999966133147813,3.3866852184505585e-06
0.9999999991728186,7.366806090456594e-30,8.271814796655176e-10
3.6628268737692858e-06,0.008759874678346718,0.9912364624947795
0.14322896849093056,4.564150785734791e-08,0.8567709858675616
3.705835805601868e-05,0.0025424128228715287,0.9974205288190724
0.9999999726759551,7.502033416722645e-26,2.7324044951549525e-08
8.42155276316619e-06,0.007763385186018336,0.9922281932612185
1.3257883006336354e-14,0.9999448007428707,5.519925711590516e-05
0.9999999228251517,2.911488709605409e-24,7.717484832074565e-08
0.027608206525074563,3.934755857013452e-07,0.9723913999993397
3.9614664816950647e-13,0.9996302651447746,0.00036973485482909356
2.695792246143044e-18,0.9999988393506238,1.160649376149415e-06
0.9999936573907764,3.351961165382285e-20,6.342609223507765e-06
4.182302503340848e-14,0.9996258331573591,0.00037416684259929497
4.9642584141975146e-14,0.9995283690170795,0.00047163098287083226
0.0028964141198564194,1.3074613931050522e-06,0.9971022784187504
2.5872907512671086e-07,0.1271034550848842,0.8728962861860406
0.9999999997944209,5.67022226225891e-30,2.0557921182845446e-10
0.00013136786300938267,0.0167006445137326,0.9831679876232581
0.051089839952073106,2.985366637988142e-07,0.948909861511263
2.8969153814578455e-23,0.9999999994964046,5.035954195101628e-10
8.311955874174518e-07,0.00014558127129572838,0.9998535875331169
0.9999986539148463,7.173123904034429e-23,1.3460851537352372e-06
0.9988948018361746,2.5029219507030173e-16,0.0011051981638252248
0.9997277732020332,8.208863180908418e-17,0.00027222679796679684
9.552060278659037e-26,0.9999999999867233,1.3276691495201184e-11
0.999874192605173,2.609369152765691e-18,0.00012580739482706874
2.094369920820326e-08,0.9621323673784743,0.037867611677826464
0.999999999890304,1.3840214399927757e-29,1.0969594605136561e-10
0.9999551024133789,5.484737711595801e-17,4.4897586621028264e-05
0.0538999600278843,4.2852688456047905e-08,0.9460999971194273
1.0915217739022386e-12,0.9970896168543661,0.002910383144542414
0.9999999358037216,5.610114656851925e-25,6.419627845582687e-08
3.5586920658142127e-19,0.9999995512268063,4.4877319373344943e-07
2.557834711976625e-05,0.00040188613634506215,0.999572535516535
0.988636045514003,4.876530125249574e-13,0.011363954485509512
1.3681399307448643e-06,0.014585605662043293,0.9854130261980261
0.9999999726177317,3.1633027241881022e-24,2.73822684441173e-08
3.495720881952119e-07,0.3600883164034219,0.6399113340244899
0.9999999952561462,1.0613653641588932e-27,4.743853744311509e-09
7.5248339895955e-16,0.9999891103558878,1.0889644111435878e-05
4.9841601126820216e-11,0.9926438065305603,0.007356193419598072
0.008727718429297862,1.624934284859085e-07,0.9912721190772736
0.9999999454973104,9.479566109365387e-25,5.4502689709552226e-08
0.9999941189702869,5.579059884258928e-20,5.881029713072989e-06
4.912457481806678e-05,0.002023935624395823,0.9979269398007862
7.980584429230878e-25,0.9999999999253288,7.467113721235227e-11
1.1870569218239026e-11,0.9458047137615739,0.05419528622655534
8.118857303794196e-16,0.9999904611586008,9.538841398291891e-06
7.381499274984424e-11,0.9936574690760879,0.006342530850097196
0.006533413311776965,1.0075737233929466e-06,0.9934655791144997
0.12388237516096852,1.435078804091292e-08,0.8761176104882434
1.2118135480605379e-14,0.9998641664085268,0.00013583359146099663
0.9999934156273071,4.2995508471228326e-20,6.584372692827815e-06
0.9999854492893084,1.182334034787709e-20,1.4550710691675048e-05
0.9999981081412197,5.277915426057761e-22,1.8918587802195349e-06
0.9999337029911182,4.099072835499447e-18,6.629700888191707e-05
0.9998675982619152,4.018459898425556e-17,0.00013240173808488724
0.9987735944551052,2.173776181655694e-14,0.001226405544873113
4.5658252856878997e-10,0.5888203475955246,0.41117965194789297
0.9999518681011745,1.1836574490707984e-18,4.813189882544944e-05
0.9999999985635648,4.1091964885789565e-28,1.4364352702909679e-09
9.117887778365327e-06,0.0447465329571449,0.9552443491550768
0.9999999885816501,7.36980482219304e-26,1.1418349914472846e-08
1.948247668785367e-28,0.9999999999991227,8.773334435352162e-13
1.1467900954923146e-20,0.9999999857069961,1.4293003837674476e-08
0.999999194164568,2.2219156354238866e-23,8.058354320925366e-07
0.9999999123585098,2.393227550585086e-25,8.764149008840397e-08
0.998798671855018,2.828451092296521e-15,0.0012013281449792185
7.585659934306935e-06,0.011240094654059585,0.9887523196860061
0.9965724694944816,2.1742546729898275e-15,0.0034275305055160936
0.007285905367258244,2.165581536225052e-07,0.9927138780745882
1.2722736220288313e-22,0.9999999995126576,4.873423494079739e-10
0.9999731180859043,1.1181422023108578e-17,2.688191409567506e-05
5.490755261960161e-10,0.9237034515723749,0.07629654787854963
2.200280141228632e-06,0.00861669893059509,0.9913811007892638
5.457687640743499e-05,0.001336409168714872,0.9986090139548778
0.9999999865735003,9.613094012560175e-26,1.3426499634201671e-08
8.297215894544947e-14,0.9997325827102111,0.0002674172897059507
0.02221246167128526,5.660902317609226e-07,0.977786972238483
0.0005025633301560738,1.8739622855271176e-07,0.9994972492736154
6.305425426120426e-05,0.0013148841016402148,0.9986220616440986
3.504995666263437e-17,0.9999993565574027,6.434425973601851e-07
0.9999512205952364,4.449506612967839e-18,4.877940476363655e-05
0.9999999984062637,2.7957105949043483e-29,1.593736217777293e-09
0.00037842686610818404,4.046433289093684e-05,0.9995811088010008
5.174441412642913e-06,0.0005223005156499688,0.9994725250429375
2.0868373103345554e-24,0.9999999997543048,2.4569518613937894e-10
7.631695399966198e-17,0.9999982603482743,1.7396517257470798e-06
0.9994499049250827,5.1836499172597e-14,0.0005500950748653016
2.2263158121871687e-24,0.9999999999079145,9.208542545454599e-11
0.9997957604247562,5.0268056342709505e-18,0.0002042395752439545
1.3761156230084166e-16,0.9999975031146086,2.4968853912188634e-06
0.999999986983658,5.077108932051346e-27,1.3016341989463706e-08
0.00020660204275923093,0.0006154932757617427,0.9991779046814789
0.0001653575112393896,0.003083030883751331,0.9967516116050092
0.0001634806853638736,0.00010027984318020595,0.999736239471456
0.003869668764283733,1.4521183829155407e-07,0.9961301860238779
0.0011701096515311638,6.223980903350162e-06,0.9988236663675655
0.9999999996643232,3.94077201211379e-30,3.3567684742755644e-10
0.9998154774839684,8.796389055978659e-17,0.0001845225160315568
0.00014601726063594953,0.000860943840865041,0.9989930388984989
0.999997736162439,1.997091437312526e-20,2.263837561081524e-06
6.780860546910106e-16,0.9999918145107823,8.185489216919993e-06
1.061237096457047e-08,0.7553106290686886,0.24468936031894048
0.9991931197192132,5.244888996448017e-16,0.0008068802807863961
4.951141360586926e-15,0.9999278502902481,7.214970974699208e-05
3.019399269259464e-16,0.9999984889654104,1.5110345892094484e-06
0.0025631782801449968,1.6832178716670078e-05,0.9974199895411383
1.4072561054772128e-05,0.029619241657355477,0.9703666857815897
0.9672993545804225,3.167847727329392e-11,0.03270064538789916
2.31836832226278e-09,0.922352326405431,0.0776476712762007
0.010866819340086669,3.628149991025563e-08,0.9891331443784135
3.805447231637829e-12,0.9980201990781483,0.00197980091804626
1.777504108741793e-06,0.049099074061703496,0.9508991484341877
0.008660841875699186,7.377174610539364e-08,0.9913390843525547
4.065026770451357e-28,0.999999999999607,3.9306324244517075e-13
0.9999892849775253,1.618105940360881e-19,1.0715022474779189e-05
0.999993197567751,1.887251987409826e-18,6.802432249068414e-06
3.1826139075597233e-12,0.9997621887249969,0.00023781127182033617
0.9995753764665677,4.72347420457276e-14,0.0004246235333850994
0.010237576219977193,1.2437491881609589e-06,0.9897611800308347
9.95486871698256e-11,0.998971660051897,0.0010283398485544497
2.489546665250701e-06,0.008207236197101087,0.9917902742562337
5.800552472952741e-17,0.9999984027318027,1.5972681973828327e-06
0.001303198503176151,1.8928929481850213e-05,0.9986778725673421
4.300448907905192e-16,0.9999843771535767,1.562284642284573e-05
0.9997227734689295,3.674429387402541e-16,0.00027722653107005213
0.004534280918883019,1.091435497226635e-06,0.9954646276456198
2.2633539740640186e-15,0.99999021964416,9.780355837719907e-06
0.03125104509501016,4.4440051780093355e-07,0.9687485105044721
1.2659595244354318e-25,0.9999999999696201,3.037984143732274e-11
0.9999999837503044,8.09729465364255e-27,1.6249695548152447e-08
0.00270403346903649,1.0035702080839915e-05,0.9972859308288826
0.9850910323832669,5.502377688362418e-13,0.014908967616182673
5.9525125435019534e-08,0.34999743564649577,0.6500025048283787
3.8335700022280294e-10,0.9702520926559115,0.029747906960731527
4.220965663502855e-05,0.0002716950508551558,0.9996860952925097
0.9986443049202022,1.420815326690251e-14,0.0013556950797836988
1.7404909872624568e-24,0.9999999999394502,6.054985210192305e-11
0.9884864022976707,9.766253220805464e-14,0.011513597702231563
2.2543846727288257e-14,0.9995873171724703,0.00041268282750708287
3.982943766887504e-12,0.99799638055993,0.002003619436086824
6.781513002190306e-10,0.9632188413245512,0.03678115799729759
0.9999551011031683,2.4675262719426052e-18,4.489889683164246e-05
0.015939423701096,1.5260160126755874e-08,0.9840605610387438
0.0004608373585418769,0.0014855782950354748,0.9980535843464227
0.9999999468692701,5.500351075426525e-23,5.313072980605543e-08
0.9999999995189479,2.1097813865532672e-30,4.810521548008418e-10
7.879748869663712e-23,0.9999999967304918,3.2695082540823022e-09
0.9999968907181526,3.0285782578543494e-21,3.109281847514235e-06
5.110415687546576e-05,0.000758234061801481,0.9991906617813231
2.4024204723214176e-12,0.9917764850085681,0.008223514989029495
9.145288435062706e-28,0.9999999999975304,2.4694885479463563e-12
1.7319194827439593e-07,0.1759151218965147,0.824084704911537
3.369179850900575e-07,0.17989503407007537,0.8201046290119395
7.174888835335392e-17,0.9999980237265532,1.9762734467376794e-06
7.940677649991686e-14,0.9999352904776565,6.470952226409655e-05
1.5306944902153363e-05,0.025820585756282877,0.974164107298815
8.95573409036832e-15,0.9999520161317033,4.7983868287802455e-05
0.9931978657907031,1.0565357557970302e-12,0.006802134208240409
0.04127130431854975,2.5766487816515393e-08,0.9587286699149624
0.9999999055710906,3.3693812357163983e-25,9.442890936128433e-08
0.005210141355337043,2.4229674218606347e-07,0.9947896163479207
0.9999999995923003,2.145581353773764e-28,4.076996645746705e-10
0.9765614820046785,1.8107518480445948e-13,0.02343851799514048
3.28169787879171e-25,0.999999999964279,3.572093028060356e-11
8.692854194249578e-10,0.8690609400696263,0.13093905906108838
0.6849775312665869,1.582444514263833e-10,0.3150224685751685
5.690781028740512e-08,0.7124302121308866,0.2875697309613032
3.251684501835831e-08,0.7586680257091765,0.24133194177397851
0.9999988836527133,5.892889528878795e-22,1.1163472867520962e-06
7.185614523256105e-17,0.999994160415903,5.839584096948118e-06
1.1329372451002549e-14,0.9999877271644569,1.2272835531635613e-05
1.8441489938014987e-09,0.9355989856492519,0.06440101250659917
0.0004518983759711976,6.276602880363781e-05,0.9994853355952251
0.003461236631019802,0.00010997229875505022,0.9964287910702252
1.3865207937342427e-08,0.6132979453330392,0.38670204080175286
9.297656575103167e-17,0.9999957513295218,4.248670478163057e-06
0.9998038338257994,1.8045682881401804e-16,0.0001961661742003238
0.9999999914104735,3.7760004110158105e-26,8.589526607102245e-09
0.9999999921260275,3.8149036147198643e-26,7.873972573073598e-09
2.6035022729713753e-11,0.9876236819111157,0.01237631806284908
0.9999305586817329,3.324889681296151e-17,6.94413182671139e-05
0.9999999995363786,4.896654028791995e-29,4.6362125863860193e-10
0.9999964597500856,2.9085290270404543e-21,3.5402499143794064e-06
0.00014821722546738887,0.0018712428252138258,0.9979805399493187
0.9990744764452377,1.655248954334339e-14,0.0009255235547455911
0.0024752815334511433,8.708438175248621e-07,0.9975238476227314
0.000902711799501281,5.684780252905564e-06,0.9990916034202457
2.9051040118522782e-05,0.0006912361912753718,0.9992797127686062
0.9920142110479704,9.690221634154768e-13,0.007985788951060623
0.9999997301364085,6.798558671612875e-23,2.698635914220967e-07
0.9957343985707227,2.604439596173106e-14,0.004265601429251268
0.9999999997349316,5.931431303166107e-29,2.6506844443131415e-10
3.953454296716316e-06,0.006953689561737129,0.993042356983966
7.376678688788278e-09,0.8741265228547039,0.12587346976861719
1.8419298125880255e-09,0.9899443685493181,0.010055629608752262
9.820766643608993e-18,0.999999353222853,6.46777146871133e-07
0.9966651542468795,3.3020112341260833e-13,0.0033348457527904293
0.9999995292487562,1.1812333026581105e-22,4.7075124383580114e-07
7.574727453378745e-12,0.9906471597715629,0.00935284022086224
0.9995440439898666,2.4120185250759236e-17,0.0004559560101333874
4.609604314922307e-05,0.00047665183201840613,0.9994772521248324
0.009248574453255196,9.753103174654331e-06,0.99074167244357
0.9999999978180658,1.0822597101818545e-28,2.1819341134636708e-09
0.9997901336805678,1.3972948533035757e-16,0.00020986631943185885
0.9999941577517946,1.179247055767663e-19,5.8422482053253055e-06
0.9999995607570242,1.0650809981282443e-25,4.392429758414606e-07
0.9980763919378309,1.4999470368097834e-14,0.00192360806215407
1.7233019804227054e-05,5.040061162113295e-05,0.9999323663685745
0.9565298701475006,1.2734905905959918e-11,0.04347012983976456
1.1018285044571156e-17,0.9999978310928804,2.1689071195936458e-06
2.0125102218315126e-09,0.9302137759971189,0.06978622199037077
0.00011723830096455757,6.8044957701299284e-06,0.9998759572032654
0.9999999568117518,5.1408953090765164e-24,4.318824819405375e-08
0.9999996909208362,2.178247594639285e-21,3.09079163748215e-07
3.015207859865156e-27,0.9999999999981579,1.8420158591847497e-12
0.9992129699625673,1.4594617761290367e-14,0.0007870300374181793
0.0005197443466361403,1.0358257680239435e-05,0.9994698973956836
1.2391831683811187e-13,0.999339818803101,0.0006601811967752552
0.998818627685902,5.858313675167083e-15,0.0011813723140921227
0.9921785989535453,4.58467711568967e-13,0.007821401045996238
0.9999998629682271,1.1939102727676323e-24,1.370317729852358e-07
0.9999931759817245,3.088438156679543e-19,6.824018275502831e-06
1.3411960882196131e-10,0.9927788993479654,0.007221100517915105
6.417251504996749e-07,0.16129247546885656,0.8387068828059929
3.951333932385616e-05,0.008721864703281871,0.9912386219573943
3.059360940644658e-05,7.93960791138555e-05,0.9998900103114797
0.9999619434879901,4.270709142885e-20,3.805651200993278e-05
0.0021082742253657897,1.0013476717333234e-05,0.9978817122979168
0.9999999984599779,3.8673763446746416e-29,1.540022072008281e-09
0.0008937243916670166,0.0007275279482871196,0.9983787476600459
1.0556525847146405e-06,0.04249568641792716,0.9575032579294881
0.9999999991061455,3.8585601000701765e-28,8.938546287895827e-10
1.0851213274025132e-07,0.04320702478416471,0.9567928667037026
0.9999907833853579,1.0528656382300051e-20,9.216614642079594e-06
1.0865903845788866e-14,0.999885640045583,0.00011435995440620406
0.00021289406673816167,7.76249924035846e-06,0.9997793434340215
0.9999999443059222,3.8692184278050744e-25,5.569407786451308e-08
5.387745699835708e-13,0.9980902765417986,0.001909723457662682
7.514999749859996e-26,0.9999999999910845,8.915523801505525e-12
0.002046097272441011,5.482715689498674e-06,0.9979484200118695
0.98604268423791,2.9101498796674963e-13,0.013957315761798973
0.9999819256264948,8.362738628456073e-18,1.807437350513804e-05
1.0026326459560361e-07,0.43459099825621533,0.56540890148052
0.9999999965445396,2.746501793740702e-27,3.455460250572964e-09
0.9999999920797084,2.045623819385566e-25,7.920291803560579e-09
2.382671368426304e-13,0.9999286940123162,7.130598744562995e-05
6.987019446897163e-05,0.0007541951946160761,0.9991759346109149
0.0015938088957752794,1.225099358040563e-06,0.9984049660048667
0.9999995112155347,2.3639105400395992e-23,4.887844654514894e-07
1.3405019185944522e-14,0.9999331864164497,6.681358353689273e-05
0.9999303716797532,7.376144690333735e-16,6.96283202460733e-05
4.527098738299377e-19,0.9999990514443808,9.485556191647372e-07
1.289558232224964e-15,0.9999969231697718,3.076830226752026e-06
1.5802754115912445e-23,0.9999999992523814,7.476186475510653e-10
4.097812121226873e-09,0.4212031868798633,0.5787968090223247
0.4184801543604465,4.2043399440863294e-09,0.5815198414352136
0.0018613088042929923,2.0909903866917083e-06,0.9981366002053204
4.028679231137056e-05,7.015347009809745e-06,0.9999526978606789
7.82629116022418e-12,0.9988457151496286,0.0011542848425451935
8.442742694904122e-20,0.9999999930000423,6.999957565842542e-09
1.5764499456024328e-27,0.9999999999882712,1.17287328881264e-11
0.9999511708925718,2.768987866042769e-19,4.882910742816036e-05
7.781377380393805e-05,0.0001077588853425454,0.9998144273408535
1.1076010883837477e-10,0.9909620176191418,0.00903798227009802
4.2932412603175467e-16,0.9998274427042797,0.0001725572957199942
1.6509798551117585e-07,0.6801151482493613,0.3198846866526532
7.460137415305321e-06,0.0015198922735811704,0.9984726475890034
0.9999999686889075,1.1906941008820258e-24,3.131109260316563e-08
1.7145897112997977e-06,0.10880477831270838,0.8911935070975803
0.00035581365744596146,9.276287536487651e-05,0.9995514234671892
8.065966969698839e-28,0.9999999999983382,1.6618582927538225e-12
0.00035977564256370066,0.00011267202374790715,0.9995275523336883
1.81077056893428e-26,0.9999999999536204,4.637952339556498e-11
4.103157365664247e-16,0.9999914861018186,8.513898180947489e-06
0.999999999859212,7.216747533988756e-30,1.4078807482480446e-10
8.258567647471995e-18,0.9999969998461508,3.0001538491232207e-06
1.6580483288335096e-18,0.999999620941979,3.7905802085621364e-07
0.9999999991783592,7.968651039429737e-28,8.216407865915966e-10
1.1676992557675099e-26,0.9999999999968945,3.105612920101182e-12
0.999999994832564,1.6819248966120056e-25,5.167435983634037e-09
0.9999996634867303,3.180710484000841e-21,3.365132697247847e-07
0.9981384703315193,1.8488505316821254e-13,0.0018615296682958644
0.9999998545933526,8.859231672211349e-24,1.454066473739731e-07
0.9618360597259088,9.113008582449006e-12,0.03816394026497821
0.9999996655089409,2.0310876569356555e-22,3.3449105911547563e-07
6.535117677672542e-27,0.9999999999952156,4.784334458874004e-12
0.0019548009326770146,1.0010108097581952e-05,0.9980351889592255
0.9995972731510994,4.543430040803149e-18,0.00040272684890053754
7.653292949114732e-09,0.7308203097600416,0.2691796825866655
8.138727780540679e-16,0.9999952943694556,4.705630543530776e-06
1.6757335439716357e-10,0.9288005055501447,0.07119949428228205
9.095647216095596e-11,0.9895081420139819,0.010491857895061765
1.1490721904319813e-21,0.999999988435987,1.1564012969851557e-08
0.9999999993942261,5.15584804508142e-30,6.057739427193079e-10
0.005894797806281186,6.71858625483226e-07,0.9941045303350933
1.6666978687687002e-10,0.9648506008732947,0.03514939896003566
2.5840741552847498e-12,0.9995608045960391,0.00043919540137680665
0.9980251497759269,4.777009485375238e-13,0.0019748502235952146
2.813619958997666e-07,0.06338328635187618,0.936616432286128
0.9999994901951691,9.333909595081479e-22,5.098048308968368e-07
0.0025508542109610294,4.053273511205411e-06,0.9974450925155277
2.6978685035427787e-20,0.9999999886838705,1.1316129495275682e-08
1.0887751393301965e-06,0.05362628155947298,0.9463726296653877
9.921620259359387e-05,4.061200642137579e-05,0.999860171790985
0.9999999741880121,7.866686363479531e-27,2.5811987796429606e-08
0.9999999826895857,1.682265756997408e-27,1.7310414298793003e-08
0.0012215335599799228,8.256124466308793e-06,0.9987702103155537
0.0001393941057878296,1.7862487284384588e-05,0.9998427434069278
0.005079381905220631,5.144907558851469e-08,0.9949205666457037
0.999997223276294,8.199751170325311e-22,2.7767237059859725e-06
0.00015133198029692091,0.002177899678373122,0.9976707683413298
0.0069091962652906656,1.1714647429661048e-07,0.9930906865882351
1.1116187081148883e-05,0.005883303095264632,0.9941055807176541
2.2279304757574842e-14,0.9998824134713092,0.0001175865286685396
8.349908530691408e-27,0.9999999999982141,1.7858858650905962e-12
3.5167473866653653e-15,0.9996556470771604,0.00034435292283610443
7.506613041648153e-08,0.604070855432742,0.3959290695011277
6.381861946692101e-09,0.9735036682337608,0.026496325384377364
0.9999999550343528,5.184581490864948e-26,4.496564727422017e-08
0.9999999111567476,3.793085835244176e-24,8.884325248392932e-08
4.718073997427247e-09,0.8818641135296741,0.11813588175225183
0.000376581119239905,4.638352168456861e-06,0.9996187805285918
3.257749879306799e-26,0.9999999999949858,5.014127901648673e-12
2.7417157353229288e-18,0.9999998844363771,1.1556362295956201e-07
0.999999985210327,9.147865746673016e-26,1.4789672982956842e-08
0.0024562802147518525,1.1224274203202676e-05,0.997532495511045
0.9999898271901052,9.926323704330042e-21,1.0172809894812866e-05
9.050153391943372e-15,0.9999463876714246,5.3612328566296425e-05
1.0236702900003727e-13,0.9995795879291515,0.0004204120707462769
0.9999975036741808,2.4549711992966832e-21,2.496325819103718e-06
2.2574480281728757e-16,0.9999919292168948,8.070783104906382e-06
1.3122271086608272e-17,0.9999995999585768,4.0004142327019965e-07
3.766802815641073e-11,0.9794921181748815,0.020507881787450402
0.9975499088671361,1.0198155341282758e-14,0.002450091132853764
0.9998305071614685,6.832283719286352e-16,0.00016949283853081326
0.999999999991326,3.7104984217561705e-31,8.674013507030755e-12
0.9999999889157621,4.295633790559349e-25,1.1084237811967836e-08
8.618644074394934e-18,0.9999991687306147,8.312693852996987e-07
0.9994497952336427,1.4318830500838712e-15,0.0005502047663558556
0.999999992810378,3.3116255133003186e-26,7.1896219648260904e-09
0.0001454902889464311,0.011283842176093914,0.9885706675349596
1.5691685279001665e-27,0.9999999999988225,1.1775124626896406e-12
5.535569910960542e-10,0.818462143733959,0.1815378557124841
1.352298939482831e-26,0.9999999999919285,8.071439641472991e-12
1.8584892170293767e-13,0.9995064687991208,0.000493531200693486
0.9999996680402136,4.429727947295387e-24,3.319597865598189e-07
0.9958491318235148,1.0277783082650082e-13,0.004150868176382527
0.9999941589668686,8.003325932726548e-20,5.84103313140102e-06
1.3513632975585759e-18,0.99999936978608,6.302139201132718e-07
0.9983892653023102,5.615590851221063e-17,0.0016107346976897126
4.621188925226764e-24,0.9999999998804359,1.1956405531518843e-10
6.49312900462689e-25,0.999999999955218,4.4781925658299825e-11
1.3859213310810661e-05,0.013683251130239521,0.9863028896564497
3.1630920288539e-16,0.9999916967877754,8.303212224252738e-06
2.1199303879568954e-05,0.0029670518993903322,0.9970117487967302
1.3202983077480912e-23,0.9999999998714542,1.2854580819475884e-10
8.973806853569877e-18,0.9999996718922306,3.2810776937351527e-07
0.004112318028999313,3.966310106289878e-07,0.99588728533999
1.2866416318064712e-15,0.9999765989480679,2.3401051930696964e-05
0.9999999916114554,4.7061204856607e-27,8.388544776817063e-09
0.9999429202092431,8.799047940727155e-20,5.707979075692218e-05
0.9938213181735079,2.7766345012006845e-14,0.006178681826464137
0.999126294197206,8.94572675176786e-15,0.0008737058027850969
2.5089498799562645e-05,0.00018219456322005292,0.9997927159379804
1.7634140896319903e-20,0.999999957742032,4.2257968106024626e-08
0.00010402101548778396,7.899285828730264e-05,0.9998169861262249
0.0008132872245615554,1.0139382035619005e-05,0.9991765733934028
0.9999992907535867,1.9076841930153637e-22,7.092464133422888e-07
0.9997418699930463,7.334680363159169e-17,0.00025813000695364905
0.20011488761659252,2.189330170962375e-08,0.7998850904901057
9.911774150502013e-06,0.00015137469763874828,0.9998387135282106
0.010973569838478726,2.739452694955633e-06,0.9890236907088263
4.218042550968617e-15,0.9999921843718114,7.815628184380145e-06
1.800374315395798e-08,0.8477297216368898,0.15227026035936708
0.9999972053309638,5.705203910436409e-21,2.7946690362811764e-06
4.318481932853374e-11,0.9984703654703935,0.0015296344864217059
4.4494631291487955e-14,0.999448826825844,0.0005511731741116636
1.3052200056744855e-23,0.9999999998278328,1.7216705914815746e-10
1.0966837434216636e-14,0.999980828926438,1.9171073551132605e-05
0.9725431832643474,6.741218113506643e-12,0.027456816728911402
0.0019986164805480757,0.00016929022765991463,0.997832093291792
0.00010158523962862541,6.970330133709059e-06,0.9998914444302378
4.306124467354221e-15,0.9999403368825872,5.966311740842618e-05
0.9998208496709118,3.232416537490567e-16,0.00017915032908803202
0.999997675074736,3.543259733832328e-22,2.324925263920969e-06
2.317811257766266e-12,0.9907873930854083,0.009212606912273763
0.9999999582453609,1.5320698831758866e-26,4.17546391916758e-08
0.9975214590874315,1.82688939767876e-14,0.0024785409125503044
0.00034015476371842385,5.306250233422721e-05,0.9996067827339474
0.9999996808990553,2.003499392205322e-23,3.191009445586766e-07
0.00010856979226864619,0.00025758674648400414,0.9996338434612474
8.601791839414128e-05,0.00044742466614623114,0.9994665574154596
0.9967310012731467,1.879292503883658e-13,0.0032689987266653255
7.470254879967986e-10,0.8351327358360903,0.1648672634168842
0.00435441731680801,1.9964682720162177e-06,0.99564358621492
6.06465566527258e-05,1.200045753543392e-05,0.9999273529858117
0.00011731744135746495,0.0001532825565540733,0.9997294000020884
0.9999999926450931,6.5185495015122215e-28,7.354906957372155e-09
2.237654361155867e-17,0.9999983689646494,1.6310353506781365e-06
0.9988974950673463,1.7646129528924115e-15,0.001102504932652009
0.9999999723250462,1.0063993562465407e-26,2.7674953792029225e-08
0.9999999997796791,9.708355905015771e-30,2.2032089122194217e-10
9.202249513584792e-08,0.34460042672374225,0.6553994812537626
9.69922252225696e-06,0.009100125110004107,0.9908901756674736
0.999999999134537,1.7288768366141546e-28,8.654629272890018e-10
5.8210188080263725e-05,0.003726503516135164,0.9962152862957847
0.0014786531864679213,0.00025787670894538935,0.9982634701045866
1.5240508001338382e-06,0.10147418398991712,0.8985242919592826
2.1832175510214953e-17,0.9999986644726646,1.3355273354609118e-06
1.410227187162897e-05,0.0033263934986325944,0.9966595042294958
1.541439282983552e-22,0.9999999998835625,1.164375184967512e-10
0.9999994247593561,1.742300199253227e-24,5.752406439184126e-07
1.5702032324266481e-15,0.9999947102258899,5.289774108519787e-06
0.9999496585095212,2.0389022954535784e-18,5.034149047867017e-05
0.9999999998287894,1.1743083223027005e-30,1.712106277635457e-10
1.2274001494719066e-17,0.9999995264278034,4.7357219652113056e-07
0.9999587561004715,3.074229575389161e-17,4.124389952865127e-05
0.9999649876739912,4.263141349187006e-21,3.501232600891441e-05
4.244423238640827e-12,0.9957633447002124,0.004236655295543031
0.9989874381955113,2.4310415063654616e-14,0.0010125618044643531
2.7525016325364683e-24,0.9999999999499507,5.00493581368459e-11
0.9997825788708442,1.4189010714604989e-15,0.00021742112915449136
7.684477265867544e-13,0.9993536071299154,0.000646392869316211
0.9999999828465326,9.14692433222139e-26,1.7153467570273453e-08
6.09704938799999e-08,0.6192094762166442,0.3807904628128618
7.329936872038114e-20,0.9999999149288216,8.50711784796137e-08
1.408176083383809e-08,0.7190651230815769,0.28093486283666225
1.677061142850689e-19,0.9999999538059204,4.619407952653321e-08
2.5481234264022078e-14,0.99998154324717,1.8456752804405026e-05
2.748090993726333e-22,0.9999999911538003,8.84619973972419e-09
0.0023806230750535607,5.477070702127247e-06,0.9976138998542442
0.9999999372735094,7.9591493860776845e-25,6.272649059443345e-08
2.903632214777001e-05,1.3205387548097688e-05,0.9999577582903042
0.9999624552210865,9.902161019020883e-19,3.754477891345736e-05
0.999639679305763,1.958425809832039e-15,0.0003603206942349218
0.010432690231499054,1.1757268585650862e-06,0.9895661340416424
1.4666949518664066e-06,0.003474225980206587,0.9965243073248414
0.9999938391971891,5.7473656081318995e-21,6.160802811004675e-06
3.437542783936302e-07,0.07271257961801063,0.9272870766277109
3.4254815222040615e-17,0.9999985071711205,1.492828879513679e-06
3.3915405947406267e-09,0.7258535123127763,0.2741464842956831
0.9986114738833753,1.229202862685478e-14,0.001388526116612472
1.4319648535176844e-21,0.9999999913751062,8.624893831078086e-09
0.9999743494103297,4.1417586922553053e-19,2.5650589670459136e-05
0.9883192626618797,1.571562389860034e-13,0.01168073733796317
0.9999483169656433,1.1783919522621928e-17,5.168303435665111e-05
4.878224454053062e-05,0.0011790556912442422,0.9987721620642153
0.9999645872774129,9.32410605683718e-17,3.5412722587057666e-05
0.9999999967429118,2.6979699453590036e-27,3.2570881870910858e-09
0.9994867670089544,4.1891696654070187e-16,0.0005132329910451974
4.354797541399808e-17,0.999999086080198,9.139198020272015e-07
3.4594822787301894e-13,0.9997864117472838,0.00021358825237044346
0.9998945809228094,7.461138848960213e-17,0.00010541907719075504
0.03258697822309721,1.595152662539155e-08,0.967413005825376
1.1170224256205238e-22,0.9999999996204785,3.795215035749233e-10
0.015777725984255583,4.54777796625825e-09,0.9842222694679665
1.535742385356651e-08,0.6714722055944908,0.3285277790480853
8.585242320831092e-13,0.9987809651469565,0.0012190348521848996
0.9999997947777625,6.266199624193266e-24,2.0522223739383342e-07
0.9999999968809279,3.449445515834058e-28,3.119072167530933e-09
0.9999999998863669,6.358049414448341e-30,1.1363305028396966e-10
0.00020835428047405547,8.238118573063432e-05,0.9997092645337954
6.523036866500469e-05,0.0004047522208587722,0.9995300174104762
0.9955721068256549,2.628629995835145e-13,0.004427893174082167
7.417551337697087e-05,1.3904368864631835e-06,0.9999244340497366
0.99999639800307,2.204047119970251e-20,3.6019969300075065e-06
9.012444960447954e-08,0.06411647835920964,0.9358834315163408
0.9074639778122956,3.055551890715542e-11,0.09253602215714903
0.9991860729850643,1.156134470093266e-15,0.0008139270149344867
1.4956269145324145e-07,0.8447932039734118,0.15520664646389662
0.999999969866173,1.1519707805266157e-27,3.01338269696481e-08
0.000777383355094945,4.132522230904201e-05,0.9991812914225959
4.4095894556612763e-10,0.9764952623465987,0.02350473721244231
4.199309500518701e-08,0.8259798435225846,0.17402011448432048
8.732728512347402e-08,0.6591733404721746,0.34082657220054036
0.9999999992517081,3.593496925670932e-29,7.482918265055208e-10
4.911694029383981e-16,0.9999546524128567,4.534758714284778e-05
7.366675392984535e-05,0.0004916502698661942,0.9994346829762041
8.05987648714494e-17,0.999996414963705,3.5850362949581884e-06
9.802305638191712e-18,0.9999943728826679,5.627117332098708e-06
0.0004535467152385023,0.0001433245259135351,0.999403128758848
3.456304001179003e-05,0.000358597521292304,0.9996068394386959
1.6951636831816882e-07,0.21307357232246357,0.7869262581611681
6.926222379238506e-15,0.9999525687929152,4.743120707788987e-05
3.1198211222776357e-09,0.9781304154984972,0.02186958138168183
0.0007439787610848014,1.679438034697921e-06,0.9992543418008805
0.9998807097884085,1.3598150880983936e-16,0.00011929021159121316
1.4656452439651162e-05,0.02619664496844884,0.9737886985791114
3.161387056893792e-22,0.9999999984934125,1.5065875660665862e-09
1.962072241572109e-06,0.087923529421238,0.9120745085065204
0.0012567326467618236,8.190803060132108e-05,0.9986613593226369
4.572442109212666e-19,0.9999998706318353,1.2936816469870645e-07
4.250406558130214e-17,0.9999939535669174,6.046433082546214e-06
0.0004025742209546037,3.1247490726477617e-06,0.9995943010299727
7.890756178863163e-17,0.9999987815235561,1.2184764437615782e-06
3.7738414603224596e-13,0.9995647804505404,0.0004352195490822676
1.588361061525799e-08,0.9678825639004033,0.032117420215986174
0.007721478411585681,6.063153334062294e-08,0.9922784609568809
5.68060991983558e-16,0.9999839939938101,1.6006006189277696e-05
0.9999991971090729,3.939318132541808e-20,8.028909271191101e-07
0.007179761467460066,1.0752860400549784e-06,0.9928191632465
3.724205670922889e-22,0.9999999931542753,6.8457247152453974e-09
0.9999999971781421,1.1843771168475134e-27,2.8218577483019096e-09
0.9999953384392483,5.624087204283586e-20,4.661560751741208e-06
6.1469174951656446e-18,0.9999996962882581,3.037117419045703e-07
2.7673125152226825e-26,0.9999999999964866,3.513426696552979e-12
0.9998840556872806,2.7782991375621413e-15,0.0001159443127166383
1.2486310326364563e-13,0.9994652047822888,0.0005347952175860984
2.396903811247275e-12,0.9992383390309223,0.000761660966680777
7.103418090844853e-20,0.9999999816405426,1.8359457461056186e-08
2.6024902223949733e-08,0.8681814759039918,0.1318184980711061
0.9999661096816597,2.2509437100921553e-18,3.389031834023487e-05
0.9996383296702399,3.9877113378965033e-16,0.0003616703297595748
0.9999999909882195,6.752059428415644e-26,9.011780638194078e-09
0.022366402838362574,2.388906939583916e-07,0.9776333582709434
7.656395586179523e-15,0.9999900444992111,9.955500781223991e-06
4.390857182498332e-05,5.324922749833984e-05,0.9999028422006766
1.331947473154358e-19,0.9999999311019901,6.889800980803487e-08
5.87417604825774e-06,0.002815337616309823,0.9971787882076418
3.642290376891571e-05,0.01656652702576385,0.9833970500704673
0.008535209203757495,9.325931193595182e-06,0.991455464865049
8.534489927094868e-08,0.6388055718685839,0.3611943427865169
0.0004263937717872945,3.115005115357447e-06,0.9995704912230974
3.7551707594765535e-24,0.9999999999546214,4.537862427124512e-11
5.760861528906535e-21,0.9999999797040755,2.0295924607530068e-08
0.996016726561377,3.9732034894445655e-15,0.003983273438619
2.0445571293753094e-06,0.05065563171605755,0.949342323726813
8.013883168365447e-10,0.9730464695896249,0.02695352960898677
1.6653872218843229e-10,0.9938857742409034,0.006114225592557707
0.9937121760836084,4.005914726206689e-15,0.0062878239163875185
7.427001365462809e-08,0.5919063312532752,0.40809359447671123
0.9999999540927801,8.509545655618582e-26,4.5907219902031586e-08
0.000367284712770431,1.6749172737968057e-06,0.9996310403699558
0.9999447479794364,2.0759611407227962e-18,5.525202056353492e-05
5.978921956009746e-05,1.005048375144945e-06,0.9999392057320647
1.7756121603867632e-07,0.005142936292192918,0.9948568861465911
1.7191213307649675e-23,0.9999999998863942,1.1360574947796626e-10
0.9999999036618836,1.137640926180815e-24,9.633811648632809e-08
0.99965487928174,3.371761835285146e-16,0.00034512071825942376
1.1467275000208325e-08,0.9671022729020246,0.03289771563070024
0.9999886741688472,7.418082339309257e-21,1.1325831152814888e-05
7.298811711630164e-14,0.9994471673967628,0.0005528326031643489
0.8796147814529435,4.137025199109214e-11,0.12038521850568623
0.0007459403771112737,1.1365320433889752e-06,0.9992529230908452
1.315322054024602e-09,0.7722766231817897,0.2277233755028882
0.001096090472262088,3.0300847239473612e-06,0.998900879443014
2.5542948294804398e-14,0.9999761880672423,2.381193273209002e-05
0.9999999796901178,2.2570942647885828e-26,2.0309882200959328e-08
2.1087731323701026e-14,0.9999848998665192,1.5100133459697815e-05
0.9997687678748315,9.272307777282656e-17,0.00023123212516851954
3.225451776291733e-27,0.9999999999983713,1.6285963097928404e-12
1.4354056382312801e-28,0.9999999999993545,6.454289504644433e-13
0.9999999931996979,2.8413580618752458e-27,6.800302065433869e-09
1.575628521343602e-14,0.9999436607745159,5.6339225468237996e-05
4.676519387721155e-08,0.49845474372130727,0.5015452095134988
0.9999999698051778,1.45405680008351e-23,3.0194822191549867e-08
0.002308765102322979,6.808946140860703e-05,0.9976231454362685
0.9999999742010806,2.9550617024062494e-26,2.5798919463622652e-08
0.01058201860072782,1.3720592592355961e-05,0.9894042608066799
0.9958105534195933,9.472550669627435e-14,0.0041894465803119655
4.414772410312236e-07,0.80506746413367,0.19493209438908904
8.658739749898027e-19,0.9999994337989029,5.662010972265588e-07
2.8062580208930154e-12,0.9982006743241115,0.0017993256730822371
3.6649766554763874e-14,0.99998394418012,1.60558198432997e-05
3.432062010076284e-06,0.01057228096252069,0.9894242869754692
4.6925947131664944e-17,0.9999996361601202,3.6383987969238336e-07
4.304050849729983e-05,3.55179157588649e-05,0.9999214415757439
3.242040410475088e-25,0.9999999999274332,7.256680222719939e-11
5.986174368184469e-05,0.00023035162424241812,0.9997097866320758
2.2494253665550958e-13,0.9997208479009936,0.0002791520987816382
0.9999999999710003,5.007629441497367e-31,2.8999753573710236e-11
0.9999994754276519,5.220070862915494e-22,5.245723480891766e-07
4.873495001694937e-14,0.9999367026418143,6.329735813708462e-05
1.169756162315116e-05,0.04891131527528344,0.9510769871630935
5.256562785162547e-10,0.8964441215179392,0.10355587795640447
6.498323965022347e-11,0.995344038008345,0.004655961926671819
1.0008136847537259e-07,0.442944127289486,0.5570557726291455
8.538090642438862e-05,0.003956444623470591,0.9959581744701049
0.0012886214788191714,3.7930354295650896e-06,0.9987075854857513
1.9969668197703442e-19,0.9999999692417018,3.075829819602529e-08
3.673078614487961e-13,0.9997427901343564,0.0002572098652761541
0.9999999832061451,7.477403268442908e-27,1.679385501635517e-08
7.663423864119473e-21,0.9999999914146606,8.58533957395258e-09
1.4842526269566516e-09,0.9758856188547553,0.0241143796609921
1.1616055874130414e-08,0.4838027554915136,0.5161972328924305
0.0012174617542475815,2.1416797169392527e-06,0.9987803965660356
0.999994391182286,1.9567649251240124e-21,5.608817714134807e-06
4.1340267305950114e-08,0.7581579044695359,0.24184205419019683
0.999998930614649,1.4626433291851702e-21,1.0693853510278312e-06
0.9999999931340919,7.74172875099022e-28,6.865908025276392e-09
2.3018775508696306e-27,0.9999999999984506,1.54947574239383e-12
8.705352742046378e-08,0.7502103319765074,0.24978958096996517
0.9978357390706645,4.5446835495921043e-14,0.0021642609292902033
0.04555443078232762,4.050146055742658e-07,0.9544451642030669
2.176125308624096e-21,0.9999999965671054,3.432894587567177e-09
0.9999999588414247,6.189432384112456e-26,4.1158575308989e-08
0.03619896021755091,2.5377027759892014e-07,0.9638007860121715
5.690097009684757e-22,0.9999999974404163,2.5595837282473877e-09
3.3353926568839985e-15,0.9999726491796663,2.7350820330323544e-05
0.992135388670288,6.92352500405174e-14,0.00786461132964289
0.999995178128688,1.0444652940285803e-20,4.8218713120175095e-06
2.1115090489476908e-15,0.9999961345861378,3.865413859911641e-06
4.663325263612695e-16,0.9999966672160806,3.332783918987842e-06
1.4829991023292248e-26,0.9999999999928555,7.144614823609404e-12
0.9999998467100717,6.101110449694788e-24,1.5328992841587816e-07
0.9999999566132246,3.093185083550372e-24,4.3386775324182876e-08
1.3469376928708765e-22,0.9999999980589824,1.941017529155117e-09
6.750212392510965e-05,0.0003331671608255544,0.9995993307152493
1.2930397797323834e-07,0.6119168303870999,0.38808304030892227
2.9362839934371416e-24,0.9999999997761548,2.2384514615235228e-10
0.9999999994131126,2.5888508209480227e-28,5.868874222302376e-10
0.9999999926973373,2.2135526127315656e-26,7.302662601453278e-09
0.9999997707017079,7.413325702418763e-24,2.2929829217778347e-07
0.00011419970626273534,4.7505262926415666e-05,0.9998382950308108
0.6673876354980542,4.536480506008832e-11,0.3326123644565811
3.040652522921282e-06,0.05778500442334026,0.9422119549241368
0.9999999576226808,6.554208575952932e-26,4.237731928921136e-08
0.999452663353267,9.135306391684113e-17,0.0005473366467330698
1.1557505583546056e-13,0.9999657433681721,3.425663171210251e-05
4.256749739664371e-24,0.9999999997188258,2.8117427038867787e-10
2.133998247427757e-19,0.9999999438238556,5.6176144375427216e-08
1.633080091995498e-05,0.056339391915180226,0.9436442772838999
0.9999999942294,5.889777789798102e-26,5.770600071393674e-09
8.704294867635898e-24,0.9999999998199223,1.8007777378765548e-10
1.6446187918574852e-07,0.3067076692626006,0.6932921662755201
0.05969993954688444,5.653308212394341e-07,0.9402994951222943
0.009609676986813516,4.5693328900698164e-07,0.9903898660798975
8.830596651620629e-13,0.9993703848133341,0.0006296151857830121
2.27481270943155e-18,0.9999996547731808,3.4522681910274206e-07
0.9999999989829633,5.089975643924653e-29,1.0170366774550332e-09
1.2246006524963086e-21,0.9999999992488708,7.5112925836877e-10
9.316372996996486e-12,0.9796545233958112,0.020345476594872316
0.9999839484631291,1.6344062914427587e-19,1.6051536870872556e-05
0.9578909126857453,1.761191080444629e-11,0.04210908729664275
0.9999999992755773,5.600008871827229e-28,7.244228135098589e-10
2.272553081808496e-17,0.9999818794613303,1.8120538669787398e-05
0.9959261098095217,4.132801238013995e-14,0.004073890190436915
0.004003573976346733,1.1192918800461496e-07,0.9959963140944653
0.9999999873065234,2.3209612150106062e-26,1.2693476557219044e-08
4.683365097811596e-09,0.8777025487410721,0.12229744657556274
2.054467548797393e-14,0.9999199618002524,8.003819972690115e-05
2.520708917825018e-05,0.00894805613316295,0.9910267367776588
0.906321320668545,8.426079139534926e-12,0.0936786793230289
0.9999995155235801,4.054506596083502e-21,4.844764199492116e-07
0.9998710693430017,1.771900930533174e-16,0.00012893065699808346
3.229646011381782e-10,0.9634000144869994,0.0365999851900361
0.0028314829084242067,9.572960651266271e-06,0.9971589441309244
0.007423782036468214,1.5635203173961808e-07,0.9925760616115
0.9999818457319867,1.4653228418715504e-18,1.8154268013281506e-05
3.9917853068502175e-21,0.9999999773048781,2.269512182497229e-08
1.389320219913828e-15,0.9999604935722097,3.950642778894134e-05
0.011649773083416321,3.2366256548036586e-08,0.9883501945503271
0.9956506513662327,4.85215796984523e-13,0.004349348633282015
0.0002068820249948273,1.2522109721175687e-05,0.9997805958652839
0.0003672457909110791,0.00016423356558458295,0.9994685206435042
0.0005983568770718977,2.1931968688573245e-06,0.9993994499260593
0.9125989483525958,1.8037696020699792e-11,0.08740105162936639
6.984848117492098e-17,0.999995109200268,4.890799731946376e-06
0.9998868282120553,2.3077708930124327e-17,0.00011317178794479297
0.9968443089665285,8.320680408829826e-15,0.0031556910334631727
0.9999821702178651,1.4191187983758957e-20,1.782978213500789e-05
2.2984184894024764e-18,0.9999997914406735,2.0855932660950585e-07
5.225810125626585e-24,0.9999999997927784,2.0722151757840033e-10
0.0126479782303872,1.6860122598646136e-07,0.9873518531683868
1.7667297012374027e-17,0.9999964801697911,3.5198302088926927e-06
0.0016230537866841301,1.4415381875647759e-05,0.9983625308314402
0.9999999966971056,4.156279545577087e-28,3.302894358529639e-09
0.00021245293099872347,0.00021428248423035733,0.9995732645847709
1.8553637817103532e-17,0.9999968331136676,3.166886332324764e-06
0.9999999969234947,9.527266493345221e-29,3.0765051536500935e-09
0.9999999998311444,3.807522410983527e-30,1.6885551594614053e-10
4.133239777497867e-06,0.02181931920485741,0.9781765475553651
0.9999999781668283,7.11701777961581e-27,2.1833171610588557e-08
3.412680695236812e-10,0.9881906029572135,0.011809396701518472
0.9999999800412769,7.573386726064828e-27,1.995872316636885e-08
1.3345413170976599e-11,0.9888410803072388,0.011158919679415654
0.002222863526350686,1.880685309078151e-05,0.9977583296205585
0.9999999986347972,1.9023711102807757e-28,1.3652028755237127e-09
0.9999876255814633,8.373344820378423e-19,1.2374418536807192e-05
0.02316234901746212,1.7751963607145732e-06,0.9768358757861773
0.9967995498679678,1.8924521959057463e-13,0.0032004501318429945
0.0007207291257688743,6.589235342823012e-06,0.9992726816388882
0.999504361765356,1.2931792150888145e-15,0.0004956382346427729
0.9999999996413822,8.232210357143382e-30,3.58617770857255e-10
0.9988805571910795,2.804185768910207e-16,0.0011194428089203775
1.2772146268967593e-05,0.00915392918120187,0.9908332986725292
8.408636477001437e-19,0.9999997615377001,2.384622999376079e-07
0.9999465610018738,1.9392256003989976e-17,5.343899812600078e-05
0.20177573441133564,2.956489735861276e-08,0.798224236023767
7.182532711307469e-17,0.9999988674898621,1.1325101378130788e-06
6.637742899847146e-05,0.0004832743791712076,0.9994503481918303
0.9999976534892826,2.0993984945112854e-20,2.3465107174368773e-06
2.8226729845079345e-11,0.9974720937691703,0.0025279062026029053
2.5336006955035133e-12,0.9995828435001507,0.0004171564973155845
0.9999999996889133,3.043629586743122e-30,3.1108669748071716e-10
6.75087145669565e-28,0.9999999999984222,1.577931715501887e-12
0.07334880489954657,3.534708712612426e-08,0.9266511597533663
0.9999982186557799,3.4932535480029734e-22,1.7813442202052345e-06
0.9999989736594697,5.240144662799485e-22,1.0263405303400588e-06
0.9999588049132291,6.282549103690044e-18,4.119508677099055e-05
0.0023155120369580504,8.53080094380347e-06,0.9976759571620981
0.9989733828387235,6.272122970747e-17,0.0010266171612765954
0.9999999999177702,3.8744748431186436e-30,8.222968369821239e-11
0.0005800654711259788,4.626280101514395e-05,0.999373671727859
2.192810178418109e-06,0.179562772642128,0.8204350345476936
4.148091270042432e-10,0.506963496169148,0.4930365034160429
6.555503542507385e-27,0.999999999994645,5.354954274477811e-12
0.1828138411506323,4.097051968860858e-08,0.817186117878848
8.701481460940033e-07,0.03497072887952359,0.9650284009723303
3.460145748009831e-05,0.018195323975242535,0.9817700745672774
3.7812371244550286e-09,0.773423252520036,0.22657674369872674
0.003975821981767686,8.201991302279191e-08,0.9960240959983193
0.9996496126137203,2.2088258498802163e-17,0.0003503873862795359
0.9993581188837143,1.0510133757321272e-16,0.000641881116285842
4.297832570680032e-07,0.1390162931710765,0.8609832770456664
5.03250242180947e-10,0.9781386120351784,0.021861387461571583
4.333760742251106e-22,0.9999999625244343,3.747556559868341e-08
3.9907010389907806e-28,0.9999999999996858,3.1413691361032043e-13
0.0016427110264398829,1.8500001557139518e-05,0.998338788972003
0.9999971615351804,1.19919185612379e-19,2.838464819568334e-06
1.3907830118642715e-06,0.4823927856105383,0.5176058236064499
1.486100422284692e-08,0.7763744155871635,0.22362556955183224
5.29416364280618e-05,0.00013777176980218485,0.9998092865937697
1.8561151490949214e-09,0.9699279677079641,0.030072030435920896
0.03967598646163067,3.9994438506004457e-07,0.9603236135939843
2.956678537001492e-07,0.5389289794228272,0.46107072490931905
2.189889682085404e-23,0.9999999995407705,4.5922952677360653e-10
0.999857185647921,5.987089042082188e-18,0.0001428143520790225
1.276806045200582e-05,0.008538302535812961,0.991448929403735
0.00010375515726295994,0.00028862638425423764,0.9996076184584828
9.069509592410925e-06,0.005176789800885578,0.994814140689522
1.5129782669425659e-06,0.013795324169440442,0.9862031628522927
0.061997193202118016,2.5397922593764424e-07,0.9380025528186561
0.000959210552201714,5.520692805923408e-07,0.9990402373785177
6.424840715750875e-09,0.893711448057791,0.10628854551736831
0.9996715124526205,1.4193595370827576e-15,0.0003284875473781133
6.557124548567913e-07,0.005401615685034176,0.9945977286025109
4.835006012438175e-18,0.9999994711440888,5.288559112281453e-07
0.001182781774278301,1.1373883826526426e-06,0.998816080837339
0.9990630665153789,2.612008528166919e-15,0.0009369334846184469
0.9999999991582442,1.6172673701940006e-29,8.417557601698856e-10
0.9999999999835334,7.232667004585149e-31,1.646649912022667e-11
0.9999939129153921,1.581107464765855e-19,6.087084607860919e-06
2.1147304978087668e-26,0.9999999999874294,1.2570707614600526e-11
5.819368346015483e-28,0.9999999999991598,8.402801832043177e-13
1.454687669150718e-09,0.9085591418561326,0.09144085668917964
3.5856813739571874e-07,0.05639379275764669,0.9436058486742159
1.9245190085412464e-22,0.9999999995912368,4.087632204537508e-10
0.00013352134952315922,0.0037284020102348763,0.996138076640242
0.9686039943027315,3.2300837692829792e-12,0.031396005694038394
0.039399023021892965,2.641949507624503e-07,0.9606007127831563
0.9999999988355499,5.715652358684068e-29,1.1644500713596826e-09
0.9990750846212803,4.503929070543707e-16,0.0009249153787193057
0.00034982955121980945,3.098796228967372e-06,0.9996470716525512
8.006854237769345e-10,0.9872628724233713,0.012737126775943113
0.9999998494533937,6.111530806943888e-24,1.50546606249999e-07
0.07169996538519811,1.326373632457598e-08,0.9283000213510656
2.0152105084094571e-22,0.9999999986496331,1.3503669033166905e-09
0.0971082965256952,1.6344331438440594e-07,0.9028915400309905
0.9999994020083479,2.4071750584768483e-23,5.979916520549876e-07
1.9484658741491407e-05,0.0003761511911772622,0.9996043641500812
0.9564564259411635,1.9482941327189565e-13,0.04354357405864157
1.9322491184562565e-17,0.9999995835287647,4.1647123520088705e-07
1.0534373876496109e-14,0.9998694266292776,0.00013057337071209355
4.0540089972554116e-10,0.9861803519304103,0.013819647664188995
0.9999999908404554,1.6683972388285867e-28,9.15954468711214e-09
1.271188877128389e-05,0.004637077759200325,0.9953502103520285
2.0252966190616644e-06,0.08197252532919845,0.9180254493741825
5.185300369943796e-21,0.9999999751083315,2.489166859506619e-08
0.0009486778753673115,2.6251908234997216e-05,0.9990250702163977
0.013991296099468403,1.0941959882291977e-06,0.9860076097045435
0.9201684571833668,4.5175012904594387e-11,0.07983154277145825
0.9999999428516307,1.4333780612780095e-26,5.71483693212802e-08
0.00018317163688151764,0.001119195287980721,0.9986976330751378
5.267256583946156e-13,0.9996030750996314,0.00039692489984180155
0.8108329889912763,2.9077770432999056e-09,0.1891670081009466
0.9999794610802062,1.1145252671541328e-18,2.053891979388626e-05
1.594335255734515e-17,0.9999989025095927,1.0974904072667763e-06
0.9998142578120804,1.1061493066829154e-17,0.00018574218791954258
0.9996365306161125,1.574527150485389e-14,0.00036346938387177096
0.002724485698747692,5.320370999772203e-07,0.9972749822641525
6.307663475574097e-18,0.9999995716911132,4.28308886863467e-07
5.627198703143829e-13,0.9964630982245233,0.0035369017749139696
1.254994133969149e-23,0.9999999999506382,4.9361768279175555e-11
0.0063077467156515,7.396700881231e-07,0.9936915136142604
4.992220174998771e-09,0.9071098744764696,0.09289012053131004
6.274798518845182e-14,0.9997089372014002,0.0002910627985369262
5.138478898240556e-08,0.14210420390169137,0.8578957447135196
0.004269205979255249,6.1980522007953515e-06,0.995724595968544
7.302372608654129e-07,0.0017113473797688338,0.9982879223829704
2.4683222899532606e-05,0.0018960744618502633,0.9980792423152502
9.17891981279166e-05,0.006052518568621367,0.9938556922332507
0.9999999991934032,3.9613832359364196e-29,8.06596786993815e-10
1.0926145090817398e-07,0.7714963982175544,0.22850349252099456
0.0002920400961732088,6.0086958088224696e-05,0.9996478729457385
0.013610217885803806,2.358475654667165e-06,0.9863874236385415
1.1545593424511315e-09,0.7712338186972789,0.22876618014816177
4.627881520726606e-05,0.00804075775763394,0.9919129634271588
0.06012048147508959,2.0894511866447782e-08,0.9398794976303985
0.9999983805675956,4.647838696513162e-22,1.619432404438872e-06
0.9999096571825138,5.0969243350762955e-15,9.034281748111062e-05
1.8589227869044605e-05,0.00017967800524064444,0.9998017327668902
1.4600549856488944e-28,0.999999999998044,1.95605277404194e-12
1.4675719214713496e-11,0.9978838939382285,0.0021161060470956646
0.9808531350858924,2.810111872152826e-12,0.019146864911297422
0.9999994861480317,1.4661785925878678e-21,5.138519683382857e-07
0.9999999728804202,9.120579654254445e-24,2.7119579816908593e-08
0.9999878155197698,5.181032936683616e-19,1.2184480230190975e-05
9.52341427937843e-06,0.0002953133922204577,0.9996951631935002
4.8786872962063913e-14,0.9998902896487015,0.00010971035124955488
1.9023851891441192e-06,0.02588700336776801,0.9741110942470428
4.761881521879445e-14,0.9998299933517929,0.00017000664815958208
3.0981739825970516e-06,0.28668404605182013,0.7133128557741972
0.00016556535468043894,0.00017166959447176207,0.9996627650508477
1.575738174375198e-06,0.12692936924945866,0.8730690550123669
0.9993429047725008,4.1833021294944566e-16,0.0006570952274987987
9.904249326852236e-05,4.225139609772976e-05,0.9998587061106338
3.8798292663852326e-18,0.99999992230526,7.769473988753634e-08
7.77478059127728e-13,0.9994266563472652,0.0005733436519573186
3.164171071307074e-10,0.9186932537984328,0.0813067458851501
0.0002173113626537086,6.109848868767948e-05,0.9997215901486586
7.195081960953793e-25,0.9999999999401028,5.98971018287267e-11
0.9999999606130445,6.512264421998103e-26,3.938695543578799e-08
0.028428881159679082,1.673345525067163e-07,0.9715709515057684
2.2507832833909126e-05,0.07969916552106239,0.9202783266461037
0.9554509789305025,1.5561785857072502e-11,0.0445490210539358
9.485155039403734e-06,0.005993459034080911,0.9939970558108796
0.016520331043915298,2.8773774007153417e-07,0.9834793812183447
2.6388986817150523e-22,0.9999999953182421,4.681757777230825e-09
0.9992258867955235,5.07984884765996e-15,0.000774113204471462
0.9997299824907775,1.7232362824358692e-15,0.00027001750922067816
2.2997563844708676e-14,0.9999464790780658,5.3520921911081495e-05
3.5011402693312494e-05,0.00037896684610123606,0.9995860217512054
0.11037886717068517,1.7426246125832275e-06,0.8896193902047024
0.9999998866432871,3.195245125392941e-24,1.1335671286249588e-07
0.001995680387104123,3.93939443132616e-07,0.9980039256734528
1.0094033296984194e-13,0.9991362238416049,0.0008637761582941398
5.233564730011817e-27,0.9999999999982823,1.7177453156072389e-12
0.9999999739015732,9.927414633005684e-25,2.609842668808192e-08
2.0141450321841007e-06,0.23404848417809582,0.765949501676872
0.9999782271716173,3.132158133145512e-19,2.1772828382685477e-05
0.05391000762552129,1.8593479643745596e-08,0.9460899737809991
0.9995427905248894,8.873362268576331e-16,0.0004572094751097391
8.10996300570918e-09,0.7859496740805338,0.21405031780950315
0.9999999992852198,4.706680745778195e-28,7.147802386013345e-10
0.00034647427554524774,0.0001207516277648884,0.9995327740966898
3.10012920046775e-05,0.005881720834821298,0.9940872778731741
7.1136267614551e-12,0.9932400083022932,0.006759991690593142
0.05373629960561984,4.028730233992156e-08,0.9462636601070779
1.025263967745697e-20,0.9999999524210801,4.757891985706345e-08
1.8095604155798027e-28,0.9999999999990212,9.787780900152732e-13
2.657583087035989e-23,0.9999999998320022,1.6799789095821783e-10
0.00027635639758044595,3.382939912870451e-06,0.9997202606625067
0.9999996079169734,7.971642483236644e-23,3.9208302673641417e-07
1.2108160550434862e-25,0.9999999999650913,3.49088066183711e-11
0.9998682440175365,8.85449596853179e-17,0.0001317559824636047
0.999999748379669,8.847875755188639e-24,2.51620331009134e-07
8.096897548358831e-10,0.9635039152248344,0.03649608396547589
0.9999999507877337,3.854791455408704e-25,4.9212266197436124e-08
0.0003528872743816107,1.0412953502200788e-06,0.9996460714302682
3.310476762938548e-17,0.9999994665987012,5.334012988083683e-07
0.9999936076964648,2.3617690846968503e-20,6.392303535061964e-06
0.00043441076732447467,9.204554225177254e-05,0.9994735436904238
1.2386318657640186e-12,0.99895964367247,0.0010403563262912808
0.9999986908115697,2.4011446653928454e-22,1.3091884302595034e-06
4.200275248097885e-06,0.009109955752795293,0.9908858439719566
4.6457950278751915e-26,0.9999999999936691,6.330934914597563e-12
0.0010370064369912536,0.0004892229947506243,0.998473770568258
8.31805907029062e-05,6.795335649354781e-05,0.9998488660528035
0.999856035117004,2.1172289539606343e-17,0.00014396488299581403
0.9993665574181904,1.894054634510003e-16,0.0006334425818093095
1.3684504395240207e-09,0.9337989554175397,0.06620104321400999
4.181637784196075e-05,0.0007081741833164985,0.9992500094388415
0.6284732270508809,6.8788529202969095e-12,0.37152677294224024
8.939806217103474e-07,0.00354367645428162,0.9964554295650966
4.6398268338937786e-05,0.00011341947511671239,0.9998401822565445
0.0029389494712721226,1.1276534447945577e-06,0.9970599228752831
2.45683149511189e-25,0.9999999999678848,3.211510194869093e-11
0.9993125686143629,7.522742359264163e-16,0.0006874313856364904
2.99274408352675e-05,5.5587317352807195e-05,0.9999144852418118
5.876451666987103e-13,0.9989981398520573,0.0010018601473550188
0.01073125941642008,7.559252561983406e-06,0.9892611813310179
0.015707862508734554,5.764518986950707e-08,0.9842920798460756
0.9999998871710224,1.1486084542661818e-23,1.1282897757636479e-07
3.9339214330738904e-05,2.354318008007392e-05,0.9999371176055892
6.580549278964353e-20,0.9999999795149748,2.048502517121791e-08
0.9999987934009097,1.0508782332715404e-21,1.20659909018426e-06
7.340004487737234e-09,0.8823138071937471,0.11768618546624841
7.268282826069817e-10,0.8037752184443757,0.19622478082879605
4.698261009966949e-18,0.9999989576505122,1.0423494877714956e-06
0.9999999999722986,1.055013093417151e-31,2.7701469208851767e-11
2.960813775881896e-10,0.9592791871068799,0.040720812597038726
0.9987302543795479,4.4903159521010943e-14,0.0012697456204073428
1.0119148843761417e-05,0.0009056693070336849,0.9990842115441225
0.0003633315370045191,2.8969780752512433e-06,0.9996337714849203
0.2318350400703371,9.925084699051009e-09,0.7681649500045782
0.9999999996851427,6.982597922955606e-30,3.1485732680332075e-10
0.9997261315178085,1.6544503705584155e-15,0.0002738684821900229
7.815630558807469e-07,0.17321713411979223,0.8267820843171518
0.9978601282527897,1.394636041911969e-14,0.0021398717471962157
0.01086755214939496,1.7296966520406892e-06,0.9891307181539529
0.9999973059419383,2.766168234021161e-19,2.694058061776536e-06
0.9999999994143487,7.402267809938709e-29,5.856513946264915e-10
0.9999999957294692,4.502545216825017e-27,4.270530810485654e-09
1.261119847863899e-09,0.9805470015376262,0.019452997201253836
0.9999999990219686,9.860861256168417e-29,9.78031371144482e-10
0.9999977021178577,1.385327179183391e-20,2.2978821422454984e-06
1.6914570019273592e-13,0.9996370266699405,0.0003629733298902659
7.577389391892361e-19,0.9999998068909473,1.931090528711596e-07
4.0070803790008233e-13,0.99971194971914,0.0002880502804593233
7.751833330456839e-15,0.9997229449792215,0.0002770550207707332
3.3029372718304027e-18,0.9999998057012423,1.942987576406132e-07
3.6025123301363525e-17,0.9999967176408572,3.2823591428445595e-06
1.0790856191017622e-14,0.9991455182332593,0.000854481766729957
1.7369743206525814e-15,0.9999768452955061,2.3154704492150142e-05
0.08788206964567039,9.309168419985623e-09,0.9121179210451613
2.3597844839087985e-11,0.9968110459820306,0.0031889539943717182
0.0005176547679679642,4.5797879173005436e-05,0.9994365473528591
0.00021049271336394949,3.276995705455019e-05,0.9997567373295815
0.9999999735082503,5.106570463289175e-27,2.649174963283268e-08
0.9887425031263717,2.8317831361542594e-13,0.011257496873345055
9.531785865854368e-07,0.23852532554289582,0.7614737212785176
0.9999998684746212,2.8387189969983373e-24,1.3152537891205533e-07
0.0002647261199438085,0.0006780253823200706,0.9990572484977361
1.6467158975796722e-11,0.9951584074080042,0.004841592575528755
0.0004816959002472244,2.5761201770202166e-05,0.9994925428979825
0.9999999994693136,2.9882329979732103e-28,5.306863686689527e-10
0.0015100211752266223,0.0001097909386412997,0.998380187886132
3.2613093946646033e-19,0.9999991389280296,8.610719703405245e-07
2.916831395171932e-05,0.0009750620502714408,0.9989957696357769
1.9829139086483288e-14,0.9999017890999747,9.821090000548833e-05
0.999999994873225,1.0622731880251599e-25,5.126775046060225e-09
0.9999999993640731,1.2622520059220453e-29,6.359269155635231e-10
0.9999886365264379,5.76004095790288e-18,1.1363473562222716e-05
5.671578829126248e-06,0.003152547891749621,0.9968417805294212
3.5605413665735784e-16,0.9999878705323398,1.2129467659790002e-05
0.05418969035847658,6.082876501196195e-07,0.9458097013538732
0.00898786265491543,1.5909418833058374e-06,0.9910105464032013
0.9971612711570725,4.495029941487305e-15,0.0028387288429230057
2.347997864330491e-17,0.9999989210359652,1.0789640347951716e-06
0.9998929222464888,8.007019181033736e-19,0.00010707775351114496
0.004598450788513713,9.121680442903939e-07,0.9954006370434421
0.9999999954226775,2.3114857711360384e-27,4.577322415628308e-09
0.00014427616702403483,0.004085733916207127,0.9957699899167688
0.021750671810161805,3.590908282924778e-08,0.9782492922807554
0.9997321817757866,8.9865215448771e-16,0.000267818224212424
0.015294668389195076,1.6998251221736268e-07,0.9847051616282928
5.12544132226118e-05,0.018437984912453364,0.9815107606743241
0.920074309003918,1.9613989392024842e-12,0.07992569099412063
0.9992392597046724,6.606447815523137e-16,0.0007607402953270151
0.0016314952831956065,9.29520878239113e-07,0.998367575195926
0.9999999995829116,1.474030265207113e-29,4.1708834327902894e-10
1.2331305735531508e-20,0.9999999069486465,9.305135341539372e-08
0.000987656708449229,4.752268536036498e-06,0.9990075910230148
2.789803742261028e-19,0.9999997427590825,2.5724091737957514e-07
4.556946621111336e-07,0.22682393663781852,0.7731756076675192
2.934470680001275e-06,0.0012599809711822821,0.9987370845581378
0.030736274627442106,7.369911492031332e-08,0.9692636516734431
2.428485148727561e-06,0.0017970660905184176,0.9982005054243329
0.9999528340696606,1.4423808422035508e-18,4.716593033938979e-05
0.9999974386669802,3.1570335677138505e-20,2.561333019739492e-06
1.0247357516606589e-19,0.9999999643961229,3.560387691828695e-08
0.8831956038712512,3.9229681775557337e-11,0.11680439608951912
0.0007709723806935284,6.573362767955239e-07,0.9992283702830297
6.9236959611364e-20,0.9999998747122499,1.2528775010050766e-07
7.98545236738689e-09,0.854345255362989,0.14565473665155865
0.9999997730271806,4.898408088795826e-25,2.269728194174377e-07
3.576637686640058e-06,0.002552197858235869,0.9974442255040775
0.9981504280454322,1.2688273900205747e-15,0.0018495719545665306
0.9987447218648429,6.314532015018965e-15,0.0012552781351509847
1.0007983145585686e-09,0.8301863283534401,0.16981367064576142
8.642856062854307e-05,3.9207578698422e-06,0.9999096506815016
0.9999981229545981,2.8131598134108383e-21,1.877045401980226e-06
6.626982933959393e-06,0.0006382039708907926,0.9993551690461754
1.7873863478006118e-12,0.998494761449282,0.0015052385489305734
1.3520486183361836e-17,0.9999976340837322,2.3659162678376105e-06
0.9999581851283239,4.845186534375568e-19,4.18148716761686e-05
6.478041327359678e-08,0.8310717088823815,0.16892822633720536
3.234831193963826e-22,0.9999999985615116,1.4384884846444534e-09
0.0002049474633653958,0.00013320543123892135,0.9996618471053956
2.369441360322952e-07,0.16269361433116447,0.8373061487246994
4.137789762997327e-12,0.9990065861078095,0.000993413888052892
0.0003466351955598044,0.0006059509405993679,0.9990474138638409
2.4915118467374925e-09,0.7347780173079743,0.2652219802005138
0.00011587189506453445,0.0009649461927756986,0.9989191819121599
0.010228257487950915,3.432198522879254e-08,0.9897717081900638
0.9999999062623707,3.9487061018556304e-25,9.373762930525749e-08
0.9981991997664805,5.843052998306224e-14,0.001800800233460983
2.417811532603151e-19,0.9999996821733452,3.178266548282214e-07
3.9507830687551636e-05,2.1831357217927013e-05,0.9999386608120946
0.9999999232923825,9.51670466618072e-26,7.670761754516355e-08
1.5456606039524738e-13,0.9999131914432298,8.680855661574838e-05
0.0002483704380128031,0.0008011793508192331,0.9989504502111679
0.9959256828393402,1.3459848661332412e-13,0.004074317160525142
9.691982187262339e-20,0.9999998431669028,1.5683309726162872e-07
3.986860449302325e-18,0.9999992042194563,7.957805436591285e-07
4.417171496839538e-21,0.9999999612388508,3.876114922632075e-08
0.0025544637526107696,2.9782469149924924e-07,0.9974452384226978
2.127509072042039e-11,0.9862912426847856,0.01370875729393928
0.9999999234345268,2.7701912740599494e-25,7.656547325367523e-08
0.9999989549114989,1.0916325681504477e-21,1.0450885011665297e-06
3.176051738497497e-05,6.040495607332202e-06,0.9999621989870077
0.999999624298353,3.5378341359505513e-23,3.7570164693667555e-07
0.9999998031793759,2.6510039854182158e-24,1.9682062406422317e-07
2.1338624649869304e-06,0.011539826306698012,0.988458039830837
0.9856095546709612,3.6960618258882116e-12,0.014390445325342657
0.997718130865438,1.1600279298598163e-15,0.002281869134560782
2.2854846878842745e-17,0.9999995190452418,4.809547583158859e-07
2.6220339296177185e-07,0.8027759024530963,0.1972238353435107
2.8093024354967476e-25,0.9999999999698359,3.0164139318641275e-11
0.020169492091921103,9.30352006772705e-09,0.9798304986045588
0.9992192728318399,2.3832270663070897e-15,0.0007807271681575868
2.045281576201412e-14,0.9998214804205107,0.0001785195794689605
0.010596012943717483,2.2322649074518735e-06,0.9894017547913749
4.165695086350284e-06,0.04993980436416009,0.9500560299407537
0.00035215539841467955,0.00026848982017039927,0.999379354781415
8.4935988962969e-05,0.0007392469582144364,0.9991758170528227
1.358340166811775e-16,0.9999613968695475,3.8603130452318235e-05
4.8736639057979267e-05,0.009295231400901577,0.9906560319600404
5.003292548931634e-09,0.9507740933011679,0.04922590169553949
3.528553933759506e-13,0.9996998984739901,0.00030010152565689675
0.9999999972097315,1.5436147981260877e-25,2.7902685593057915e-09
0.0002716376286799407,7.144728827860453e-05,0.9996569150830416
0.00012606028126603804,0.00010275393104651474,0.9997711857876875
0.9594203698770438,7.334668471949622e-13,0.04057963012222259
0.9904062134953582,3.4594928027416826e-14,0.00959378650460729
1.4594304190841962e-11,0.9963590748741901,0.0036409251112156627
0.00016438803320443902,4.599503055921768e-05,0.9997896169362365
6.699259876370209e-22,0.9999999969611411,3.0388590265425658e-09
0.9754822858994804,1.4895647287707817e-12,0.024517714099030172
0.9999987441531013,1.1234704055861373e-22,1.2558468986383225e-06
0.9973277444615479,5.647756883601852e-13,0.0026722555378873277
0.10221499252915471,3.112091964207401e-08,0.8977849763499256
1.2473187604870426e-05,0.0190750893210714,0.9809124374913238
0.9894907865226122,1.0856560436131505e-13,0.010509213477279383
2.455028847360873e-06,0.262212189109117,0.7377853558620356
3.6241056084697153e-11,0.9764263685966846,0.02357363136707418
1.1801815419574552e-13,0.9997608906127856,0.00023910938709626841
0.9999663828455752,7.03297298335035e-18,3.3617154424851745e-05
0.9999990868233583,1.2727007536717138e-22,9.131766417176566e-07
2.7990784280178075e-05,0.01961849212445643,0.9803535170912633
0.999998207310668,9.939251656022715e-21,1.7926893319199675e-06
6.86493492928758e-20,0.9999999194943547,8.050564522750385e-08
0.9982330174101708,1.605436095824309e-14,0.001766982589813203
0.000765411164045024,6.763725643254525e-06,0.9992278251103117
6.125164439941807e-15,0.9998022026819411,0.00019779731805276803
0.9999999971229512,2.901323779403472e-28,2.87704887275502e-09
0.9779249359444226,2.01480771458466e-12,0.022075064053562517
0.9999428296223016,8.710325050902062e-19,5.717037769843601e-05
1.5938375331117882e-06,0.49524017765589406,0.5047582285065727
1.4572392409312575e-15,0.9999867585631532,1.324143684511062e-05
7.244758196703277e-05,0.0007273133266847843,0.9992002390913483
0.9999744093535603,2.323775910805825e-20,2.559064643960693e-05
0.19287605812301675,1.468764391876287e-07,0.807123795000544
0.0007010289045242783,1.683413342292919e-05,0.9992821369620527
0.12368985790193433,1.9542209654995813e-07,0.8763099466759691
0.999999998467636,2.5037393776078813e-28,1.5323640424364788e-09
9.933788931383107e-19,0.9999992884130372,7.115869628709497e-07
0.9999999996685025,1.579404784557114e-29,3.3149752851056427e-10
4.311293639741816e-11,0.9832519988579884,0.016748001098898544
0.9999999966390936,1.4342653197473713e-27,3.3609063271082813e-09
0.9999999992119919,2.1156060975132915e-29,7.880081169366662e-10
6.373995014243115e-08,0.7334806104962556,0.2665193257637942
0.01690494981656393,3.6197168909723577e-07,0.9830946882117471
0.0008179365659948046,3.14747808200307e-06,0.9991789159559232
5.962176542144516e-10,0.9945308974584464,0.005469101945335896
0.001220526022984866,1.4063240156519575e-05,0.9987654107368588
0.9999962248103962,2.092442078360162e-20,3.7751896038411668e-06
0.9999852987560616,6.972810655397281e-19,1.4701243938392893e-05
0.0002579351040796178,2.3232546781277978e-06,0.9997397416412422
0.024806124590803016,2.985198020413046e-06,0.9751908902111764
1.5510148799878106e-10,0.991004199843378,0.008995800001520487
0.99999970787212,8.188782270047556e-23,2.92127880032318e-07
0.8727364750677131,8.212591450231407e-12,0.12726352492407417
3.546032385324932e-12,0.9992463652059649,0.0007536347904890376
0.9991460903267543,9.844071123627613e-14,0.0008539096731470956
0.8692424643549965,7.68411890832727e-11,0.1307575355681623
0.000332376811851867,6.221029548530872e-06,0.9996614021585996
0.9996867951587233,1.0613526965849354e-14,0.00031320484126596214
3.369772908501999e-22,0.9999999983092196,1.6907803168657876e-09
0.9997001788145965,1.2610907745936657e-16,0.0002998211854033016
1.8684883182851394e-06,0.1514153001483661,0.8485828313633156
5.4530039731397684e-05,8.803974670846079e-05,0.9998574302135602
4.6254489668471934e-23,0.9999999992380921,7.619079579244576e-10
2.425430047649563e-10,0.9194965367116169,0.08050346304584002
2.749033232380307e-05,0.002002725382931782,0.9979697842847445
6.925656887045005e-12,0.9971136584853675,0.0028863415077067136
2.3459667577822883e-15,0.9999209351226261,7.906487737145994e-05
0.0022891310744323243,5.1547320101441555e-06,0.9977057141935576
0.8703128695551967,1.4348442447705297e-09,0.129687129009959
1.6340981216548963e-10,0.9602163199585403,0.03978367987804984
0.4513200043911435,1.520879638032871e-08,0.54867998040006
1.519649419135352e-15,0.9999893213188291,1.06786811693238e-05
0.0001953594688881653,0.00010490181361594483,0.999699738717496
1.172726253443145e-27,0.9999999999949947,5.005367136237003e-12
9.408661515173826e-22,0.9999999983683028,1.6316973142926336e-09
2.0215074707444315e-20,0.9999999898612008,1.0138799355375627e-08
0.0006552754145089719,0.00023429275952834222,0.9991104318259626
0.9942477066252731,4.290102072985824e-13,0.005752293374297916
1.1271143869947081e-05,0.0011164005545755207,0.9988723283015545
0.0039033840768120955,1.2592091190143893e-07,0.996096490002276
7.699268398816019e-06,0.011756949259870123,0.988235351471731
0.9997520382592847,3.1277755269797906e-16,0.0002479617407150085
3.2957853759236353e-15,0.9999388324413944,6.116755860231075e-05
0.006405727598724107,7.970525714637026e-08,0.9935941926960187
8.686106934309702e-16,0.9999980266991807,1.9733008184749187e-06
7.823552965941986e-14,0.9999223393080113,7.766069191051937e-05
0.9999364313651526,2.961484215813845e-19,6.356863484738617e-05
8.736017149899264e-15,0.9999377979247772,6.220207521422642e-05
0.9999999647968084,1.245426294294421e-26,3.5203191470138364e-08
3.4817278344949035e-08,0.6903244714209812,0.30967549376174053
0.9999995770609734,8.501021489642459e-23,4.2293902647553723e-07
6.790258034951516e-08,0.34819848095117223,0.6518014511462474
2.6185093814056916e-27,0.9999999999985121,1.487902338701248e-12
0.9999970086831775,8.503354563006401e-21,2.991316822396643e-06
0.04214688444070692,4.2549785158616066e-08,0.957853073009508
0.0002520262900277678,0.00043596992008716686,0.999312003789885
1.2631813524346031e-25,0.9999999999882399,1.1760077103579562e-11
4.781878984006555e-21,0.999999978952901,2.1047099027246375e-08
0.9972962139501409,1.6654620465874733e-13,0.0027037860496926694
7.504223625490104e-07,0.45056179589138196,0.5494374536862555
6.118525612409352e-07,0.49251217097925665,0.5074872171681821
0.0001541943560009698,0.00013547524148872965,0.9997103304025103
0.021494029885545534,5.286689429480605e-08,0.9785059172475601
1.1904412547166815e-19,0.9999999961437498,3.856250301934441e-09
8.354632773697099e-09,0.9371893032750055,0.06281068837036173
7.993371790747842e-08,0.24351944690532037,0.7564804731609617
2.7722705388354484e-19,0.9999999027511773,9.724882271095233e-08
0.9995489612524981,6.253961604787809e-17,0.0004510387475018627
2.2535655834081936e-27,0.9999999999987994,1.2005801090091453e-12
0.9999999841214191,1.2666725414879001e-26,1.5878580789937895e-08
1.477030071223745e-14,0.9999478223314858,5.2177668499208076e-05
0.9980875674618229,1.1655631935383534e-13,0.00191243253806045
0.053315706429212094,4.6999407731463584e-08,0.9466842465713802
3.1195339568571443e-07,0.05097647586806087,0.9490232121785435
0.9095018728758227,6.086187418455404e-11,0.09049812706331543
0.9999389806152825,3.57708941578296e-18,6.101938471744945e-05
2.75551211540859e-23,0.9999999991300703,8.699295952425057e-10
4.449352318861832e-22,0.9999999991166433,8.833566257128328e-10
1.5083922303179302e-13,0.9982090031049107,0.0017909968949385141
7.453242515058425e-07,0.1315591164389723,0.8684401382367761
6.131526037554441e-08,0.139847721476007,0.8601522172087327
0.025442990007804703,1.321556584535493e-08,0.9745569967766295
0.9655638483623015,2.6665855652761184e-12,0.03443615163503195
0.0006290433003761215,5.752732422380078e-06,0.9993652039672014
0.9999999989537236,2.4288818050458878e-29,1.0462763769877288e-09
1.2928797679548108e-08,0.4843288787900284,0.5156711082811739
1.6732042054560526e-08,0.7139641683476491,0.28603581492030894
3.8126749140824805e-16,0.9999828975376958,1.710246230392774e-05
0.9822407499927555,3.3161301646772072e-12,0.017759250003928428
0.9999999993501587,2.319507768016607e-29,6.498412361282745e-10
1.465239031130499e-16,0.9999974408557493,2.5591442505093328e-06
1.1095642638015682e-09,0.9860153671331271,0.013984631757308755
2.913272976226029e-17,0.9999928831883277,7.11681167231193e-06
0.0005006014637809234,5.5182316405944645e-05,0.999444216219813
1.1483996882289335e-06,0.18765980251447942,0.8123390490858324
5.8978622033900284e-24,0.9999999998692022,1.3079791243077277e-10
1.7936436149131668e-18,0.9999996751160077,3.248839922685251e-07
0.9999956622892721,1.5301275852973364e-19,4.337710728073456e-06
4.0890273303908335e-19,0.9999994911248113,5.088751886398079e-07
0.000584985144389173,2.952656319317801e-06,0.9994120621992916
2.997959902525158e-14,0.999982629188232,1.7370811738015074e-05
6.568127253801539e-07,0.5585388834739179,0.4414604597133567
4.917275264539549e-06,0.002185910581555966,0.9978091721431794
0.9999722379171566,8.893578641493132e-19,2.7762082843473875e-05
0.999999999900054,3.066144521633752e-30,9.994609205761787e-11
5.851658220166403e-20,0.9999999466293215,5.3370678685194814e-08
0.9999999999671991,1.2555619327195476e-30,3.280091747554618e-11
4.0240677590157784e-21,0.9999999885373804,1.1462619670276118e-08
1.0673238962649713e-16,0.9999965677113382,3.4322886618286405e-06
2.1182516029930607e-09,0.9479120479818864,0.052087949899861936
2.3662941167788996e-05,0.0057186597800214616,0.9942576772788108
0.9765560465513952,9.094827749179423e-12,0.023443953439509856
4.8522131254265805e-05,1.0445978196030008e-05,0.9999410318905497
0.9977323512324925,9.662000414479533e-17,0.002267648767507663
0.9999966405477699,6.724568234848042e-22,3.3594522300096912e-06
8.017146009127256e-26,0.9999999999933835,6.61658677492233e-12
4.769574093369523e-27,0.999999999997012,2.9880031691565526e-12
0.011107377865866325,7.01637829359353e-06,0.9888856057558401
3.5058032245527418e-12,0.9981438294602585,0.001856170536235704
0.00017849500781454787,4.973492762864493e-06,0.9998165314994225
0.9934291429625375,1.8058398774497108e-12,0.0065708570356565335
8.695393885862261e-23,0.9999999996596189,3.403810649987134e-10
2.2058322155213468e-17,0.999998567576955,1.4324230448604211e-06
9.529120684999805e-05,6.433850633367444e-05,0.9998403702868163
8.763590118530433e-06,0.02397374701032711,0.9760174893995545
0.9999681732864512,1.0971826843471561e-17,3.1826713548853755e-05
1.7513074819447508e-07,0.5476433797625817,0.4523564451066701
1.2607144253993491e-14,0.9999483642598148,5.1635740172560825e-05
0.012194188066570398,7.090839673571078e-07,0.9878051028494622
0.0018852792134762954,1.2751181550781568e-06,0.9981134456683687
2.4984657532063675e-05,0.0009848558471575051,0.9989901594953106
0.9999998853381908,9.184024458553887e-24,1.1466180920610045e-07
6.474438497842082e-06,0.009667654402410584,0.9903258711590917
0.9999889489201111,3.4954220116712444e-19,1.1051079888883487e-05
0.9999999970193778,3.886997996145809e-28,2.9806220993173943e-09
3.366247324614991e-21,0.9999999853084562,1.4691543866228191e-08
0.9999999727011007,1.2272224319683703e-25,2.729889923512634e-08
0.0005921049728466408,6.036398027714632e-07,0.9994072913873506
0.9999999970483282,2.9929775674590324e-28,2.9516718040466992e-09
0.003531691007215872,1.8858750390655424e-07,0.9964681204052801
0.001764518668650434,1.5915597375059097e-05,0.9982195657339745
2.1483684188591503e-08,0.67590676138216,0.3240932171341557
1.5843303333389617e-14,0.9999521958967256,4.780410325872069e-05
0.00011760875277884058,2.7404248044539336e-05,0.9998549869991766
0.006011697560364919,2.518185132287245e-06,0.9939857842545029
3.107829825655312e-13,0.9983738825822444,0.001626117417444845
0.9978234288628534,2.7966927000431542e-15,0.002176571137143744
9.296032535980093e-11,0.9930771462590318,0.006922853648007742
3.7543148592840788e-06,0.0793123984894659,0.9206838471956748
5.0714561588225e-09,0.6043060493215412,0.39569394560700266
2.0357859174041848e-06,0.004081421415561243,0.9959165427985214
0.02230710805595825,1.9720501954289224e-08,0.9776928722235398
1.1977000747847462e-09,0.8514803972758679,0.14851960152643204
0.9984984617476372,2.5301973802767603e-14,0.0015015382523374144
1.5076835721724503e-11,0.989857215125599,0.010142784859324128
5.393530644278441e-09,0.8192058492515781,0.18079414535489113
0.9928640027672092,1.9092470924006307e-11,0.007135997213698254
4.527310240921024e-05,2.5208069435575242e-06,0.9999522060906472
1.0333151338616835e-13,0.9999558031704046,4.4196829492128225e-05
0.9999999805628726,1.0810064004343338e-26,1.943712730948229e-08
0.00018837964623434186,1.5412509252433365e-05,0.9997962078445133
0.00037382310017030436,0.00016347875272223412,0.9994626981471074
0.0006368246046095711,0.0003294672030402024,0.9990337081923503
1.825247036882655e-10,0.9823103076808966,0.017689692136578953
0.9999999996899882,7.855801060588253e-30,3.1001174669353564e-10
0.9999052666155123,4.88863099858513e-19,9.473338448775021e-05
0.9996475158095018,2.234580272322592e-14,0.0003524841904757945
1.8444365569508855e-06,0.010656580684900415,0.9893415748785426
0.9999807211906288,2.2131470490776527e-18,1.9278809371176692e-05
5.102063920869994e-11,0.9911958356154585,0.008804164333521027
7.174502676632265e-21,0.9999999945081268,5.491873207354783e-09
7.243179023068552e-19,0.9999997216657037,2.783342961974757e-07
1.942743809181909e-06,0.02573031208553387,0.9742677451706568
0.9965450528279324,1.1056578876390415e-13,0.003454947171956896
0.999832810768959,4.4240736975866566e-16,0.00016718923104047862
0.9999978255719587,2.1139615561452634e-22,2.174428041311639e-06
0.0006544271035306682,3.4008460811146664e-05,0.999311564435658
0.003761408159301642,1.090989532356308e-07,0.9962384827417451
0.999998298623778,2.924675465346976e-22,1.7013762220074711e-06
9.514657149173704e-16,0.9999818728172643,1.8127182734889657e-05
5.428610296819489e-06,0.003806287820474875,0.9961882835692284
1.6321763983677764e-06,0.13836706879602922,0.8616312990275724
6.905872462765718e-11,0.9856986163707795,0.014301383560161932
3.1076699936241043e-21,0.999999997484635,2.515364920537887e-09
0.9999996054889466,2.3041973850427195e-22,3.945110534624903e-07
2.6758645135746865e-22,0.9999999996072586,3.927414020161998e-10
2.9558522258049538e-05,0.00018568914745548145,0.9997847523302866
5.975142768786519e-24,0.9999999997577373,2.4226267791696607e-10
1.1778389299259211e-08,0.45814715137371564,0.541852836847895
0.9786679996266433,2.80692969213162e-13,0.02133200037307594
3.283708365406155e-26,0.9999999999958298,4.170198817733742e-12
3.124043979326873e-10,0.9922124148919464,0.007787584795649208
4.996389459430857e-24,0.9999999997558384,2.4416152196784004e-10
0.9999912312727407,2.416861482186358e-20,8.768727259320358e-06
0.0037353426494757193,6.703098855726977e-07,0.9962639870406387
0.9964066689996258,1.566521704225479e-15,0.0035933310003727226
0.17601387094952664,1.0559172338300511e-08,0.823986118491301
0.01206994780574618,2.5952800789410396e-07,0.9879297926662459
0.9999997155945836,6.711475625527651e-22,2.8440541657788456e-07
9.903681175646862e-14,0.9997184156841495,0.0002815843157514942
0.999010160822619,2.5482880155172535e-14,0.0009898391773554933
7.463938138700323e-15,0.9999756911320256,2.4308867966862366e-05
8.55762382810834e-18,0.9999958375798778,4.1624201221510515e-06
0.9955650212339155,7.263921426073793e-14,0.004434978766011597
3.3125251546007914e-09,0.452287364060138,0.5477126326273369
8.373725637345581e-26,0.9999999999773017,2.269828020790534e-11
0.9999813209736507,3.5309379166299003e-20,1.867902634928142e-05
0.9999999994412048,1.1460689941901893e-29,5.58795214020463e-10
6.920095510656064e-19,0.9999996689681722,3.3103182782855675e-07
0.9999103126520617,4.550785567701085e-19,8.968734793842893e-05
7.643621031039243e-15,0.9999637440791357,3.6255920856825e-05
7.253055337659983e-11,0.9984644018785872,0.0015355980488822097
8.229535367483769e-18,0.9999997439382812,2.5606171894938927e-07
6.210424224370608e-12,0.995265299625908,0.004734700367881672
5.908050237181256e-06,0.0028133993055051397,0.9971806926442577
1.5469625669774856e-28,0.9999999999996527,3.4731358629139604e-13
2.5170084235724573e-23,0.9999999998366726,1.6332724850732596e-10
2.1897660618482505e-05,0.0012155525612076261,0.9987625497781739
0.003030717620437003,2.6713311450078374e-08,0.9969692556662515
0.9999999932221872,1.908020001746487e-26,6.777812788466007e-09
1.6335380214080418e-23,0.9999999996326758,3.673242168837718e-10
0.0006127796754441039,0.0008348952029476201,0.9985523251216083
0.9994290656697745,7.279703431356235e-15,0.000570934330218166
7.893133121394388e-08,0.44524441974713913,0.5547555013215295
0.0008253948314151078,2.304906003515617e-07,0.9991743746779846
0.0016743714123856315,4.9378998718251e-07,0.9983251347976273
0.00010588679069475099,0.0002283325347762885,0.9996657806745288
0.980982421071013,4.067954754253956e-12,0.019017578924919107
0.9968863515482813,7.030231646664026e-14,0.003113648451648357
0.9999998793603387,6.484956122691966e-25,1.206396612470411e-07
1.4409611754576563e-19,0.9999999519628612,4.803713873715909e-08
5.465846174283486e-05,0.00045038638536939925,0.9994949551528878
8.148464677873311e-12,0.9814896352104915,0.018510364781360034
0.9999977758152195,8.348799621101971e-24,2.2241847805103938e-06
1.0764895631474025e-19,0.999999917555419,8.244458102925903e-08
0.0004933628149165793,0.0002230058880273902,0.9992836312970561
6.510041880483358e-08,0.8233323893099264,0.1766675455896548
0.9999999943186733,3.421533861599641e-27,5.6813268068432425e-09
0.9999936380169326,6.946879123056587e-20,6.361983067327611e-06
0.9999999963419075,3.214291720300709e-28,3.6580924254987834e-09
1.2331950764595031e-14,0.9998300962613066,0.00016990373868082108
5.430563292161303e-06,0.023246558661899744,0.976748010774808
6.856592636761811e-06,0.009753014913721183,0.9902401284936421
7.55440460781403e-07,0.16413067863459382,0.8358685659249454
5.422014136736405e-09,0.9799757960314514,0.020024198546534377
6.747441259225361e-21,0.99999996983665,3.0163349974672745e-08
4.240318604489874e-05,0.00033387403702228114,0.9996237227769329
0.0034588126038756105,5.892115961898751e-06,0.9965352952801624
0.9999999675756467,6.643619252441819e-26,3.242435320995979e-08
4.14556134783328e-15,0.9998607337790605,0.00013926622093526014
0.0033566837013883953,4.67442579659374e-05,0.9965965720406457
0.9999995702799144,1.3962051557718792e-21,4.2972008563044784e-07
2.890441967788351e-24,0.9999999993815514,6.18448568319083e-10
1.3192891223950125e-10,0.968695456681067,0.031304543187004034
0.010665345214766446,1.1428030087211227e-09,0.9893346536424306
3.6855988550257496e-19,0.9999997090736197,2.9092638022500914e-07
0.9869058695620291,2.1412450676844865e-12,0.0130941304358296
5.118085670659018e-18,0.9999990962452271,9.03754772820085e-07
2.6628843664824305e-12,0.9983916579850779,0.001608342012259325
0.007686305937756108,7.363702853266537e-08,0.9923136204252153
0.9999999995539766,5.539208093853492e-30,4.4602353732685586e-10
2.436007187075321e-09,0.9791614469628324,0.02083855060116037
2.6271550407137822e-05,5.610051521520324e-06,0.9999681183980713
9.742948088256401e-13,0.999821902638296,0.00017809736072973227
1.4692664352251302e-08,0.6503587703932595,0.3496412149140761
0.9994477015727319,9.774585117250648e-16,0.0005522984272672191
1.2942212422279173e-10,0.97292406872615,0.027075931144428005
1.0317531614904256e-05,0.055229863707268304,0.9447598187611168
0.04844891589520718,1.7082608262542991e-07,0.9515509132787103
0.020423738047645287,9.691450884438329e-08,0.979576165037846
0.00013299205381783755,0.00016208781518430336,0.9997049201309979
0.00015939691794020694,0.006405166203905385,0.9934354368781545
0.9999961163541674,4.8360695538048004e-20,3.883645832466132e-06
0.9999999134783114,4.831802523700964e-25,8.652168862954566e-08
0.0024644875228856072,3.883123886160068e-07,0.9975351241647258
0.9999999898666002,1.6875504526282643e-27,1.0133399900206541e-08
2.065881241390821e-17,0.9999988292014951,1.170798504858749e-06
0.0001399545382279333,0.00010249601001124657,0.9997575494517609
2.7153195242291838e-17,0.9999993421535804,6.578464196349443e-07
0.0007380412677064113,5.558743908736102e-05,0.9992063712932063
0.9999739539103512,6.875491358745904e-19,2.6046089648754204e-05
1.355707809103985e-18,0.9999979548842294,2.0451157706555806e-06
9.577687637161095e-15,0.9999908549163834,9.145083607072894e-06
0.9999999999271627,1.0659552730434442e-29,7.283724065212598e-11
6.130506231716638e-06,0.04505847869287568,0.9549353908008925
0.9999999997779014,5.5064025920575415e-30,2.220986693476079e-10
2.422457861340676e-17,0.999999483084434,5.169155661266856e-07
4.937154856254091e-14,0.9998130037863872,0.00018699621356366177
1.9645243061578717e-14,0.9999760459987723,2.3954001208209034e-05
0.9999855759190328,6.717251340900321e-19,1.4424080967271688e-05
0.008323745914980387,1.5650822705753415e-06,0.9916746890027489
0.9987456173201873,1.970408559582719e-15,0.0012543826798107833
6.018361783763651e-23,0.9999999998453102,1.5468987262136028e-10
0.0001854455944352122,3.144359169231076e-07,0.9998142399696479
0.9808459140034834,9.414666398786888e-12,0.019154085987101915
0.00023392208852865152,1.100367502311953e-06,0.999764977543969
1.1316067677188696e-16,0.9999971372206516,2.862779348059639e-06
0.9999999995543807,7.935894896656373e-27,4.456193310241058e-10
3.301724150483975e-12,0.9969571023960746,0.0030428976006236473
0.9999999891279733,3.234647777644048e-26,1.0872026663785075e-08
2.324196901591736e-26,0.9999999999866127,1.3387223925013593e-11
1.4450570654665215e-05,0.0010385663145549048,0.9989469831147904
0.9999894026648336,3.153621058166676e-20,1.0597335166493531e-05
0.9999999988594843,8.340008744036716e-29,1.1405156991616938e-09
3.392750189920228e-11,0.9957603499133818,0.004239650052690842
5.317224023284146e-23,0.9999999995611677,4.388323523973862e-10
0.9945439454388664,6.067193448798767e-14,0.005456054561072938
1.1595971249303546e-18,0.9999999480001822,5.19998176470716e-08
0.9993366779878292,2.789727320904921e-15,0.00066332201216794
0.9999999988799562,6.686891184069374e-30,1.120043810731152e-09
0.00011696992063070599,8.465310794176068e-06,0.9998745647685751
5.027482024825191e-12,0.9974710160357521,0.0025289839592203874
0.9999992626610806,9.611477712366037e-24,7.373389192687782e-07
0.9999999594772689,2.2633962359195932e-26,4.052273104324689e-08
2.1559495057158364e-10,0.9550538492508718,0.04494615053353312
4.131271527986409e-05,3.13312273466122e-05,0.9999273560573736
2.233146891318698e-19,0.9999999605909413,3.9409058654113224e-08
0.9999999689817646,2.408131528161852e-25,3.101823546372276e-08
0.20518648221627966,8.390929241194757e-09,0.7948135093927912
0.9999529123481008,2.2402142971664752e-18,4.7087651899325115e-05
2.3694422400926208e-05,0.007104411764606143,0.992871893812993
0.999999324279938,7.202119579814125e-22,6.75720062122468e-07
1.1577494349939857e-19,0.9999999661421575,3.385784258101338e-08
0.32535522713068293,1.5108748627545034e-08,0.6746447577605684
3.2731955667089845e-05,0.018232763785590515,0.9817345042587424
1.0855413585828657e-06,0.0019295862802232375,0.9980693281784182
1.5029007136772064e-07,0.8817625731926005,0.11823727651732809
0.9999785664391918,1.4800035418016061e-18,2.1433560808238816e-05
0.9994225176596947,2.0572645598304018e-15,0.0005774823403032953
2.7253076082832457e-08,0.4786180656474601,0.5213819070994639
1.6227273124613104e-21,0.9999999940506918,5.949308084435443e-09
0.0005568723876205606,6.778586222645038e-06,0.9994363490261569
0.0006975347054933544,6.133712109122013e-05,0.9992411281734155
2.1670493188035583e-09,0.9890683352556721,0.010931662577278697
5.090866084936039e-12,0.9994150771126652,0.0005849228822439116
1.8640906208237794e-11,0.9706973961066109,0.029302603874748374
0.9999999826070874,3.259815666212604e-27,1.7392912546479347e-08
7.662873631565939e-15,0.9998147136484618,0.00018528635153042684
0.9999999995123183,3.420437529501367e-30,4.876816599865828e-10
0.0006605972946784757,2.4629381458305004e-05,0.9993147733238632
0.9999999992772199,2.5227797054922217e-29,7.22780073725706e-10
0.0010616462223476963,2.0176715976957753e-05,0.9989181770616754
3.588310845063957e-07,0.0386555752799025,0.9613440658890131
5.83928873463208e-09,0.7063771033578917,0.29362289080281967
0.9999999144613698,3.992720589806672e-25,8.55386301887457e-08
5.3204755308811156e-05,0.001939873723289981,0.9980069215214014
0.4258508989887478,7.659654965379712e-08,0.5741490244147025
5.826550589828611e-13,0.9993741973297222,0.0006258026696951833
4.831833826932567e-11,0.9881670586607633,0.011832941290918383
6.651751532104309e-06,0.0025326124782653215,0.9974607357702026
0.9999999670054693,2.279389479209311e-23,3.299453074156047e-08
0.9994185768227086,3.756465206930262e-16,0.0005814231772909619
0.9997753442118339,2.762220984833665e-16,0.0002246557881659038
0.9999986996344569,1.3424264726686819e-20,1.3003655431433677e-06
0.9999944313392432,1.1670793689342008e-20,5.568660756964808e-06
0.9948728465420028,6.258675414857858e-13,0.0051271534573714
4.9427090807201906e-05,8.532360409299004e-06,0.9999420405487836
6.493447579393199e-05,5.645759470354873e-05,0.9998786079295026
0.9999999995674209,4.965464004668825e-30,4.325791597571549e-10
7.720673518526028e-20,0.9999999093868808,9.06131191885811e-08
1.8536884554977554e-27,0.9999999999915024,8.497713628735047e-12
0.007980489961193443,4.9616934483467625e-08,0.9920194604218722
1.5023894161099558e-05,6.90063238370736e-05,0.9999159697820018
1.1818011702566216e-15,0.9999783533422023,2.1646657796519558e-05
0.0024851044024979323,1.2082712630596281e-07,0.9975147747703758
3.6654238428218216e-22,0.9999999986118644,1.3881355675123803e-09
2.138900414696595e-25,0.9999999999808677,1.9132222404136022e-11
5.668736988984818e-05,0.012426310667856972,0.9875170019622532
0.00010335589448432395,0.00010069025343310744,0.9997959538520826
0.9999999996263551,1.0090217443444085e-29,3.7364496527657953e-10
0.999999999845653,4.846788213696376e-30,1.543468732452072e-10
4.594900341252908e-15,0.9999929803021598,7.019697835621703e-06
6.056160137192159e-06,0.01749811037761778,0.9824958334622451
2.0193220282803343e-19,0.9999998984775395,1.0152246048630985e-07
0.9999999848969023,1.607486394431111e-26,1.5103097554550145e-08
0.9994327638872043,8.677594264101224e-17,0.0005672361127958463
0.9999560534865694,1.2640490869833925e-18,4.394651343067546e-05
1.2730990128697217e-16,0.9999850683326231,1.4931667376680286e-05
1.2115582404834835e-16,0.9999988376057047,1.1623942951285098e-06
1.9222921591246315e-07,0.9017558855729615,0.09824392219782259
0.9999998256762852,7.050149889452965e-23,1.7432371474981722e-07
2.7926849799968875e-05,1.069525977720101e-05,0.9999613778904228
1.8942895902796162e-12,0.998099091351688,0.0019009086464178248
8.052179153326185e-12,0.9840830038023471,0.01591699618960072
0.9048340438983571,1.1719030555982439e-11,0.0951659560899238
1.3875906966820702e-15,0.9999882228744855,1.1777125513029909e-05
0.00017539648794438365,5.939876258816271e-05,0.9997652047494674
2.636451289913081e-07,0.01386118919241787,0.9861385471624531
7.0716436316110914e-15,0.9999843540141865,1.564598580637388e-05
0.9999834798016627,3.8162420026241466e-20,1.6520198337344054e-05
1.6082952888944823e-24,0.9999999998419233,1.5807659935540024e-10
3.347270970146768e-22,0.999999999541294,4.5870590776201156e-10
0.00035525847536205284,8.29397467528977e-05,0.999561801777885
6.871952482779976e-24,0.999999999407907,5.920931439931737e-10
0.019695380168261875,2.6703352655981374e-06,0.9803019494964726
1.3885248291346087e-06,0.005696936143962142,0.9943016753312087
2.7221230828354856e-14,0.9997631774180885,0.00023682258188426373
0.9967790648882986,1.6922202524749854e-14,0.003220935111684492
0.09454498221677192,1.1428228187989035e-08,0.9054550063549999
0.00020194044512044512,8.312939456513052e-06,0.999789746615423
0.9999999026785681,5.6844940967569445e-24,9.732143178633368e-08
6.852856318751574e-13,0.9980748281227018,0.0019251718766130424
0.9986931770058864,1.734273483788108e-13,0.0013068229939402405
1.4447241828822531e-09,0.9560488317407373,0.0439511668145387
0.99967792403243,1.4349450435429773e-15,0.0003220759675685247
1.8801107488725446e-15,0.9999894557407032,1.0544259295022312e-05
0.00030317223054654636,7.160269398637571e-06,0.9996896675000547
0.9999999111664782,4.3753960063864785e-25,8.883352185176644e-08
3.963373703528032e-09,0.8868003572355684,0.11319963880105796
8.370568106152143e-19,0.9999998102215115,1.897784883625921e-07
0.9999999046939012,3.71548543253105e-24,9.530609873830672e-08
0.9999999997669453,6.094454496258232e-30,2.3305468411121136e-10
1.356469578437927e-08,0.85175453136488,0.14824545507042414
6.6893329485029895e-06,0.0015692627009117298,0.9984240479661398
1.1674988276381423e-07,0.8613640685383284,0.13863581471178887
5.532686983446193e-23,0.9999999954148133,4.585186546068273e-09
0.9999267933019573,7.674681987330146e-17,7.320669804273503e-05
1.3252020449370553e-09,0.9899682616103666,0.010031737064431407
0.9978780399131065,1.134474038791059e-15,0.002121960086892287
2.341408308905899e-18,0.9999997692217655,2.3077823448698897e-07
3.687496109891858e-10,0.924810371179732,0.07518962845151837
0.9999974718405769,3.1876479478750687e-21,2.5281594230091794e-06
6.35868401976435e-05,0.0001424501477060934,0.9997939630120963
0.9991397595368728,1.2833424241059913e-14,0.0008602404631141643
6.047380189632961e-09,0.7102864193747428,0.28971357457787716
5.848949001347375e-07,0.016650334726876263,0.9833490803782236
0.9999999763469681,6.540807921085923e-26,2.365303188323884e-08
0.9851139527888163,5.881542886989682e-15,0.014886047211177722
8.685209578488981e-21,0.9999999911628951,8.837104952889543e-09
0.02084139536658829,8.125484999620611e-07,0.9791577920849118
9.940079436573315e-05,2.856127099811213e-05,0.9998720379346361
0.9999999973315394,5.718023349574502e-29,2.6684606527519276e-09
0.005821610760475753,3.2757076543477326e-07,0.9941780616687589
0.9986267687824971,1.2410752151974228e-13,0.001373231217378734
0.9969367587449998,7.297437801646667e-14,0.0030632412549271197
8.560514188119879e-09,0.5505649627416357,0.4494350286978501
0.009586005034110646,1.6383649098625115e-08,0.9904139785822402
0.8938087130474229,1.2574381805683496e-11,0.10619128694000261
1.8284415152315928e-16,0.9999991944507408,8.055492588831555e-07
2.2954648702244712e-07,0.5306993167505252,0.4693004537029879
2.6208295552419737e-06,0.7502054984401842,0.24979188073026048
0.00014678805227387253,0.001534240714955414,0.9983189712327707
0.9999999931096493,5.371809476581385e-27,6.8903507545100295e-09
0.0012877899885775767,3.856467597400977e-07,0.9987118243646625
1.405113238715116e-17,0.9999964146245462,3.585375453768848e-06
2.9132258150806446e-14,0.9999239609773686,7.60390226024683e-05
4.879714104522858e-06,0.003224861625708442,0.996770258660187
1.7237280047190797e-26,0.9999999999936919,6.308027352270911e-12
1.1697571179515788e-13,0.9999208079439802,7.919205590285232e-05
0.9999999997275604,2.0637725280900394e-30,2.7243955167964783e-10
0.9986696007521996,7.772886162775291e-14,0.001330399247722628
0.045157451409542956,3.171152665284579e-08,0.9548425168789303
1.9319959985114554e-07,0.5167132294820068,0.48328657731839336
2.03440208424325e-13,0.9998499274406718,0.0001500725591247935
0.00025662492105515814,0.0003513491065804176,0.9993920259723645
0.9999999995694551,5.933853600556359e-30,4.305450108530632e-10
1.1045240873615847e-19,0.9999999762634965,2.3736503538012028e-08
0.0006654642606088047,1.4769780367530963e-05,0.9993197659590237
5.951440459154021e-06,0.034353327300891995,0.9656407212586489
0.9999999978287748,5.040258424842212e-28,2.171225192124432e-09
6.258055762303922e-07,0.021679664482233425,0.9783197097121904
0.999531887410571,1.5244607217061402e-16,0.0004681125894288351
1.3414679978666813e-20,0.999999987060344,1.2939656060600805e-08
0.9999999486605242,6.769884213965646e-24,5.133947570231046e-08
0.9999999497759912,1.2938201880614297e-25,5.022400889651211e-08
6.660819743439591e-09,0.7715556803225382,0.22844431301664211
7.779926035865217e-08,0.21029404412557526,0.7897058780751643
0.9999986863740539,3.754478474729606e-23,1.3136259462331817e-06
3.3584936796757747e-16,0.9999786921106949,2.130788930453661e-05
0.2542549849907268,3.8415430123609144e-09,0.7457450111677302
2.033332288305642e-15,0.9999643550099963,3.5644990001837026e-05
2.574314526656059e-07,0.17331437229050123,0.8266853702780461
0.9999999855966111,1.4240405141197619e-27,1.440338904795305e-08
0.9999832138980638,4.775007772566876e-19,1.67861019363044e-05
0.005828873386463545,2.045698125721818e-07,0.9941709220437239
0.9974296586722402,1.1544394204920119e-13,0.0025703413276444956
0.9999999994085911,3.473168768724236e-30,5.914089581139126e-10
4.4358032133946166e-17,0.9999925914591795,7.408540820522575e-06
1.6330722761112674e-06,0.08441501725066558,0.9155833496770582
2.9853573777427678e-18,0.9999997348949162,2.6510508387655064e-07
1.4430601300762294e-20,0.999999974384782,2.561521796558635e-08
0.9974450553586756,1.5707435196875741e-15,0.0025549446413227627
2.1011453626429002e-10,0.9735329137895528,0.026467086000332613
0.007217872906115791,2.713026200594001e-07,0.9927818557912641
0.9999999999961438,2.1816944797083788e-32,3.856353889358547e-12
0.9999999996584372,8.834153954667002e-30,3.41562739216654e-10
7.959174189454466e-12,0.9961810008395504,0.0038189991524906265
1.1873387504774729e-08,0.6633802006626321,0.3366197874639804
1.5987578071368346e-07,0.5416671518553041,0.45833268826891527
0.9999999937760344,2.865952093989304e-27,6.223965595087145e-09
0.00024545690740642096,0.0007766316140362988,0.9989779114785572
1.897933012432561e-13,0.9998415962687156,0.00015840373109462643
0.9999984153617305,6.059521436615218e-20,1.5846382694117794e-06
0.9929587907348391,4.732016115099647e-14,0.007041209265113482
0.9984808855945202,1.2965767864778866e-15,0.0015191144054785865
2.851126031855042e-17,0.9999995392602805,4.607397194979658e-07
2.366192397904645e-06,0.0007156758855514676,0.9992819579220507
4.5038253438494525e-08,0.06712788496729136,0.9328720699944552
3.605936861695287e-18,0.9999991666702849,8.333297152241171e-07
4.0591501040313746e-20,0.9999999870211087,1.2978891264571626e-08
0.9999994850119897,9.088722522999863e-22,5.149880102763694e-07
0.9998173683995367,7.062259749455324e-17,0.00018263160046323008
2.9420064628536164e-06,0.01786449380785468,0.9821325641856825
0.999837012403581,3.4170998140405293e-18,0.0001629875964189918
0.0038452244281593564,1.032918818030989e-06,0.9961537426530225
0.0001389944582083259,0.00025240437423379756,0.9996086011675579
1.8622606562488404e-05,0.02971629808956134,0.9702650793038763
1.5446438868533833e-16,0.9999989420529621,1.0579470376130313e-06
4.22099599543471e-08,0.5729916750843195,0.42700828270572055
0.9999999207962934,6.438115242219393e-26,7.920370671034636e-08
1.2961402364467676e-11,0.9990424257660839,0.0009575742209546824
0.9999999908524774,7.875510796678812e-27,9.147522654133835e-09
1.0636014487028547e-10,0.9665636356797682,0.03343636421387148
0.00021610690193293934,4.4317604292550985e-05,0.9997395754937746
4.0369932726756516e-11,0.9926689488513867,0.007331051108243328
0.9999994166316878,2.4512479646187858e-21,5.833683122310965e-07
0.9999999932325003,1.410843446011024e-28,6.767499571601183e-09
0.0009783657132909625,0.0001312977785883925,0.9988903365081205
2.41197040702782e-12,0.9993666321630341,0.0006333678345538697
4.296445227840518e-07,0.07351433608416935,0.9264852342713078
0.9999999998992988,6.32650110784034e-29,1.0070131984513162e-10
0.9999999799943988,1.5503607054008358e-24,2.0005601175616733e-08
2.266273246475922e-10,0.8474257816733459,0.15257421810002675
0.9999977015885793,1.054761100113493e-21,2.2984114207323873e-06
0.9999504124101988,6.800195880023319e-20,4.958758980129306e-05
0.9999764214368991,1.026042109122568e-18,2.3578563100890837e-05
4.017768998664931e-20,0.999999949572791,5.042720895825096e-08
0.9998701462907406,1.8561097160917207e-18,0.0001298537092594577
4.5357690605201384e-13,0.9997355765454369,0.00026442345410956236
1.583462397508121e-05,0.00046048122538684894,0.9995236841506381
0.9044537412781037,1.641954353224007e-11,0.0955462587054766
0.9543738964157408,5.437107725686681e-13,0.04562610358371538
1.083211292162568e-13,0.9999637656780199,3.623432187177105e-05
0.9806380858190326,2.797781915808097e-12,0.019361914178169574
0.9999859616244982,1.4771168493720675e-20,1.4038375501879113e-05
2.8563867686695116e-15,0.9999572981959292,4.27018040678556e-05
0.9977024017888436,9.370413501746035e-14,0.002297598211062557
0.9999991864381503,1.1002447381330134e-21,8.135618497523973e-07
0.013880527510401397,5.805160269783832e-06,0.9861136673293288
3.511890084726797e-27,0.9999999999940548,5.945335045255467e-12
0.00011879308197996459,3.119445188105217e-07,0.9998808949735013
0.00013393900967896495,1.857395415222391e-06,0.9998642035949057
0.012442661062710443,9.150726565086362e-08,0.9875572474300239
4.678474013520707e-12,0.9962584397442864,0.0037415602510351524
3.1974065150264596e-19,0.9999999645750438,3.542495616227603e-08
1.585624618312973e-06,0.02695417834899087,0.9730442360263908
0.9983634255000396,2.8601904003531493e-15,0.0016365744999574654
0.9999995769496224,1.7446700210808804e-23,4.2305037754529933e-07
0.9698077950663179,1.0236111899170261e-11,0.030192204923445973
0.9999999996691993,7.965829226891021e-31,3.308008266139895e-10
0.9999999999437985,3.221531529520751e-31,5.6201594918850694e-11
0.004646166212427883,1.0967493553731682e-06,0.9953527370382168
0.9999999994949502,2.8306370683919157e-29,5.050497752631177e-10
1.8936171875729628e-22,0.9999999997201119,2.798881463068253e-10
3.982552029677733e-11,0.9988853823191566,0.0011146176410180275
0.0006026883444122366,0.00011363977135088551,0.9992836718842368
0.9999999020278045,9.527654203071533e-24,9.797219541706087e-08
0.9996049275705428,4.827160817775236e-15,0.0003950724294524091
0.9999997518346772,3.5220595880959887e-23,2.4816532294758095e-07
0.05447852260651311,2.5122155431054316e-07,0.9455212261719326
4.273424808468626e-06,0.009238386666054983,0.9907573399091365
1.5917909912028012e-07,0.6213565878464838,0.378643252974417
1.8339832176436368e-06,0.002218801252546118,0.9977793647642362
0.0069231242975907785,6.519574406916079e-08,0.9930768105066651
0.9996766254511777,1.8665765177175129e-16,0.0003233745488220927
5.695833278766021e-05,0.001185439736389194,0.9987576019308233
0.999914730558166,5.2169090418165825e-17,8.526944183394317e-05
0.9645594573742519,1.080161622735161e-11,0.035440542614946544
0.9999988149145009,8.837490812411013e-24,1.1850854990937476e-06
1.111566133698975e-10,0.9967240700806935,0.0032759298081498755
2.091160128343883e-14,0.9999596152866457,4.038471333330038e-05
0.03618615175283569,3.771011691233699e-09,0.9638138444761526
0.9999974808532829,2.534763773714181e-19,2.519146717186888e-06
2.1597259198133756e-14,0.9999561771155926,4.3822884385807285e-05
6.751490682656522e-05,0.00035262291030720025,0.9995798621828662
0.000689768361017074,1.6906055817685e-05,0.9992933255831652
0.999999999898409,2.5386324842476808e-30,1.0159091793389284e-10
9.016512102425248e-22,0.999999996961223,3.0387770086604454e-09
0.9970680855318471,2.0535517908073459e-13,0.002931914467947458
0.00705192881203763,3.96524427432468e-05,0.9929084187452192
4.766598509268746e-18,0.9999999262814584,7.371854154969073e-08
0.99982259832503,3.0607155082207883e-19,0.0001774016749701236
0.9999736982407855,1.3161330265241847e-17,2.630175921446335e-05
0.0378395459846345,1.5874796815254182e-07,0.9621602952673974
2.4392065300805273e-20,0.9999999707895644,2.9210435680327243e-08
1.5130278714465985e-26,0.9999999999991473,8.527231198513233e-13
0.998806750384961,5.327837265233755e-14,0.001193249614985777
2.4001980622516015e-11,0.9985639456544523,0.0014360543215455894
9.839415823017469e-17,0.9999955797075692,4.4202924306587025e-06
3.0389468337176986e-09,0.8203066797934486,0.1796933171676045
0.9999895735617039,2.4661056635268643e-18,1.0426438295961231e-05
0.0002907137087397505,8.98833042901816e-06,0.9997002979608312
0.9999999973041191,6.882564913275303e-27,2.6958808940815027e-09
0.9999995373338375,1.1924793234900768e-22,4.626661623997099e-07
0.99999984759664,3.29230180622075e-26,1.524033600769451e-07
3.9667084118843964e-08,0.15746213180940127,0.8425378285235147
0.9999999998965761,5.645486379025541e-30,1.0342384387267565e-10
1.8984222312313115e-13,0.999087465711466,0.0009125342883439798
0.9999703064286122,1.0880242375451187e-18,2.9693571387892572e-05
3.1337364263444153e-10,0.9918120932593263,0.008187906427300114
0.9866175812995504,2.8268296064670715e-12,0.013382418697622734
0.994755822601909,3.6881047623304926e-13,0.005244177397722053
1.8311520934185902e-25,0.999999999990405,9.59488105295481e-12
0.9999513859612394,3.4669486717635454e-18,4.861403876047684e-05
0.999810437105307,3.3270916083248244e-16,0.00018956289469281227
2.3280323760901774e-20,0.9999999373681802,6.26318197813694e-08
0.9999997950117545,6.843702114163486e-24,2.0498824548850208e-07
1.1850691362440941e-20,0.9999999892025239,1.0797476119731188e-08
0.15295342695054348,1.123962829778358e-08,0.8470465618098283
2.8922697002296495e-05,0.01689618470004658,0.9830748926029511
0.15575152310961535,6.856078553687111e-08,0.8442484083295991
1.2780084107376918e-15,0.9999850557729543,1.4944227044304242e-05
1.9999793398493926e-13,0.9990116303457558,0.0009883696540441435
1.053226210508515e-12,0.9998183944654183,0.00018160553352856388
4.0515432186075516e-14,0.9999332118757972,6.678812416230588e-05
7.990517516199429e-12,0.9786412654818947,0.021358734510115013
3.8149760807816e-06,0.0430617083683796,0.9569344766555395
6.473976272017244e-05,0.001109487963090121,0.9988257722741896
4.516953770244687e-22,0.9999999984723142,1.527685681429841e-09
0.019741659124501907,1.9976256461493384e-07,0.9802581411129335
0.019029590793333686,4.3775402938322377e-07,0.9809699714526369
9.759847562630936e-16,0.9999744696785122,2.553032148679571e-05
1.536780269992045e-06,0.011738523843604303,0.9882599393761257
0.999999999893753,6.638433062810105e-31,1.0624712211633052e-10
3.958319371946118e-19,0.9999999538170933,4.618290663708705e-08
0.9999751031903656,1.5540541448358383e-19,2.4896809634490575e-05
3.117483178935077e-14,0.9999449208832307,5.507911673826836e-05
1.6249217806953507e-27,0.9999999999994365,5.63622582030724e-13
2.5733965675604624e-15,0.9999360926197604,6.390738023702643e-05
0.9999667017623023,5.066118862901512e-19,3.329823769766046e-05
3.515501755620673e-24,0.9999999998776765,1.2232354085851013e-10
0.9977202197499494,1.1907462147859217e-14,0.0022797802500386984
3.5367976248611017e-25,0.999999999874553,1.2544693347675948e-10
0.00042785664900346583,0.0007573937233475301,0.998814749627649
1.4156177633151093e-25,0.9999999999800933,1.9906741221365036e-11
0.9999999988410861,2.6439056480222044e-28,1.1589137754143177e-09
3.2385555200876273e-09,0.7896171516944829,0.2103828450669616
1.2212751848454343e-17,0.9999996625019274,3.3749807267453923e-07
4.342925955969894e-09,0.9358781526658985,0.06412184299117552
1.6720736980740776e-09,0.9296777297712332,0.07032226855669316
9.430905968827171e-11,0.9887272028254486,0.011272797080242347
0.9999885291498128,2.729996246642969e-18,1.1470850187226274e-05
3.212254346860654e-07,0.022126184388159272,0.977873494386406
0.9999996158183918,4.404231866320963e-21,3.8418160804744576e-07
0.9999997283942539,4.46274069892621e-22,2.7160574596688864e-07
0.00013859938305017032,0.00027751107728097164,0.9995838895396688
0.9999999994732525,6.930891069497175e-29,5.267474974563986e-10
1.5009787339279966e-26,0.9999999999950671,4.932887429466482e-12
0.014148459362255865,1.1056542043122438e-07,0.9858514300723238
1.222859683989506e-09,0.5817863931440036,0.4182136056331368
0.0009628100986841092,4.428004480408145e-06,0.9990327618968355
3.826036228400408e-07,0.06300961404158653,0.9369900033547907
7.068270982474453e-08,0.8742691175273116,0.1257308117899785
0.03441343561348714,1.1151392799308012e-09,0.9655865632713736
0.00019309350612862998,0.003915356229247226,0.9958915502646241
0.9883649064476417,5.117358051320828e-12,0.011635093547241016
5.009077437909053e-17,0.9999986206614427,1.3793385573575265e-06
2.4316350355279807e-05,0.00024088517613681773,0.9997347984735079
2.166262621088287e-06,0.024088405566770228,0.9759094281706087
0.9999981111943224,3.331972398780856e-20,1.888805677670449e-06
2.372629730767189e-19,0.9999999619175667,3.808243328347781e-08
3.494039048104188e-10,0.9939918480900655,0.006008151560530691
0.9999999486815496,2.7073738952103774e-26,5.1318450497571374e-08
2.8224774778839073e-06,0.014007803337081577,0.9859893741854406
0.9996710813816709,4.3093781273237525e-15,0.00032891861832491187
7.758954565530451e-22,0.9999999980480303,1.9519696001129103e-09
0.9989276479776917,4.2991651984992825e-14,0.0010723520222652941
0.00017899051353432617,1.8276959514856264e-05,0.9998027325269507
0.00047383575602487105,2.4251606358572347e-06,0.9995237390833394
0.03020410567871398,2.4835150796687094e-07,0.9697956459697781
3.359010217486189e-06,0.2986557163943135,0.701340924595469
6.182590441850674e-23,0.9999999998980817,1.0191830921817485e-10
0.0007719409304366327,4.140984734177387e-05,0.9991866492222214
2.837293899470294e-18,0.9999993655240675,6.344759325704219e-07
0.9998091406437556,1.2280306766609852e-17,0.00019085935624452074
0.9999999996441613,2.62670839801975e-29,3.558387904106049e-10
0.9871706914044976,6.039912468933171e-12,0.012829308589462421
1.4847222785291459e-08,0.7443692564798599,0.25563072867291736
1.0133605801103305e-21,0.9999999963880426,3.611957458589235e-09
0.9999621635148052,1.941006975987711e-19,3.7836485194816455e-05
0.008734489332672844,4.2560788318420103e-07,0.991265085059444
0.9999997556465974,6.128883395314283e-23,2.44353402541264e-07
2.582276204418781e-22,0.9999999915553367,8.444663417495374e-09
0.9999596086898621,8.589513441992893e-19,4.039131013779737e-05
0.037892052982760493,2.223538439943394e-08,0.962107924781855
5.682456853637044e-06,0.0055076700833935465,0.9944866474597528
3.995236123623446e-09,0.9034508925369319,0.09654910346783195
0.019835786808069043,8.964221934097228e-08,0.9801641235497115
8.84380770009857e-07,0.21781703409111622,0.7821820815281137
4.4611956756385293e-11,0.9860350977169707,0.013964902238417193
4.6980881943422805e-27,0.9999999999994702,5.298013458450769e-13
3.084964797446202e-09,0.9422782529695178,0.05772174394551724
1.3221596650598831e-08,0.7154297137907338,0.28457027298766946
0.9999999999347906,9.893850904421395e-30,6.520928565062925e-11
1.220272408813507e-15,0.9999963050356808,3.694964318223513e-06
4.257407126216207e-07,0.0052107443887251135,0.9947888298705623
0.9999999036373315,7.187392540129128e-25,9.63626685576121e-08
0.9999999960157471,1.6227862979878145e-28,3.984252870252636e-09
2.5424580960282576e-05,0.0009010481011395222,0.9990735273179003
1.0903002644787262e-05,0.005543460764783081,0.9944456362325721
0.0030198148890537247,2.270398278627114e-07,0.9969799580711183
4.1973152850713047e-16,0.9999985813064932,1.4186935064167335e-06
4.1049993331676746e-05,0.014808951753151963,0.9851499982535165
0.9999807886775439,3.654553465690516e-20,1.9211322455984714e-05
0.9999887262747977,9.266782959944392e-21,1.1273725202187478e-05
0.9954448950631609,3.533361583844803e-14,0.004555104936803687
0.9999999531940376,4.715788908184474e-24,4.6805962406987417e-08
3.601878855649809e-21,0.9999999980795087,1.920491390256848e-09
2.470306738914796e-09,0.5238730046777836,0.4761269928519096
0.0003180682573029583,2.4845951879493037e-05,0.9996570857908176
6.439467847953958e-12,0.9984930148962908,0.0015069850972695815
1.6631144525758188e-07,0.014492010480767594,0.9855078232077871
0.9999955037534038,9.115973336537924e-22,4.496246596108177e-06
0.002408250175154617,4.123502369299861e-06,0.9975876263224761
1.7775165891074402e-18,0.999999273767724,7.262322759519779e-07
0.0003142804561895056,4.775989246620073e-05,0.9996379596513444
3.292751744782298e-06,0.04673780203947681,0.9532589052087784
0.9999996057701694,1.991515592991327e-23,3.942298306299666e-07
1.1929165134725685e-13,0.999940657563053,5.9342436827886555e-05
0.9999999997735702,2.7146904714419567e-29,2.264298376378743e-10
0.999999997411646,1.356286375063358e-29,2.5883539873041057e-09
0.9999999994910158,6.3467829507137e-30,5.08984145633292e-10
0.029681984886492287,6.27174399846158e-08,0.9703179523960678
1.0785854649324176e-06,0.06961199564160812,0.930386925772927
0.9999999999182194,4.612301048507114e-31,8.178048182672462e-11
0.018077055332886234,3.0170220966422687e-08,0.9819229144968927
1.2845574189304186e-13,0.9998976427889908,0.00010235721088072018
2.4381592846718122e-06,0.015648532086577287,0.9843490297541381
0.9994578145206096,9.062881366505663e-16,0.0005421854793895276
2.7947541811250843e-21,0.9999999956974814,4.302518540806903e-09
0.9976436097370637,9.659982086897415e-14,0.0023563902628397073
0.018752682210142334,2.4395863132179926e-08,0.9812472933939944
0.999999540175114,1.0228533551646722e-22,4.5982488582179294e-07
7.754709187647222e-06,0.002153271021039682,0.9978389742697726
7.250407855888431e-16,0.999994784159798,5.215840201195499e-06
3.4000698241242505e-15,0.999902972020068,9.702797992856402e-05
3.5876657185938534e-06,0.0010107283181045026,0.9989856840161769
0.9999983633963463,5.417896254625657e-21,1.636603653760777e-06
0.9985911645097804,8.790535281713031e-14,0.0014088354901317253
0.0009290532054746312,2.48921980379641e-06,0.9990684575747215
2.1214062912117613e-13,0.9996049966174386,0.0003950033823490803
2.304447596214841e-18,0.9999986785993803,1.3214006195900088e-06
3.5775491532514377e-19,0.9999997974460957,2.025539044314173e-07
0.9698176170681687,4.685300584865576e-12,0.03018238292714606
0.999992223393835,5.450789655447799e-20,7.776606165075441e-06
1.6881618746353028e-06,0.27431690081751703,0.7256814110206083
7.043485981239731e-12,0.9942605281844944,0.005739471808462219
5.0950098342055845e-14,0.9999770696016655,2.293039828376314e-05
1.5779293837350952e-17,0.9999950111138741,4.988886125940225e-06
0.9999988591317186,1.825682581028081e-21,1.1408682815062133e-06
0.00025835972107917754,4.869860330211953e-06,0.9997367704185907
0.004501148631606648,8.022616247307737e-07,0.9954980491067685
0.9991802580832344,6.968242061949345e-16,0.0008197419167649852
0.0007080201443324369,7.52544608285467e-05,0.999216725394839
3.249929663484802e-06,0.014203216750418135,0.9857935333199184
0.9999999989900896,1.1533184356701333e-29,1.0099104516128769e-09
1.0786658642938667e-13,0.9998297330069505,0.00017026699294156057
1.7165006752057034e-16,0.9999423703705954,5.762962940430418e-05
8.833509026614485e-15,0.9997761984843546,0.00022380151563651266
1.3204677144232934e-21,0.9999999961692339,3.830766213958057e-09
2.6433412563018148e-23,0.9999999987562409,1.2437590989669504e-09
0.9999999249318271,8.04247859292022e-24,7.506817296552864e-08
1.7171021254762953e-06,0.06441496689445583,0.9355833160034188
2.0434091880966787e-10,0.9943526333435246,0.0056473664521344375
2.6961551526373887e-13,0.9996652820023646,0.0003347179973657366
3.198893578646449e-06,0.0421600675873854,0.9578367335190359
1.883971204366551e-05,0.0002681740345210997,0.9997129862534353
2.589270549069488e-17,0.9999943462624061,5.6537375938938214e-06
5.189860851370128e-06,0.004379352303697832,0.9956154578354508
1.8839927405205765e-05,0.005521183297076328,0.9944599767755185
1.4915870000597716e-15,0.9999982260181419,1.7739818565583956e-06
0.9999997395163346,2.856391016135184e-23,2.604836654855308e-07
0.9999988698840512,1.4441030160390666e-21,1.1301159487658006e-06
4.754240412409425e-24,0.9999999998440852,1.559148711730755e-10
5.584051582266344e-13,0.9997133980550954,0.00028660194434600384
1.634564510711509e-27,0.9999999999919549,8.045039529056877e-12
0.9999911393410289,5.532003548280464e-20,8.860658971015259e-06
0.999977183993016,3.7747614824039925e-21,2.2816006983825867e-05
1.8067030214474478e-10,0.989508034627959,0.010491965191370837
0.9992878109205859,1.1390510550031172e-14,0.0007121890794028377
0.011415217540717004,7.371448927351632e-08,0.9885847087447936
0.6476441417684417,1.1221266539359178e-09,0.3523558571094317
0.0009444507067347653,0.00010020051549728533,0.9989553487777679
0.998693379877695,2.1391298369892566e-14,0.0013066201222837284
1.851065543602379e-22,0.9999999991900654,8.09934491305819e-10
0.9999984118524265,7.135596604209485e-24,1.588147573404254e-06
0.9999998638778856,1.464469245950723e-25,1.361221143890957e-07
0.9999896421612073,6.719947923909985e-19,1.0357838792722172e-05
0.9999999241061299,4.0620374663051857e-23,7.589387016667453e-08
2.23488696494195e-06,0.0033947771993175866,0.9966029879137175
2.0975906518670052e-11,0.9953979599614831,0.004602040017541103
8.634148638028578e-07,0.6240444333647499,0.3759547032203863
3.0489320951193666e-06,0.0024823422789519416,0.9975146087889528
0.003903390530672271,9.209016668136951e-06,0.9960874004526595
8.133360540984347e-22,0.9999999945128744,5.487125633669893e-09
0.0015253610033887956,1.8952142120560408e-05,0.9984556868544906
0.11911107309285285,1.5724425928154924e-07,0.880888769662888
0.9999917328896991,2.075227255531305e-19,8.26711030088398e-06
0.999999937452308,2.843032126257472e-24,6.25476920699634e-08
0.00891692784494622,1.0075065481542118e-06,0.9910820646485056
0.9999999995306945,4.5114693350364175e-30,4.69305430184706e-10
1.4531621151183074e-11,0.9877639494569395,0.012236050528528985
1.2973689598168643e-10,0.988031413865303,0.011968586004960032
4.783675519757825e-05,2.8645964139798808e-05,0.9999235172806626
0.9992731125286594,4.658532420710068e-15,0.000726887471335915
1.9933831103706387e-16,0.9999945761599063,5.423840093622635e-06
0.9999999943603861,9.257924927971018e-28,5.639613780290237e-09
0.9999989853459633,3.783148675658791e-21,1.0146540366444239e-06
1.773865809782199e-07,0.11091092677971019,0.8890888958337088
0.00020477565922474164,6.675275005075203e-06,0.9997885490657701
2.1398555410274742e-26,0.9999999999948124,5.1875374800950275e-12
5.450126130018945e-21,0.9999999881976557,1.1802344274276883e-08
1.0422265425468047e-18,0.9999992891890209,7.108109790918359e-07
3.808298758316194e-12,0.9987782547817857,0.0012217452144060244
0.9999987199732596,2.5357719204288532e-23,1.2800267403414877e-06
0.999999982239327,2.2027701845168177e-26,1.7760673163734583e-08
4.407775576813756e-11,0.989146131064191,0.010853868891731198
5.486765134991763e-20,0.9999999842315335,1.576846649068552e-08
0.9999459314134708,1.7998798353171893e-19,5.406858652934434e-05
5.784929202478896e-18,0.9999994991127528,5.008872472110198e-07
0.8037955500682233,8.456683572019605e-12,0.19620444992332
1.3996418452826075e-05,0.018211232157062655,0.9817747714244845
0.9999999924919362,7.254463675310493e-27,7.5080638262648e-09
1.3249824028599433e-26,0.9999999999977143,2.2857659213055435e-12
0.9999996766339472,9.135038276579927e-23,3.233660528872134e-07
0.9998060777828518,3.2855929974473865e-17,0.0001939222171481763
1.5657406186573013e-05,3.6448827325698395e-05,0.9999478937664877
0.0001574545535241992,1.5155996471481114e-06,0.9998410298468288
0.01841672557526232,5.156088805178329e-07,0.9815827588158571
0.9999075863405583,6.9096216676180134e-18,9.241365944175971e-05
0.7028941711662776,2.8315028452870703e-09,0.2971058260022194
5.383062551181269e-05,1.1739131639830524e-05,0.9999344302428482
2.2655975099809704e-08,0.29098623537295304,0.7090137419710719
6.487906260516745e-08,0.5941660889524344,0.40583384616850304
0.9999707654770977,5.4506847554665564e-18,2.9234522902180687e-05
5.0055918720503656e-06,0.0036563693356290927,0.9963386250724988
0.9999999904411409,3.501024536081553e-27,9.558859086888679e-09
0.00016991540191064477,8.443523343228403e-05,0.9997456493646572
0.9984554710798762,2.607031278132202e-15,0.0015445289201211456
0.9809873119407785,3.51694467126608e-12,0.019012688055704555
0.9999993527831131,4.2823737127048655e-22,6.472168868731857e-07
6.133016146379149e-25,0.9999999999920957,7.904359618165047e-12
0.9996862789600777,5.128072310643942e-15,0.00031372103991724257
5.698264619541708e-16,0.9999744718163864,2.552818361281121e-05
0.0011438719204288736,1.2976875426735593e-05,0.9988431512041444
3.191004089504726e-06,0.009866147249556806,0.9901306617463538
0.9993263701232696,1.131410138135713e-14,0.0006736298767190909
0.30333216496634635,1.3034038411438085e-08,0.6966678219996153
5.268049318520415e-19,0.999999953486921,4.651307890384805e-08
0.9998917491504963,3.8973446482587726e-16,0.00010825084950329764
5.960833333396126e-27,0.9999999999968445,3.1554117525852023e-12
2.4130188640119195e-05,0.00025811085139267444,0.9997177589599673
0.02896751929502409,3.5209098183478585e-08,0.9710324454958777
0.999999722934274,9.661924008395321e-25,2.7706572604779917e-07
2.1223979273449162e-11,0.9898884669192076,0.010111533059568233
0.9999887251460734,1.0259594741887959e-21,1.1274853926561783e-05
0.00206695455014481,1.4135615954347666e-06,0.9979316318882596
0.9998243353091961,4.749474890059228e-16,0.00017566469080341785
4.304816070023547e-06,0.17813420817649112,0.8218614870074388
1.3763432870155557e-10,0.9464667535142262,0.05353324634813963
0.00029417148376583037,1.5894790764289806e-06,0.9997042390371577
0.9994524015866076,5.8602996042264795e-15,0.0005475984133865526
0.9989849563861972,2.928131984093903e-14,0.0010150436137735205
2.6990840123685137e-06,0.020137731256602356,0.9798595696593853
8.696384840164627e-05,0.0005745021627684415,0.99933853398883
0.9999999967322954,3.2993127208273665e-28,3.26770463676172e-09
0.9944938411448226,1.657054314920908e-13,0.005506158855011702
0.9994053173734583,5.0443574150520155e-14,0.0005946826264913629
1.4302304521333874e-11,0.9983613539909514,0.0016386459947462075
1.7574193734078513e-20,0.9999999471638509,5.283614921202342e-08
3.656835502207981e-12,0.9994470214069143,0.0005529785894289619
0.999822079507711,2.4603319838049203e-17,0.0001779204922890737
5.770596818331825e-09,0.8404662317863442,0.1595337624430589
7.477028399682727e-16,0.999992036450081,7.963549918437913e-06
8.584037361803516e-28,0.9999999999960081,3.991926909768014e-12
9.684699967909542e-19,0.9999999207560811,7.924391881113732e-08
0.9990046748032232,8.774632607688932e-15,0.0009953251967680064
0.9947132198612488,1.1146554335340783e-14,0.005286780138740236
1.0754828687810664e-13,0.9985173816902801,0.0014826183096124507
0.0007372493946585015,7.78264770373119e-06,0.9992549679576378
0.9999966163670011,1.7372501963649593e-20,3.3836329989729183e-06
0.9999889177057584,5.142857095551203e-21,1.1082294241642319e-05
1.3713972289266742e-16,0.9999927342807569,7.2657192429915155e-06
0.9999939837429376,1.741521071311865e-21,6.016257062433279e-06
0.99999971481789,3.12778582902594e-24,2.851821100884464e-07
0.9741078294989118,2.1406405200572486e-11,0.025892170479681956
0.00028291832654574027,0.0019996391519302224,0.9977174425215241
6.520907364676676e-08,0.8740856880271819,0.12591424676374458
8.525133890404386e-16,0.9999766890905476,2.3310909451487784e-05
0.002848725911823322,5.5672486643821606e-05,0.9970956016015329
0.0008759016428034376,3.860960267217418e-06,0.9991202373969293
2.0464007220916358e-22,0.9999999976351441,2.364855939857071e-09
0.12931684822479533,3.8721775354122403e-07,0.8706827645574512
8.702532341896117e-07,0.004129019251910655,0.9958701104948552
0.9999999465690983,6.894045826818751e-26,5.343090175345233e-08
3.4452881301018387e-16,0.9999950091599689,4.99084003067381e-06
7.951962244310836e-17,0.9999972642643504,2.735735649538531e-06
4.0865211419821343e-07,0.08236800467920258,0.9176315866686832
1.2910150634111809e-11,0.993670554069688,0.006329445917401671
0.999994169944588,8.896916628701986e-21,5.83005541200408e-06
0.0048399124164767195,4.2615804063248134e-07,0.9951596614254827
4.217169909586054e-06,0.0027876809482208996,0.9972081018818695
1.1616731968762688e-09,0.9335930425572778,0.06640695628104915
6.013502850001739e-08,0.6996125343432885,0.3003874055216829
0.9999927526971675,3.623582282260866e-20,7.2473028324006315e-06
2.739681657983023e-28,0.9999999999996758,3.2424363938795364e-13
3.9363245489172854e-06,0.04042920573043249,0.9595668579450185
8.604554389214793e-12,0.9954804526966696,0.004519547294726054
0.9997378487259398,7.835159896781855e-18,0.00026215127406004453
4.6996191504632096e-24,0.999999999954784,4.521597081224719e-11
0.9996909483798694,7.649917700749158e-17,0.0003090516201306745
4.683707245511392e-06,0.0033199329557735057,0.996675383336981
0.9999995972363261,1.0546638295617799e-21,4.0276367393180255e-07
4.8499171735062086e-27,0.9999999999659022,3.4097904015995207e-11
0.9999999450407154,1.5075073909121026e-26,5.495928447258287e-08
0.9914118978022535,9.272386123539085e-13,0.008588102196819297
2.9607194365896855e-21,0.999999996645073,3.3549269306794055e-09
3.4198708544984425e-28,0.9999999999993454,6.545378814896237e-13
1.208932292554496e-12,0.999594464215972,0.00040553578281894703
0.00016505220943264736,1.991087090484818e-05,0.9998150369196624
0.9999999978020879,8.148530474761983e-28,2.197911979262575e-09
1.8857581932059977e-09,0.4748866559009404,0.5251133422133013
1.469098112410243e-07,0.5386806252767339,0.46131922781345486
3.5849057073600676e-12,0.9976847333365897,0.0023152666598256007
1.418267887017897e-12,0.9983763618063137,0.0016236381922680135
0.0005658162141092533,1.1542014287118401e-05,0.9994226417716037
0.00013035998377500957,8.529001577022785e-05,0.9997843500004546
3.7986729374518274e-06,0.007574184212881403,0.9924220171141811
0.0008755368997808077,1.6609235879028577e-07,0.9991242970078605
0.0017082679840063383,2.266174381395623e-05,0.9982690702721798
0.9999999938936341,1.3170678874941e-27,6.106365768911533e-09
0.005557178827336128,3.491524432749388e-06,0.9944393296482312
2.4940433111628426e-28,0.9999999999983211,1.6788742663940064e-12
1.569744853733343e-13,0.9992813686702786,0.0007186313295645145
0.20524315306511903,5.157043776808607e-08,0.7947567953644432
1.6129305293359867e-15,0.9999927621394922,7.237860506212604e-06
8.046444703505769e-19,0.9999997039588245,2.960411755272088e-07
7.281674266365684e-20,0.9999998090017682,1.909982318716934e-07
0.9998536920604696,8.078561778781062e-16,0.00014630793952957613
0.9999989965510302,2.6366795072369643e-20,1.003448969779691e-06
0.9999944437681517,3.321681135311944e-20,5.5562318482230625e-06
0.9999968263143589,9.076772418408888e-20,3.1736856409966433e-06
0.0051532559061161385,2.3577298876763393e-06,0.9948443863639963
0.011812414666827621,1.7474493134058513e-07,0.988187410588241
0.003795215470589864,1.885103085104142e-07,0.9962045960191016
4.1070832170984225e-07,0.22283277639437538,0.7771668128973029
4.7217122756983434e-14,0.9999481709961038,5.18290038489411e-05
0.9972795186623195,8.685244854756318e-17,0.0027204813376806624
0.0376115327587891,1.1703116320052803e-09,0.9623884660708993
0.9999987778005882,4.331604465216615e-22,1.2221994117789059e-06
0.00016221366134564833,7.109792984699418e-05,0.9997666884088073
5.530455374690453e-06,0.001112097282251051,0.9988823722623742
0.9999999823800326,9.289670682293222e-24,1.7619967379539593e-08
0.05023996459543205,9.41210417256358e-08,0.9497599412835264
0.0011571863651662806,1.192866076023921e-05,0.9988308849740735
0.0005228030151441266,4.147254963423007e-08,0.9994771555123063
1.6809459349058011e-18,0.9999997601394879,2.3986051216430765e-07
0.013154645435468015,1.8759599092513853e-06,0.9868434786046227
0.00015628139363549733,9.060333077941672e-05,0.9997531152755851
6.237496124571204e-11,0.9912523317806049,0.008747668157020157
1.1046580143999538e-08,0.5848279602509318,0.4151720287024881
3.0225706803744323e-05,0.0011117394385738565,0.9988580348546223
5.817423706566269e-09,0.9126197895230326,0.08738020465954362
5.778021095483864e-12,0.9987888605678794,0.0012111394263425658
0.9996936237498163,9.602839256776737e-18,0.0003063762501836362
8.594232082541653e-12,0.9994708769767545,0.0005291230146514108
0.028982413032316547,1.7472193503951276e-07,0.9710174122457483
2.446939094925485e-16,0.9999772370750976,2.2762924902108535e-05
0.0007041881622292793,7.873460929668224e-07,0.9992950244916777
2.6713954567718762e-11,0.9758410430783281,0.024158956894957954
8.486090249687389e-07,0.11266025379667316,0.8873388975943018
0.9975895960003708,1.41087043136464e-13,0.0024104039994881136
0.9999999871161415,9.661597713017268e-25,1.288385844882895e-08
0.9999999997094939,6.684557464114587e-29,2.9050614936080913e-10
0.9999985175791164,8.312577690362943e-21,1.4824208836343443e-06
0.9951812667895928,2.0858443156544807e-12,0.0048187332083214985
1.3048728452152307e-16,0.9999969651566784,3.0348433215009358e-06
7.361229094819728e-05,0.00015438632185336244,0.9997720013871984
1.8681172563704992e-14,0.999897377127876,0.00010262287210541277
1.5346125996098132e-14,0.9996991976923673,0.0003008023076174912
0.008437595191457817,8.163539790323757e-07,0.9915615884545631
0.9999989682645216,2.1852424258182738e-23,1.0317354784271345e-06
3.4685015384466457e-12,0.9736950039736849,0.02630499602284645
1.9070033703258476e-11,0.9733965217079256,0.026603478273004504
2.2731695571950756e-14,0.999946430345108,5.356965486942385e-05
1.7454794433458853e-05,0.005957237458569315,0.9940253077469972
0.002754461681169291,7.622427739188534e-06,0.9972379158910915
0.9999999988620221,2.395199610963127e-28,1.1379779040192576e-09
6.0786615671540994e-27,0.9999999999960723,3.9278383588107715e-12
0.9999999975962086,2.213189345849471e-27,2.403791297123823e-09
2.115193198431366e-17,0.9999993320620508,6.679379491539277e-07
7.425582735617034e-09,0.45895753654227245,0.5410424560321448
0.999788013107899,7.249873172525724e-16,0.00021198689210033292
0.004009028823061151,1.4152437839159086e-07,0.9959908296525604
4.2867968470011957e-19,0.9999998679593193,1.3204068075049987e-07
1.5623247075132786e-05,0.00915717750534085,0.990827199247584
1.6214943628075321e-06,0.048050737276032485,0.9519476412296046
0.9995843226468811,1.054731483217441e-15,0.0004156773531176848
0.9999974080238041,5.893145655601593e-20,2.591976195849543e-06
0.9970916449902189,2.2963173995535404e-14,0.002908355009757998
0.9999999637227213,9.067717850350115e-27,3.627727882312251e-08
0.9999999961153694,3.540034748982571e-27,3.884630623596028e-09
0.9968013793203523,2.890166700211034e-14,0.003198620679618826
3.475411263746945e-13,0.9993332318850869,0.0006667681145655213
8.751123772377928e-22,0.9999999949449463,5.055053758922343e-09
0.0009491309983789479,1.4718414640295394e-05,0.9990361505869808
4.1039176323406976e-11,0.9978106666329463,0.002189333326014415
0.9998354262077085,6.03896986933248e-17,0.00016457379229145637
3.387001045633129e-14,0.9999813126093087,1.86873906574277e-05
2.23854977071375e-06,0.002418391545345359,0.9975793699048839
0.999999999968924,1.1141660732288483e-30,3.1076015493571587e-11
0.0001104980337816502,1.1732130090312966e-07,0.9998893846449175
6.080711392430834e-16,0.999982908142385,1.7091857614177716e-05
1.2330731879091107e-10,0.9709690217030147,0.029030978173678
2.9569908975666808e-08,0.7240006240604678,0.27599934636962326
0.0011568964443757995,3.188113109100651e-06,0.998839915442515
0.005077996172707415,2.1741435497915768e-07,0.9949217864129376
7.782589005671836e-19,0.9999996695250655,3.304749346276364e-07
2.3119240412621927e-11,0.9964603391487392,0.0035396608281413507
0.999996786821214,1.7099597589786216e-21,3.213178786042823e-06
0.9994356653184681,7.767055883627083e-17,0.0005643346815319784
0.00028825300929992436,5.434216008920076e-06,0.9997063127746912
7.698347435892396e-08,0.20798783289163295,0.7920120901248927
0.0017304510888444572,2.0784993755912087e-06,0.9982674704117799
0.0002919805098407953,8.462006759930072e-06,0.9996995574833992
2.198359921867081e-10,0.9964129333430003,0.003587066437163812
0.9999965471958644,2.860447425561686e-22,3.452804135645683e-06
3.3534277320016986e-25,0.9999999999754341,2.4565989494040604e-11
0.972097869707225,1.2090470230172312e-11,0.02790213028068449
0.9999769827443901,7.028089914225831e-19,2.30172556097905e-05
0.9999999969137345,9.217918179691256e-27,3.086265420096415e-09
0.9999999993340274,9.182194836569654e-28,6.659725298235179e-10
1.8826037540446316e-07,0.005132933649299126,0.9948668780903254
4.015056149982273e-07,0.20935036756422806,0.7906492309301569
1.017520260006852e-10,0.9778453891512715,0.022154610746976392
0.9999999908927092,6.458106638186791e-27,9.107290876026721e-09
8.106272370823288e-25,0.9999999999691342,3.086569098198495e-11
0.00011298657249241367,9.425840210666245e-05,0.999792755025401
1.773568982432684e-26,0.9999999999956142,4.385926038978098e-12
4.813623991202398e-07,0.10735078181264959,0.8926487368249514
1.5103826332175174e-20,0.9999999924396025,7.560397476434497e-09
0.9992287955694926,2.841859125896448e-16,0.0007712044305070925
0.0015203167450902324,4.027086004230557e-06,0.9984756561689055
9.390285155278145e-06,0.023409127294254022,0.9765814824205906
0.9999999956429015,7.488928587718462e-27,4.3570983944842866e-09
0.9999999905375881,6.86503494954862e-27,9.462411985623424e-09
0.9996845448589923,3.2795978871870293e-18,0.00031545514100778343
0.9995310092030519,1.7265028126147776e-16,0.0004689907969477835
2.459407199422915e-09,0.8359006954052942,0.16409930213529855
0.1396379502302959,7.819670442414498e-07,0.8603612678026599
0.002341779477265915,2.1465341089366946e-08,0.9976581990573931
0.00042093448134312387,3.648650232415704e-06,0.9995754168684245
0.9999981778864958,4.824064873227726e-20,1.8221135042486903e-06
1.6471670864924265e-27,0.9999999999995377,4.622977591672077e-13
0.0002842618041675259,2.6952158122329895e-05,0.99968878603771
0.9999734605551254,2.063040800992106e-18,2.6539444874539494e-05
7.941232373397593e-07,0.15753989247882497,0.8424593133979378
3.660814088462282e-09,0.7983102783656436,0.20168971797354224
0.9900294301011885,1.919272399215558e-12,0.009970569896892125
4.833032215506265e-13,0.9996852979152692,0.000314702084247688
2.5610903246493265e-06,0.003985978949865503,0.9960114599598099
0.8644828657749404,5.17210019376608e-11,0.13551713417333866
1.837774061479985e-14,0.9998590197248152,0.00014098027516632912
2.2545097546157486e-08,0.10517575206468549,0.894824225390217
0.9999883116471315,1.196089342170698e-19,1.1688352868499676e-05
1.150923041990587e-15,0.9999535627745555,4.643722544337532e-05
3.785328092658264e-15,0.9999875220206473,1.2477979348811125e-05
2.156393264964413e-08,0.5575260378495265,0.44247394058654094
0.9999999675628312,1.3361028903030378e-24,3.2437168755453117e-08
0.9938292638780067,1.181848443773164e-11,0.006170736110174834
7.944092581454774e-15,0.9999762501257952,2.374987419691864e-05
9.484505471501866e-08,0.50725358852873,0.4927463166262154
0.9999999798125478,1.460150711407923e-26,2.0187452145157713e-08
5.542785217710094e-13,0.9996634291807175,0.0003365708187282345
5.01447726851297e-07,0.002978729209455975,0.997020769342817
0.9999999997436699,6.18695599158467e-30,2.563300112300573e-10
0.9999798422856003,1.886362461943994e-19,2.0157714399766768e-05
0.9929108475329395,1.119247661333739e-14,0.007089152467049262
7.760350347267581e-13,0.9997806540511001,0.00021934594812390718
2.3138177543006683e-15,0.999981338909812,1.866109018566589e-05
0.0018609808579986402,4.468377828715052e-05,0.9980943353637143
9.652870346805373e-06,0.043367682234648826,0.9566226648950045
6.193620984267814e-25,0.9999999998101337,1.8986640178062536e-10
0.9999999836402491,1.2965718262234561e-27,1.6359750922535954e-08
8.801055759018847e-21,0.9999999296529883,7.034701171698647e-08
4.895041560948816e-09,0.8994677851740612,0.10053220993089709
3.550736627930362e-10,0.9603411447347892,0.03965885491013724
0.0003530108836517509,3.348154680838365e-06,0.9996436409616675
0.00030525118837276057,4.430175612921821e-06,0.9996903186360143
0.9993625121949374,4.616547138925328e-15,0.000637487805057843
0.9999999857149944,2.9718575820062147e-26,1.4285005714964637e-08
7.508810058723232e-18,0.9999990975787617,9.02421238257071e-07
9.851847587165662e-05,5.128584689069607e-06,0.9998963529394393
1.806982065609029e-26,0.9999999999993343,6.656171809182341e-13
0.9999999919711563,7.500816616161705e-27,8.028843698616023e-09
0.99994337302251,2.3726839592723396e-17,5.6626977490072096e-05
0.9997502417658108,3.9887659581254257e-16,0.0002497582341887614
0.013777368058237562,9.091798150378039e-07,0.9862217227619474
1.3222692864299859e-17,0.9999982718926269,1.728107373223741e-06
2.6771377501781472e-06,0.10661371112561426,0.8933836117366355
0.9999999998290716,1.7450209805078759e-29,1.7092847888523128e-10
0.03130700253250892,7.338579178477061e-07,0.9686922636095732
1.5579686037578555e-14,0.9994725082372046,0.0005274917627797773
0.9932283342331918,5.88057784160726e-15,0.006771665766802282
9.904376895399117e-15,0.9999597957767685,4.02042232213906e-05
8.311365199175112e-10,0.9904334222058558,0.00956657696300772
0.004325626660352048,1.305451886288733e-08,0.9956743602851291
0.02904705534683063,3.4267681001244653e-07,0.9709526019763594
8.081333246580537e-05,0.003304480010158216,0.996614706657376
1.7097035108789633e-09,0.627897550810511,0.37210244747978544
5.992961600119912e-23,0.9999999993354196,6.645803237907088e-10
1.0035235952482861e-05,0.000637679276186507,0.999352285487861
4.127202203791258e-17,0.9999992952289745,7.047710254980666e-07
2.3930392108380795e-12,0.9973877511581019,0.0026122488395050126
1.4060245807368305e-07,0.14248922689996282,0.8575106324975792
8.417997821781936e-07,0.08226990397359614,0.9177292542266217
8.615565931622902e-20,0.9999999865421167,1.345788340281997e-08
0.005794686057459405,3.582640035057851e-08,0.9942052781161402
0.9993430837866717,2.9583615939415423e-15,0.0006569162133254754
4.577706048590327e-05,2.777552093045949e-05,0.9999264474185836
1.7291443184445274e-11,0.9943124606156244,0.005687539367084214
1.162761339937794e-22,0.9999999994300337,5.699662398196174e-10
0.0053825333845441475,1.9170792478457173e-07,0.994617274907531
0.9993532627362898,5.2185799073145925e-15,0.0006467372637047945
0.9999999991829287,1.1181959943144475e-29,8.170713060675326e-10
0.9853795455766131,1.67383369962874e-12,0.01462045442171323
6.427618523589182e-26,0.9999999999984202,1.5798762888929647e-12
3.1792322250650194e-06,0.003091507535293102,0.9969053132324819
1.3932465461773156e-05,0.004458715395046381,0.995527352139492
2.7194022849383817e-16,0.9999945032436204,5.4967563792894065e-06
0.0023003868896903225,3.9420621579914156e-07,0.9976992189040939
0.999999177555739,2.094150490778039e-24,8.224442611334563e-07
2.23330311179093e-23,0.9999999993665811,6.334189517565706e-10
2.1882128768686477e-06,0.0066601017874147,0.9933377099997084
1.1343448180055093e-15,0.9999933051018084,6.694898190536674e-06
0.9997990555561422,4.681973593826034e-18,0.0002009444438577618
2.178211627465144e-09,0.9930307738136621,0.00696922400812616
0.9999999760924422,4.254276267179801e-27,2.3907557862787177e-08
1.0685928261761907e-09,0.9685052114684467,0.031494787462960534
0.9999999748223798,1.2140761527836404e-25,2.517762022785066e-08
2.855202327826674e-10,0.995740019705319,0.004259980009160839
0.9998613578361807,2.0148109302896686e-17,0.00013864216381943598
5.198900503120831e-18,0.9999995264358517,4.735641482456418e-07
1.2572933745817337e-06,0.3765108764365543,0.623487866270071
0.9989926271674845,3.4688314435110082e-15,0.0010073728325120058
0.014525969195586798,8.566490212588957e-07,0.985473174155392
0.9999999909873954,1.5475129279398107e-25,9.012604486688799e-09
1.1269901002611664e-07,0.30483858109047857,0.6951613062105114
2.6114560422020846e-06,0.2948020147942494,0.7051953737497084
6.1993446608732375e-06,0.001122517907364767,0.9988712827479744
1.7209389322573707e-21,0.9999999977683167,2.2316831859610225e-09
0.0022210346450642136,7.898568981691616e-05,0.9976999796651188
0.9999937120034365,2.156822558439049e-19,6.2879965636192235e-06
0.0017505375944626858,5.419830215650641e-08,0.9982494082072351
0.02583769615624003,1.546221455868954e-07,0.9741621492216145
7.707135262527099e-13,0.9990755570310856,0.0009244429681437059
6.301539314640749e-10,0.9671518822374057,0.03284811713244034
0.9999827676365854,6.311239234485446e-20,1.7232363414451866e-05
7.56558001641134e-12,0.995478834450496,0.004521165541938346
2.854715188179271e-14,0.9999773682742944,2.2631725677050898e-05
1.0295178679605793e-05,0.00012379516857024715,0.99986590965275
0.10416937208112853,8.388953694905007e-08,0.8958305440293346
1.0099015890488557e-05,0.001028179161994631,0.9989617218221148
0.0018995732809868114,2.5943809195158295e-06,0.9980978323380937
1.3179172829656485e-12,0.9991522056709858,0.0008477943276963354
0.0017852056314101017,5.31794658488667e-06,0.998209476422005
0.9999973714401786,2.882114505992351e-19,2.628559821324761e-06
0.004388513240525079,6.601616875321158e-07,0.9956108265977874
0.9999771469471714,2.7179110384702216e-19,2.2853052828679185e-05
0.9899507289197603,1.0524830745549295e-13,0.010049271080134328
3.870755608584499e-06,0.02217307354069689,0.9778230557036945
2.645489973627396e-07,0.06364296991285333,0.9363567655381493
6.125407230991747e-05,3.123198534254069e-05,0.9999075139423474
0.9729433862593367,1.8264223567706877e-12,0.027056613738836832
4.0257893020286243e-13,0.9997352637681137,0.0002647362314836287
3.709386415832866e-05,0.0002470727369948106,0.9997158333988468
1.0039913573483588e-13,0.9994164383475715,0.0005835616523282073
2.965180161647636e-07,0.8837219811207233,0.11627772236126048
0.0005403634653580894,2.7000905920810117e-07,0.9994593665255828
1.5315479146357318e-11,0.998713299099538,0.0012867008851464115
1.4257037122955523e-12,0.9988798033655961,0.0011201966329782691
1.2007986373923456e-11,0.9902167273343713,0.009783272653620894
0.000217731021389094,2.466528931228124e-05,0.9997576036892986
0.9959543566537558,9.350397218569929e-14,0.004045643346150785
3.3855178731327177e-05,0.025256355303527336,0.9747097895177413
4.1558726871249575e-22,0.9999999989867108,1.0132891646901464e-09
2.4088261958390834e-15,0.9999903388709744,9.66112902303639e-06
4.625002314911775e-07,0.12378747223233359,0.8762120652674349
0.9999995781765113,2.4953960585701785e-24,4.218234887041694e-07
0.001649003656343084,1.3863925196710388e-07,0.9983508577044049
6.293838084744579e-13,0.9997052018058079,0.0002947981935628395
0.9753845507767056,1.5534581683082473e-12,0.024615449221740963
4.5356478357689585e-20,0.9999999646148593,3.538514058596617e-08
9.936476196325438e-10,0.9836066031487232,0.016393395857629296
0.999999999732103,2.3096351373648578e-29,2.6789692931370556e-10
1.2887889439084164e-05,7.74471244414306e-05,0.9999096649861194
0.16028653448315805,1.0129492090551779e-07,0.839713364221921
0.999999103813265,1.7468453832817785e-22,8.961867350414692e-07
0.9998267981598029,1.0492077029778316e-17,0.00017320184019705808
0.9999950485801538,4.0355866031845825e-20,4.951419846313841e-06
0.9999996904942002,9.639609752826655e-26,3.095057997865394e-07
2.2370492549677605e-16,0.9999959703514985,4.029648501238198e-06
0.0001297962148383361,2.5122526822339087e-06,0.9998676915324795
1.058666424815549e-21,0.9999999986709966,1.3290033043794723e-09
0.9999903744734893,4.2480738799269314e-20,9.625526510826433e-06
0.9999999914824002,3.1715543679435136e-26,8.51759994630313e-09
1.7625115599834844e-09,0.8809843146329395,0.11901568360454895
0.9999792075855287,5.673276378313178e-20,2.0792414471333404e-05
4.612833443038709e-14,0.9995526182158221,0.00044738178413165956
1.4766786195265956e-21,0.9999999886985803,1.1301419623919955e-08
0.0012681861620841741,4.50141263446183e-06,0.9987273124252813
1.117749274257453e-23,0.9999999996023294,3.9767047047579197e-10
0.994955693972552,1.4264154186664633e-12,0.005044306026021502
3.013858065805725e-16,0.999996489285586,3.51071441362173e-06
5.961970929387765e-25,0.9999999997982791,2.0172096070970795e-10
1.4169595795175242e-19,0.9999998530062125,1.4699378745273148e-07
0.8667012515637454,2.1544405230615209e-13,0.13329874843603898
0.9999918314819009,5.142616743921171e-19,8.168518099044658e-06
0.9999999887618346,4.984140164132446e-27,1.1238165317175301e-08
1.9489950246944615e-11,0.9980483942077546,0.001951605772755339
2.298492572729598e-06,0.033573342202326134,0.9664243593051013
0.9999999168544276,5.456546657533328e-22,8.314557249320254e-08
2.1249498734850337e-22,0.9999999985899348,1.4100651511449151e-09
5.961917816102842e-12,0.9988017203449545,0.0011982796490836768
0.0010140445630654159,0.0011788367550212863,0.9978071186819134
4.402215363711368e-05,0.0009716404770598691,0.9989843373693031
0.9932119431659845,9.404844664775022e-16,0.006788056834014648
0.9999999984449925,3.0728483718556227e-28,1.5550074448681636e-09
1.0475017378915015e-15,0.9999861481671063,1.3851832892670455e-05
0.9999999977587153,3.5525303058617434e-25,2.2412846037871837e-09
3.4906415381385095e-21,0.9999999976664424,2.33355759843325e-09
1.1095253222762028e-07,0.35385004967814326,0.6461498393693246
0.043387394813242525,2.4653404448860484e-07,0.9566123586527129
0.999999999970234,4.681260231182476e-31,2.9765996783777787e-11
0.9999999981068903,3.003774330947766e-27,1.893109683356442e-09
5.223944158047376e-07,0.05609290337390254,0.9439065742316817
8.636695459313615e-25,0.9999999999504743,4.95257271518528e-11
0.9877638435516276,1.0565460855621664e-12,0.012236156447315828
5.080206678997315e-22,0.9999999985468144,1.4531855717333333e-09
1.6855382714121886e-21,0.9999999987667496,1.2332504772870012e-09
4.494872978345169e-23,0.9999999997218847,2.781152567017738e-10
8.901522577734514e-13,0.9997069923939285,0.0002930076051814124
0.9999999300315459,7.454603324633734e-26,6.996845403962684e-08
0.9866158742736316,7.130965797325547e-14,0.013384125726296946
3.177139479559512e-11,0.9945447861295376,0.005455213838691163
0.9999999428822822,6.746979178265892e-24,5.711771762628369e-08
2.44007347472842e-13,0.9999071926028031,9.280739695276991e-05
0.00014672126561995278,1.6925535669413602e-05,0.9998363531987106
3.057248678108859e-27,0.9999999999992704,7.296363981260816e-13
0.9999932370787674,1.3802669602907024e-19,6.762921232678672e-06
0.9998711498653354,3.490397217144781e-17,0.00012885013466460953
0.9999814614623193,6.143987855638509e-19,1.853853768081007e-05
2.2121420398423755e-11,0.9933992775191233,0.0066007224587552255
2.449173720123479e-06,0.0010254336000212712,0.9989721172262587
0.00200655574883949,5.469189690320489e-08,0.9979933895592635
0.1791031144594832,6.818524446773163e-07,0.820896203688072
1.0902099948798525e-22,0.9999999988867778,1.1132222024929781e-09
2.3427184358817134e-10,0.9811333343895764,0.018866665376151795
0.9999029124634968,2.4014744387805912e-17,9.708753650322294e-05
2.6586669598413584e-06,0.0014690121217082641,0.9985283292113318
2.1412375594425573e-06,0.05888861308052434,0.9411092456819162
1.8927878045523694e-14,0.999912368564937,8.763143504418301e-05
1.0107982551851787e-15,0.9999930764750796,6.9235249192338905e-06
4.580557122715665e-12,0.997303214256037,0.002696785739382465
0.99999999977384,1.3513711272648864e-29,2.261600745564493e-10
0.0002309994356855986,0.004772105905260077,0.9949968946590543
0.03172547769464546,3.053851285547482e-08,0.9682744917668417
0.9965020762712984,2.6533042349978464e-15,0.0034979237286988634
3.838282408676085e-16,0.9999849500737568,1.5049926242770192e-05
0.010830254001783921,1.0196430140285896e-06,0.989168726355202
0.9999999989427479,4.2310485439340253e-29,1.0572519831580937e-09
1.5625718938483428e-25,0.9999999999707327,2.926731544117068e-11
1.6695952332140998e-05,0.0030080028678509635,0.996975301179817
0.9999999813985229,5.775896475878426e-26,1.8601477101610845e-08
1.9489568628904827e-06,0.03824950434864858,0.9617485466944886
2.1544912898273313e-22,0.9999999971110678,2.888932302621958e-09
1.777694147197376e-18,0.999999536227364,4.637726359428577e-07
0.9998952528912353,3.89710166273224e-18,0.00010474710876467539
0.9990467120343214,1.7478830020735256e-15,0.0009532879656768911
2.18382823659558e-09,0.6984023125484987,0.30159768526767317
7.959420411287466e-18,0.9999994685641922,5.31435807898e-07
1.4117976862110534e-05,0.0016702701630979051,0.99831561186004
1.324710405674602e-23,0.9999999996638487,3.3615137084448143e-10
0.9999242908885251,5.664104727011272e-17,7.570911147478767e-05
8.619927962905364e-16,0.9999917464007647,8.253599234515883e-06
2.0794804258753788e-19,0.9999999787280285,2.127197144118959e-08
0.9999997496163447,3.764541615086128e-23,2.5038365520481915e-07
3.104660397878485e-05,0.0001462802609096836,0.9998226731351115
0.999999986016542,2.7009224911934882e-27,1.3983457952782167e-08
6.586898786285603e-18,0.9999980895557975,1.910444202450533e-06
1.5593794378290658e-06,0.046067056874056454,0.9539313837465057
0.9986524245779143,2.8681090960092865e-15,0.0013475754220829551
0.9999995257645886,1.0712875420351643e-24,4.742354115018133e-07
1.8939333317098393e-08,0.7342861905014438,0.26571379055922284
1.697708010426799e-05,0.006325654454474506,0.9936573684654212
1.0535396714534494e-10,0.9924376955177123,0.007562304376933636
7.956008739786316e-06,0.010343767251621715,0.9896482767396385
2.0847808333809785e-05,0.008374359247436392,0.9916047929442298
8.118924232344582e-06,8.329871408442553e-05,0.9999085823616832
0.999999989587638,9.213396570519829e-27,1.0412361914561291e-08
0.9999932546786524,9.157233109150115e-20,6.745321347733095e-06
0.00018315135042270102,2.2322108262806615e-05,0.9997945265413145
0.9336528539957549,4.438064406638453e-11,0.06634714595986436
0.9579404583354305,3.0103530320187763e-12,0.042059541661559105
0.9999999967347204,5.4705996402521166e-27,3.26527949467828e-09
1.4689945119789857e-10,0.9918661308508168,0.008133869002283614
3.9110973926804447e-16,0.9999941702671197,5.829732879949964e-06
0.9999999999496028,3.917601012884054e-30,5.03973527397466e-11
0.024660222309279608,1.1640555709321784e-07,0.9753396612851633
0.00017232270768773842,7.361697691392243e-06,0.9998203155946208
0.036507627322601974,3.1623960923383325e-08,0.9634923410534371
0.9999899032334324,8.085279717873724e-20,1.0096766567496476e-05
2.34071990594356e-09,0.8021084793664646,0.19789151829281565
0.9999869093107502,5.387255130537969e-22,1.3090689249707007e-05
0.0003268063885325009,0.001094141386510987,0.9985790522249564
0.9990314773838767,2.809315318163396e-16,0.0009685226161230866
0.9910502644353659,8.894611944388855e-14,0.008949735564545133
0.01744205198696243,3.293236929957654e-07,0.9825576186893447
4.589081305226157e-08,0.7475196052649387,0.2524803488442483
7.000322325811274e-06,0.001572803007997588,0.9984201966696765
1.4228803415755052e-12,0.9982408536570552,0.0017591463415220186
0.0018745675422734882,1.3077756126151073e-06,0.998124124682114
0.993770761361556,4.13012449272775e-14,0.006229238638402902
2.2841549636007678e-21,0.9999999958940371,4.105962779848242e-09
0.013452426637787116,2.730112713284342e-07,0.9865473003509416
4.0435695422512185e-13,0.9994533806615363,0.0005466193380593684
1.6539114080394164e-18,0.999999895165132,1.0483486804084596e-07
5.00620245897576e-06,0.0043995486757658735,0.9955954451217751
9.325718912593526e-11,0.9931758469560674,0.006824152950675303
0.02471735302596386,9.333452762803783e-08,0.9752825536395086
1.3991561407972444e-08,0.7187413257749112,0.28125866023352747
7.342132760016695e-14,0.9997838181297567,0.00021618187016983538
0.9990251504927325,4.26717007390874e-15,0.0009748495072632024
1.3680523937840945e-06,0.09981855012087873,0.9001800818267275
0.999999998964368,6.478881160097591e-29,1.0356320866261851e-09
0.999998674731114,7.289465607667925e-22,1.325268886100821e-06
0.9999981897363702,1.519695354501402e-21,1.8102636297879562e-06
6.173297662832128e-21,0.9999999580641374,4.1935862488570194e-08
0.9441072154363797,1.479890267456946e-11,0.05589278454882142
0.0005854749101420437,3.266081853068065e-05,0.9993818642713274
2.0785327903834817e-05,0.004552175920326937,0.9954270387517693
1.5646189955369172e-05,0.0043746569891205895,0.995609696820924
0.9999993672095248,3.920594769110684e-23,6.327904752308916e-07
0.9998283988854645,2.479989210153017e-16,0.00017160111453525366
6.477897126472193e-23,0.9999999967023685,3.297631477317461e-09
1.5671633180310795e-15,0.9999555924982471,4.4407501751390426e-05
9.599583541307152e-07,0.21808623297369395,0.781912807067952
2.060751210970174e-12,0.9980034950628587,0.001996504935080683
4.6659305550606364e-05,0.0007881877758778158,0.9991651529185717
0.004073226576000781,6.05711650360857e-08,0.9959267128528343
1.135387226253476e-05,0.002666016243488674,0.9973226298842488
0.9993793616374096,7.277929362186934e-15,0.0006206383625831488
0.9999432313448043,8.520028541395983e-18,5.6768655195716017e-05
0.9999843723302538,4.0618665831549907e-19,1.5627669746251918e-05
0.9912163838449767,3.110221693319695e-14,0.00878361615499235
4.0998658610439766e-17,0.9999928883274858,7.11167251411844e-06
0.9944595163132699,2.386030874248607e-14,0.005540483686706252
1.634847926678906e-06,0.19131102793442267,0.8086873372176506
8.481378104604035e-11,0.985197633759356,0.014802366155830252
5.028928549851828e-06,0.002242446820664449,0.9977525242507856
0.9999997484306253,1.2632194005395505e-25,2.515693745712369e-07
1.3379624165277544e-08,0.5335271137128123,0.4664728729075635
1.2516345125601459e-09,0.9771903767989398,0.0228096219494255
0.007756704061337577,1.1695585227712628e-05,0.9922316003534347
3.171057799481306e-16,0.9999845516864027,1.5448313597090995e-05
6.056236638442766e-10,0.9784153118238607,0.021584687570515796
4.299344064643043e-11,0.9754585548331612,0.024541445123845148
1.1360796143474988e-06,0.037951858791090184,0.9620470051292955
0.9989874829474418,6.776178635597008e-15,0.0010125170525514292
2.2311898306471307e-12,0.993235359597056,0.006764640400712714
7.486798507919302e-13,0.999768922830696,0.00023107716855515795
7.796505869134494e-14,0.9997713645866187,0.00022863541330319455
0.996179540221413,2.9740984599515574e-13,0.003820459778289545
0.9994330807807341,4.1473853520239455e-15,0.0005669192192615814
0.9999999681217925,2.920682750813837e-27,3.187820758007729e-08
4.147745129468609e-05,0.0011727213070919444,0.9987858012416134
7.371376383116013e-14,0.9998157161418332,0.000184283858093088
0.900820234872656,5.707562718010778e-11,0.09917976507026846
2.9714790419396764e-11,0.9601177932840229,0.03988220668626231
5.136461894391095e-29,0.9999999999982436,1.7563518908197094e-12
1.3930790418210916e-07,0.32764696629188456,0.6723528944002113
0.9999999994677176,1.9942601539351115e-28,5.322824513469548e-10
0.9999999666519448,1.0867541393024227e-27,3.334805523278322e-08
0.023095664246400756,1.1828379400988458e-07,0.9769042174698053
0.9999824932753182,2.1540287534904138e-19,1.750672468165426e-05
5.3171175403555236e-05,9.232239404605342e-05,0.9998545064305504
0.00021334294346505412,0.00026934681081658716,0.9995173102457183
4.9023354797359056e-05,0.001803035782999598,0.9981479408622032
0.9999997887770584,6.832396600163682e-24,2.1122294151504946e-07
0.9999867152613064,1.0028711149856875e-18,1.3284738693639518e-05
0.955298593484961,1.5924247874089283e-11,0.044701406499114804
0.999999999616489,1.0240450565241942e-29,3.83511065975403e-10
3.1391869874503926e-09,0.7995331337577645,0.20046686310304854
4.078515596503633e-05,5.375105716114285e-05,0.9999054637868737
0.9999999999412228,8.127095185418425e-31,5.877712522570058e-11
1.477725902661443e-07,0.10829738888799363,0.891702463339416
1.594955870764804e-06,0.00468882048321215,0.9953095845609171
0.002232093398548031,1.4930386115288509e-06,0.9977664135628406
0.9996533275091997,4.504100922138144e-17,0.00034667249080025684
0.9998156769130185,1.6228877228326687e-18,0.00018432308698154782
0.582498879389416,5.156772495972533e-08,0.41750106904285916
0.9996853503358654,2.429024649856764e-17,0.0003146496641346507
3.758006258281381e-27,0.999999999998967,1.0330148556962933e-12
3.9188905727733214e-18,0.9999988220275019,1.1779724980671648e-06
0.9977161728901149,1.4166693382976373e-15,0.002283827109883605
1.4235934873027823e-05,0.01117323287463864,0.9888125311904883
0.012622318694904055,5.057271041449902e-06,0.9873726240340545
1.1945288249991474e-20,0.9999999916336996,8.366300498346044e-09
0.00013729025661414,0.00023551892425317743,0.9996271908191326
3.5101394774208187e-06,0.11711359727617748,0.882882892584345
0.9996999453464204,5.170128334582083e-17,0.0003000546535797102
0.00014308804040769884,0.0004691126342256265,0.9993877993253667
7.443785164695737e-08,0.8145419670398849,0.18545795852226343
1.7584326960539358e-05,0.0032446710360612783,0.9967377446369782
0.9871879929735035,2.1481177271098936e-13,0.0128120070262818
4.4531663936629833e-11,0.9945263554117388,0.005473644543729414
0.9999013052063834,1.3661380248318185e-17,9.86947936165231e-05
0.011127969332617383,1.7433515049735251e-07,0.9888718563322322
0.9973977722982483,5.123710049277039e-13,0.002602227701239313
0.0033265047626340073,1.2863622401363478e-07,0.996673366601142
0.1093666908670828,3.398985028279483e-08,0.8906332751430669
0.9961501449625578,7.110194238804292e-14,0.003849855037371229
0.002242910704326376,1.2683914353024888e-05,0.9977444053813207
4.596432595953843e-23,0.9999999993923772,6.07622770916836e-10
1.5541927033317985e-05,2.117266210093449e-05,0.9999632854108658
0.9999999810289403,3.1478560789652978e-25,1.897105974057055e-08
1.8627663473675698e-05,0.0003706535675282119,0.9996107187689982
6.248723030224046e-22,0.9999999852827421,1.4717257881278661e-08
2.157705305491899e-07,0.009692450624121366,0.990307333605348
3.068482992767035e-05,0.0025018409101421994,0.9974674742599302
8.789408268511427e-05,0.003039917608768385,0.9968721883085465
6.094919393604447e-15,0.9999167004518351,8.329954815884011e-05
0.00020889394583515036,6.101520027445619e-06,0.9997850045341373
0.0014080666138456934,4.292181946497637e-07,0.9985915041679597
0.9997052578056947,6.629796483898819e-17,0.0002947421943052683
0.002224976067699774,1.0642954080923482e-05,0.9977643809782194
1.7705208021062265e-09,0.9681197752379733,0.03188022299150574
0.0005890932139419911,1.1814281869576146e-06,0.999409725357871
2.1192691322193042e-20,0.9999999191264445,8.087355552544289e-08
4.596144279394266e-18,0.9999998903833538,1.0961664610817574e-07
1.4248884745179394e-15,0.9999938991427602,6.1008572386061135e-06
0.07409792192365003,8.582709320312557e-08,0.9259019922492568
0.0013785521420109097,1.120737797491008e-06,0.9986203271201916
3.3544819105122835e-07,0.07713344574487621,0.9228662188069326
0.9999999777775781,2.8945295863905303e-26,2.2222421918813656e-08
1.708104657841846e-05,0.0009142444639155264,0.999068674489506
3.304934151854611e-08,0.6115828230791476,0.3884171438715108
0.004297677809583578,5.570409826522535e-07,0.9957017651494338
6.185240565966795e-06,0.2888334148060811,0.7111603999533529
1.0788632468216306e-14,0.9995855565756275,0.00041444342436160013
0.9999999604204781,4.6332819148521524e-24,3.957952184426847e-08
3.3086317723680396e-09,0.9027721729058179,0.09722782378555028
7.048551445064074e-17,0.9999980304413825,1.9695586175455645e-06
2.718334066997688e-21,0.9999999943419593,5.658040597055204e-09
0.005039415185418149,3.589585571384391e-05,0.9949246889588681
7.16224638849535e-06,0.000581265483273711,0.9994115722703377
1.424381331226385e-12,0.9962268348693037,0.0037731651292718595
0.9999999970683915,6.591643009424114e-26,2.93160842491822e-09
9.387004640226326e-05,2.422244241300935e-05,0.9998819075111848
0.10132929741932421,2.060743888564645e-07,0.8986704965062869
1.5874423182399442e-14,0.9997795688343799,0.0002204311656041691
8.999453809617567e-25,0.9999999999457647,5.423532799202058e-11
0.9999959785433186,3.451148643633722e-21,4.0214566815026745e-06
0.9999643938713353,9.98899227976378e-19,3.560612866462559e-05
0.9999990393562648,6.356664101255339e-22,9.606437352767586e-07
0.9999998895896067,1.70572486661495e-23,1.1041039336217556e-07
2.299025021721367e-15,0.9999722628260164,2.7737173981281166e-05
1.4910989026112461e-24,0.9999999994141027,5.858972611572707e-10
0.0002648147430024211,0.0007074912339154146,0.9990276940230822
5.196989977601959e-26,0.9999999999578784,4.212153177144104e-11
1.896582769614e-18,0.9999985008430191,1.4991569808551678e-06
0.9998648820702117,3.1777925390681938e-15,0.00013511792978531458
0.9999997744646911,1.4963451140451675e-23,2.255353088213436e-07
0.9944962313108777,1.3673322404510173e-13,0.005503768688985667
2.1076199427514893e-05,0.02141708881323427,0.9785618349873382
5.827576539772786e-21,0.9999999630904577,3.690954223944666e-08
0.00852614671391144,6.369129346297997e-07,0.991473216373154
7.843249992388513e-06,0.1108707278583925,0.889121428891615
0.9999996955957172,1.3282329767421537e-24,3.04404282739052e-07
0.9975520252202877,2.6109523896728208e-14,0.002447974779686118
4.957251820353885e-25,0.9999999999492044,5.079564367193425e-11
1.2385554577655172e-07,0.36513748885552805,0.6348623872889262
0.7604268528712964,3.9581789471380374e-11,0.23957314708912175
1.6524658834817126e-18,0.9999998243526633,1.7564733667617924e-07
4.021344726237018e-22,0.9999999950702947,4.92970520549181e-09
0.9999647823220548,1.5271587793918958e-19,3.521767794530304e-05
2.9073723815307394e-06,0.08355206023008817,0.9164450323975303
2.7011569858071854e-17,0.9999977378175902,2.262182409829262e-06
0.9975669276076101,5.241885872868051e-14,0.002433072392337497
0.00017099860416310367,8.614995523340471e-05,0.9997428514406035
1.017674567758578e-11,0.9644083616232151,0.035591638366608294
0.9709000721648515,2.2826632737049863e-12,0.02909992783286584
0.9997557399091518,1.7478726862555041e-16,0.00024426009084790027
9.607224740085345e-22,0.9999999979267213,2.0732785864469216e-09
0.9999999995488957,1.8293443436203615e-29,4.511043380441976e-10
0.9997974455743961,7.160733211352646e-17,0.00020255442560392008
0.0045011202044399215,5.680694437741878e-07,0.9954983117261162
0.9999999989093045,7.673882905539872e-28,1.090695603475073e-09
0.999993916365362,4.927834014320235e-20,6.08363463801231e-06
0.9999999997748872,4.1455790256256505e-30,2.251127712222454e-10
2.397293911577464e-06,6.755691116622795e-05,0.9999300457949222
3.2718905992528756e-13,0.9999519588423409,4.804115733189381e-05
2.4056938726009023e-05,0.00023521601776885286,0.999740727043505
0.001403065299605169,0.0006222808904173341,0.9979746538099774
1.0924431784008941e-25,0.9999999999821223,1.7877667592699238e-11
9.244422266711118e-19,0.9999997067935109,2.9320648913750334e-07
0.000494562049558424,1.679135812342908e-07,0.9995052700368603
0.00035694016445285046,3.6883499343835136e-06,0.9996393714856129
2.927685216232208e-06,0.0014688493144807567,0.998528223000303
2.384080604816432e-22,0.9999999978350906,2.164909449017265e-09
0.9999975452422378,4.517300219140176e-22,2.4547577621786592e-06
2.336339974012169e-14,0.9997689506622954,0.00023104933768126242
1.0089948337336307e-06,0.005497894739483189,0.9945010962656831
0.0005348112704968304,0.00026012756281154376,0.9992050611666917
1.1930104607348294e-10,0.9873982559449048,0.012601743935794203
0.9999999985050976,6.09224865375074e-29,1.4949023120153962e-09
0.9991906754666549,9.505122859254704e-14,0.0008093245332501011
0.00036235058132508166,2.3474858254247733e-05,0.9996141745604206
4.297772760107844e-23,0.9999999993093316,6.906683421759711e-10
8.721490368408382e-19,0.9999999331710334,6.682896651196416e-08
0.9999999998793574,5.8013423082583756e-30,1.2064252097533e-10
0.0005985465760032296,5.3284312001779e-06,0.9993961249927965
0.00034716300229925903,0.000122675141759352,0.9995301618559415
2.0848276476541065e-12,0.9933275455829937,0.006672454414921496
0.9993375525976749,1.165394924700889e-15,0.0006624474023240666
0.07749640037127997,3.5689405289395836e-07,0.9225032427346672
5.0445176318724215e-12,0.9990390440848599,0.0009609559100957343
0.0005398715179685684,7.263941435060876e-05,0.9993874890676808
0.98737249195479,9.48982648887976e-12,0.012627508035720204
3.4247080379548027e-16,0.9999663385077142,3.366149228530346e-05
1.253303383217876e-19,0.9999991348406003,8.65159399786156e-07
1.1529393609301056e-06,0.0966664871377492,0.90333235992289
0.9998828257603871,8.30577056792407e-18,0.0001171742396129233
2.740027461456857e-15,0.9999567339479196,4.326605207780249e-05
4.023671926429462e-05,0.0022787565477110417,0.9976810067330246
0.9897809938299275,1.3141856845683848e-13,0.010219006169941121
0.9735127491937193,1.1103816455067338e-12,0.02648725080517027
0.00013339658871128337,3.6971807687361975e-05,0.9998296316036013
1.01248011510933e-11,0.9995423946697499,0.0004576053201252189
0.9988707975154313,1.715000205069474e-14,0.0011292024845515804
0.9999946511197575,1.7376073243807475e-20,5.348880242520796e-06
0.004206534820208189,2.91370943363399e-06,0.9957905514703581
6.673374132575982e-07,0.006125753191927859,0.9938735794706588
3.860331677142494e-07,0.4050544204609534,0.5949451935058789
0.9998931833621225,3.40627530730067e-17,0.00010681663787750971
2.374939415258185e-06,0.027139711065384434,0.9728579139952003
0.9999995548982892,4.601857364820039e-23,4.4510171066368106e-07
1.3007055762321356e-09,0.8672882574182925,0.13271174128100183
0.9998195140343197,1.6312327595495264e-17,0.00018048596568025525
0.9995243679702922,1.6566371611915602e-15,0.000475632029706292
6.911112331621724e-07,0.015336910177171887,0.9846623987115949
0.999295304938139,1.2882667333300762e-14,0.0007046950618481069
0.0011818958244782627,1.120664696393128e-06,0.9988169835108255
2.701484652192114e-16,0.9999839253106335,1.607468936632509e-05
4.027893809564138e-07,0.6883077611765616,0.3116918360340575
0.9999999738876026,3.7027588683819496e-26,2.6112397419883347e-08
5.149498301407872e-17,0.9999979726349448,2.0273650552537277e-06
3.862656311847891e-06,0.001023464237122302,0.9989726731065658
2.649053802398158e-07,0.02437078266043321,0.9756289524341865
0.9997569874977791,1.6219301246340968e-16,0.0002430125022206916
0.0069335003017992995,3.0042529864180642e-06,0.9930634954452142
0.00018001722683274698,4.456199626148458e-06,0.9998155265735412
0.00022022496164435826,0.00013267313866814417,0.9996471018996874
3.387853365882748e-05,0.007080200647008536,0.9928859208193326
0.0021321904276021208,2.0417455064116883e-05,0.9978473921173338
0.00010725119830085823,0.0005046092492226715,0.9993881395524765
0.9998155408196955,7.021428063749363e-17,0.00018445918030458863
0.9999999067851304,1.2007673141925106e-24,9.32148696523457e-08
0.0003519501087297628,9.529738604176495e-05,0.9995527525052286
1.6842733771260817e-06,0.01589647885488975,0.9841018368717332
0.9998057102475865,2.451354547035613e-17,0.00019428975241361998
0.9999999989833803,1.0584551219120333e-29,1.0166196761367218e-09
0.9999995564997777,1.63471485656556e-23,4.435002224207635e-07
3.280524236213831e-06,0.007777826378788571,0.9922188930969753
0.01040517232286171,1.4363841660637409e-08,0.9895948133132966
0.9725454420590325,2.1000294908276242e-13,0.027454557940757726
4.190129234750494e-27,0.9999999999990998,9.000790580045278e-13
6.709089958958788e-14,0.9988537939344977,0.001146206065435314
4.0023495416796177e-08,0.05855305612644103,0.9414469038500636
1.591539748284995e-26,0.9999999999989602,1.0398489822901506e-12
3.005247043753318e-15,0.999986157277809,1.3842722187875166e-05
0.9878841083558363,3.805275252134514e-14,0.012115891644125637
7.602179910340804e-12,0.9919660261524474,0.008033973839950352
0.4764445565246158,3.9777992202026314e-09,0.523555439497585
7.932102503954568e-06,0.001208893152069363,0.9987831747454268
0.9999999717767115,1.1911086935264378e-26,2.8223288545238083e-08
6.440481566084883e-06,0.0316579837638322,0.9683355757546017
9.987115674603512e-07,0.05796414850821546,0.9420348527802171
1.3648780477345755e-18,0.9999995755168604,4.2448313971253465e-07
0.0005332534595068155,7.376713992686177e-07,0.9994660088690939
1.9096753510777267e-27,0.9999999999970497,2.950330516831277e-12
0.9999996079710489,1.6472198811605088e-23,3.920289510553124e-07
3.253138181395435e-16,0.9999716587451473,2.8341254852474622e-05
1.0022888245615539e-06,0.006923907334928171,0.9930750903762473
5.713353640091965e-24,0.9999999996973457,3.0265428810592666e-10
0.005922426208497802,2.0870418135973976e-06,0.9940754867496887
5.56061294074256e-19,0.9999997616108494,2.3838915067499446e-07
1.1701311955475109e-05,0.07270868772661412,0.9272796109614303
9.297625569822958e-08,0.31100944554541965,0.6889904614783245
0.08136541951567525,3.2022679509031115e-08,0.9186345484616454
0.9999999468895063,9.688560513752355e-25,5.311049353813194e-08
0.9999969766075076,5.340006894881582e-23,3.023392492317436e-06
0.00016294250130441423,4.660838931972828e-06,0.9998323966597635
0.9999010932748676,4.5081787364807824e-17,9.89067251322402e-05
1.4224579009174212e-16,0.9999915985700223,8.401429977591223e-06
0.9999999481590629,2.886677670083697e-26,5.184093698729259e-08
0.15614641668719065,7.81232563246966e-09,0.8438535755004837
2.6082045305941982e-18,0.9999989084676957,1.0915323042677417e-06
1.806464933843012e-14,0.9999036948560854,9.630514389661359e-05
3.2121417780453366e-05,0.0003065215997792182,0.9996613569824404
0.9999973915104236,1.9646505189008418e-22,2.60848957645473e-06
0.0003017404379605683,1.591796189326047e-06,0.9996966677658501
0.9427722630025094,1.6677198194297248e-11,0.05722773698081339
4.519377225742214e-19,0.9999997027230687,2.9727693133975424e-07
7.12886412042803e-19,0.999999940138578,5.986142211905378e-08
1.4068743337651195e-12,0.9994232978815721,0.0005767021170210057
0.9999921164714491,6.345701222642877e-21,7.883528550894855e-06
4.970094219060185e-07,0.022527060128156983,0.9774724428624211
5.868825482406055e-17,0.9999990372400424,9.627599576064883e-07
0.024660660724119203,7.753631097190986e-08,0.9753392617395699
3.91574452737663e-09,0.9648505775273205,0.03514941855693502
0.9974900667851212,7.95286660379437e-15,0.002509933214870981
4.5742207554455986e-05,0.007326734746655988,0.9926275230457896
1.4901862132749204e-20,0.9999999688964253,3.110357482292659e-08
5.910188603396259e-22,0.9999999990946005,9.053995054463643e-10
8.593855505186872e-19,0.9999999300495985,6.995040137308969e-08
0.9407159149741706,4.1148241071629467e-11,0.059284084984681136
0.9999999558815607,1.665848328223015e-26,4.41184393086737e-08
0.9999918673659166,2.0676722397172655e-19,8.13263408337905e-06
3.113687574500938e-05,7.581714126050261e-06,0.9999612814101289
2.641090257108086e-13,0.9990300400054147,0.0009699599943210074
0.9999998083124321,1.5024888298138815e-23,1.9168756787231416e-07
1.6321060442824847e-10,0.9972024839209883,0.002797515915801128
4.145879632886266e-09,0.8981151688274068,0.10188482702671348
0.9999772953259763,3.773432055708412e-19,2.2704674023659136e-05
0.9999999988425579,7.352048310533621e-29,1.1574422468490943e-09
0.9997302636576313,8.380001569545898e-15,0.0002697363423601624
1.4632354511309326e-10,0.8889718070402085,0.11102819281346805
6.92577708871168e-20,0.9999997501151483,2.4988485162338145e-07
8.018356413642661e-19,0.9999997355155414,2.6448445853955805e-07
0.9997661555709437,4.636669340726635e-16,0.00023384442905583394
2.348196828163661e-05,0.00050023645105617,0.9994762815806622
4.922511687740052e-28,0.9999999999992037,7.963377995259546e-13
2.20061801925865e-15,0.9999749956522624,2.5004347735407522e-05
0.9941457096583705,3.7511839208566586e-13,0.005854290341254513
9.096346579322021e-17,0.9999929496568011,7.050343199018785e-06
7.878440194146207e-13,0.9984680703662793,0.0015319296329328108
1.2372290604608995e-05,0.00688951317383465,0.9930981145355607
2.3642447464540835e-09,0.8293875467221852,0.17061245091357016
0.9999995671009105,3.585424195354789e-23,4.328990895004745e-07
0.9798089064529808,3.3533465821491747e-12,0.02019109354366595
0.00017804956528235603,0.00014579252602825614,0.9996761579086895
0.02995122931517277,1.127376460976507e-07,0.970048657947181
3.2157769226854125e-17,0.9999979000166949,2.0999833051316807e-06
0.0006356769247446572,7.434861317281634e-06,0.9993568882139381
1.9501614854611236e-29,0.999999999999277,7.230866479162958e-13
0.9998835757498968,9.270875476226615e-17,0.00011642425010314584
2.2836169838852488e-15,0.9999619093573263,3.809064267158164e-05
0.02543035859260244,1.9405379082798784e-07,0.9745694473536067
0.0003977884245175944,2.3183831956596183e-06,0.9995998931922867
1.8068076983784908e-15,0.9999485730375194,5.142696247871477e-05
0.00019159098972265447,3.602402855863633e-05,0.9997723849817187
2.525961771681137e-12,0.9993332457956761,0.0006667542017978853
1.4300425629860835e-15,0.9999948552236926,5.144776306153488e-06
0.9999998565460463,7.187289043425016e-23,1.4345395373036223e-07
1.256455003821105e-27,0.9999999999980713,1.928606308846441e-12
2.6528133325364293e-05,0.000659667628158935,0.9993138042385157
0.9867595478167435,2.1137585092511415e-12,0.01324045218114281
0.9963515740053073,4.578598636832709e-15,0.0036484259946882097
2.964831778022793e-13,0.9997218262536338,0.0002781737460697227
0.04888984272189677,2.161442723001252e-08,0.951110135663676
0.9999999343164395,1.1509787045569901e-26,6.568356055751313e-08
0.9827651123702816,1.998856479133972e-12,0.017234887627719554
5.11318830664839e-12,0.999316841828724,0.000683158166162882
0.999999787427187,7.060832282904162e-24,2.1257281312531378e-07
7.435879239710645e-06,0.0010093179242025455,0.9989832461965577
2.87828475030745e-28,0.9999999999993894,6.105411205777613e-13
0.0004469703127426864,4.018198342491046e-06,0.9995490114889147
0.9995791858729823,1.3108034392773908e-16,0.00042081412701734986
0.544751293448003,5.140734556576219e-10,0.45524870603792356
9.723628297991696e-07,0.19182092642947235,0.8081781012076978
4.3840914412853684e-17,0.9999817157065678,1.8284293432164637e-05
0.000555772290840545,1.7113159812799388e-05,0.9994271145493466
4.737063077011571e-08,0.1389829632338563,0.8610169893955131
4.4862269762821105e-15,0.9999907516481873,9.248351808363576e-06
0.9967985149735448,9.115507016911773e-15,0.0032014850264462163
0.9999999356847787,2.0749716644905862e-27,6.431522113718524e-08
0.9970623600106389,2.951103432545688e-14,0.0029376399893316345
0.0069986552988931345,4.0815877442252606e-05,0.9929605288236646
9.819167263096791e-11,0.9835050189257433,0.016494980976064895
0.0026461037285670955,8.558275191642949e-08,0.997353810688681
6.235499386409251e-21,0.9999999967406583,3.2593416604881226e-09
0.00023102030843450582,2.8353833334347655e-06,0.9997661443082321
0.9999999999892222,1.0563503454820204e-31,1.0777869002984282e-11
0.9993489551808797,9.486186022813353e-17,0.000651044819120249
9.436628508496541e-08,0.10370618662307927,0.8962937190106355
0.1863689202784549,1.8395592474412673e-07,0.8136308957656203
0.9999926852383381,2.1689043887488565e-22,7.314761661945222e-06
0.9999991632989542,3.8019140832536555e-23,8.367010457525397e-07
8.106853053361241e-05,0.010722280063307948,0.9891966514061584
1.3973399785776023e-06,0.011064316618966175,0.9889342860410552
0.0026966192881261544,2.963267073921014e-06,0.9973004174447999
7.258253346827837e-15,0.9998637143440815,0.00013628565591114144
4.556811138327736e-05,6.990928880926216e-05,0.9998845225998074
0.999999892059137,3.075809001345417e-26,1.0794086296521738e-07
5.061668540004897e-08,0.008613713206039021,0.9913862361772755
8.095081972935398e-07,0.32325478393228657,0.6767444065595162
5.126439183892491e-06,0.012910283867235887,0.9870845896935802
8.266072599896504e-12,0.9978805952051898,0.0021194047865440856
0.9999999999182918,8.528752403018816e-30,8.170811443997556e-11
9.836465371108893e-11,0.9982911231523296,0.0017088767493058231
0.9978610979178724,7.99759549743129e-15,0.0021389020821195666
4.850304341671965e-13,0.9959608485271285,0.004039151472386509
1.5818131249405103e-16,0.99999715673601,2.843263989814999e-06
1.6745329614815154e-24,0.9999999999258593,7.414067336824263e-11
0.9999999974548293,1.8060151261916523e-27,2.5451706718995137e-09
0.9969574690551176,5.5075712852680364e-14,0.0030425309448272016
2.9296678161743543e-09,0.6113869164945461,0.38861308057578603
3.995117265711175e-09,0.6328709998478139,0.36712899615706884
0.9997697585275521,6.765728044023567e-17,0.00023024147244800203
0.06610761157727654,7.965586963882374e-09,0.9338923804571366
3.5657360102602643e-19,0.9999999362230813,6.377691873180229e-08
0.9941432375980818,1.4117582175752532e-14,0.00585676240190411
1.0148139839467103e-25,0.9999999999956939,4.306045372093535e-12
2.6412332338439373e-25,0.9999999998280409,1.7195917280949095e-10
1.963607814354297e-05,0.0003929570434243972,0.9995874068784322
4.701479750818911e-20,0.9999998864781048,1.1352189522280354e-07
1.3156034657461542e-18,0.999999903377351,9.662264889852062e-08
0.9999999800814543,1.4748586111673793e-26,1.9918545739285094e-08
5.155141903792319e-27,0.9999999999987765,1.2234616197443822e-12
0.004716968254367494,4.559103232570282e-05,0.9952374407133067
0.13964791163539456,1.9073685991193827e-08,0.8603520692909193
1.5485797487759154e-05,0.0027153881336631452,0.9972691260688492
2.2635342995132977e-13,0.9999419014438437,5.809855592996586e-05
1.3136629234696857e-10,0.9466020655179812,0.053397934350652446
0.9999576066219823,1.7608072097809966e-19,4.2393378017660847e-05
0.9999987458837275,1.898731004325456e-21,1.2541162726363383e-06
0.9825527322286449,5.24343622956384e-12,0.01744726776611165
0.0008931903387702105,0.00012080965683245742,0.9989860000043974
0.9979456469970276,9.409641837529125e-14,0.002054353002878229
1.0955395009755332e-16,0.9999865811364547,1.341886354522575e-05
1.5639123290048747e-05,0.003857381877037089,0.9961269789996728
1.567516184709733e-27,0.999999999998537,1.4630545473517923e-12
0.9999510714465514,1.2050222273345995e-18,4.892855344863126e-05
6.765046321265674e-09,0.8235282814571031,0.17647171177785043
6.700932404902124e-20,0.9999999280777839,7.192221609464126e-08
5.5337542703198336e-09,0.9477065773442891,0.052293417121956724
5.65205288039425e-14,0.9995950798551646,0.00040492014477880246
0.9999999991298618,3.0794871302649206e-29,8.701382323442073e-10
0.9999745857425091,4.1506894594900455e-19,2.5414257490938152e-05
0.19312738906273474,3.585309767994694e-08,0.8068725750841675
0.9999474888573486,1.232150347920274e-18,5.251114265146498e-05
2.73828018519244e-20,0.9999999608511165,3.914888349605623e-08
0.9999999906130307,1.3361012343146923e-26,9.386969374636828e-09
0.35016992227626825,1.193322904617411e-07,0.6498299583914413
0.9999999926755676,1.1807939210878628e-27,7.3244324223206595e-09
4.345801213382216e-19,0.999999949877696,5.0122303923439373e-08
1.7023280886459353e-23,0.9999999996800635,3.1993652046554665e-10
1.2019454128222577e-19,0.999999970524895,2.9475105012643543e-08
0.9999999939073778,3.858276547326485e-27,6.092622245096276e-09
0.9999999998878404,1.6494889117978756e-30,1.1215959360212774e-10
1.5996647256389938e-05,5.9731109607031596e-05,0.9999242722431365
0.7623601135186172,4.917110086474823e-10,0.23763988598967184
0.0006867284529590089,1.599790185884038e-05,0.9992972736451822
1.3343491920220615e-12,0.9994568193160881,0.0005431806825776171
0.005591574357851786,9.361564018025388e-08,0.9944083320265081
0.9985411768594886,2.669528284987696e-15,0.001458823140508725
0.00012146918061227038,4.4636446630369005e-05,0.9998338943727573
5.9390909539870705e-06,0.0026093156881178245,0.9973847452209282
0.999999948372996,1.7791619560536662e-24,5.162700405640794e-08
0.00034770892633185455,4.372508554489691e-06,0.9996479185651136
0.9997548833120649,1.0178790767430299e-16,0.0002451166879351793
0.9973822957604961,1.0501673018344485e-15,0.002617704239502872
0.003924948596028349,5.731084854094395e-07,0.9960744782954862
2.4491431114971395e-06,0.00323175317563657,0.9967657976812521
9.025657350719633e-13,0.9963609649715974,0.0036390350275000054
0.9632999948575384,3.0135837616205264e-12,0.03670000513944804
5.743921177654831e-07,0.014589130274589978,0.9854102953332923
2.3191075953226846e-12,0.9989869129152528,0.0010130870824280698
1.0437329633063976e-12,0.9991755164640687,0.0008244835348876256
2.957769604665367e-17,0.9999928471968033,7.152803196661574e-06
1.5853825503819028e-09,0.9396254119088308,0.060374586505786844
0.9999973748591318,2.068531705850184e-19,2.6251408683445015e-06
0.9999999928551924,2.957108868978647e-26,7.144807664804204e-09
1.9706212903701853e-07,0.7261278803058273,0.27387192263204385
7.079842056633651e-09,0.9494356288786269,0.05056436404153111
0.9999229178375167,5.279516533023032e-17,7.70821624833244e-05
0.999967810589594,1.3767673067787098e-19,3.2189410405858996e-05
4.17959004739302e-11,0.9611974093150655,0.0388025906431386
3.751850879529477e-08,0.11922765848070196,0.8807723040007893
8.739858319663683e-21,0.999999966535104,3.3464895991792895e-08
4.108917834900302e-19,0.9999997796661418,2.2033385806219663e-07
0.9999999883378458,4.652317410318691e-27,1.166215414292919e-08
0.9980266727666312,1.2814819250407535e-15,0.00197332723336758
1.4687905993781414e-15,0.9999255989278394,7.440107215893132e-05
0.029766755849303946,1.5820190259547644e-08,0.9702332283305058
0.981365942646404,5.830484830196687e-13,0.01863405735301287
0.9999999951770504,3.396903380851427e-27,4.822949601769911e-09
0.0006152919796743922,6.546017879810098e-06,0.9993781620024458
6.681455739168913e-08,0.287584278358805,0.7124156548266376
0.9999999302106533,8.33749325601682e-26,6.978934676318385e-08
0.0004691471740797051,0.0004694234072183899,0.999061429418702
0.9999982567759739,3.738069179281231e-21,1.7432240260119567e-06
3.9578877325102774e-15,0.9999423767637208,5.762323627523487e-05
0.9880322307442996,4.775513529796242e-12,0.011967769250924774
0.0014601691340266436,9.369728015572377e-06,0.9985304611379577
3.679327445339889e-07,0.007842870645967054,0.9921567614212884
0.9999999882671703,6.300558988685404e-27,1.1732829787271987e-08
2.6079615937834078e-21,0.999999962492235,3.750776496029384e-08
0.9979102688725681,5.557617248431218e-15,0.0020897311274264098
0.9999881329627021,1.0905860901509528e-19,1.1867037298041222e-05
0.8868874816672596,1.3444584171696537e-10,0.11311251819829449
0.9983722561731039,3.0369120666961755e-15,0.00162774382689304
2.4021128932330384e-05,0.005563296181136938,0.9944126826899307
0.9999999930690133,6.17717224042878e-27,6.9309866169019345e-09
0.9999803977199092,4.020618764268987e-18,1.9602280090880004e-05
0.9997008517163849,2.4774698448144537e-16,0.0002991482836149733
0.9992799003898483,1.1114353552066247e-14,0.0007200996101405995
3.762866463645337e-06,0.006298936788264901,0.9936973003452715
0.0012110109919578908,3.3639452497944816e-06,0.9987856250627923
0.002121933408325842,7.481686557040375e-06,0.997870584905117
1.607221243565218e-05,0.0009596769933475719,0.9990242507942166
5.044885562404387e-13,0.9995105767220945,0.0004894232774009147
3.056600638010812e-23,0.9999999995507998,4.4920026012213475e-10
3.2369135443675966e-12,0.9977309658396989,0.0022690341570642814
0.0012233014719670175,4.3632031457905256e-06,0.9987723353248871
0.9999712183404459,1.0272857158144842e-18,2.8781659554166705e-05
0.0023062141732834965,1.9536330440134325e-06,0.9976918321936725
5.5010077191412925e-08,0.158045216495024,0.8419547284948988
1.8094370139563506e-15,0.9999942617049936,5.73829500460518e-06
1.6954899805454125e-27,0.999999999994883,5.116918613551351e-12
2.4040385515460486e-06,0.0024130482400094144,0.9975845477214391
1.890152999035067e-19,0.9999997427676546,2.5723234548480843e-07
3.4818240168755544e-16,0.9999851202744556,1.4879725543987165e-05
1.0162979854343063e-16,0.9999982911233244,1.708876675556845e-06
0.1731432494500337,1.1242133536718914e-07,0.8268566381286309
1.1339387805898071e-19,0.9999999564639955,4.353600455085365e-08
1.902859849129099e-14,0.9998666561803246,0.00013334381965640431
0.9993466466997303,7.536090084027014e-16,0.0006533533002691212
4.3118859682788236e-13,0.9998928217721145,0.00010717822745441333
0.9996833552081953,2.076160147908594e-17,0.0003166447918046711
9.545303469658429e-15,0.9999562478484982,4.375215149216996e-05
0.9997304171829124,1.2825607939928442e-16,0.00026958281708728795
1.4936638312194812e-23,0.9999999995933049,4.0669518082379546e-10
3.2233480303333806e-26,0.999999999985252,1.4748074011950305e-11
0.9999999971298537,7.130912574686595e-28,2.870146233228945e-09
4.902033268008924e-07,0.045481773555922325,0.954517736240751
7.396064114862131e-09,0.7652359895629659,0.23476400304096992
5.499551537142704e-08,0.037890486367054985,0.9621094586374297
0.9999994858075744,1.3104223642261087e-21,5.141924254964584e-07
2.41782413240524e-22,0.9999999973595806,2.640419479908282e-09
0.00033209055771256347,0.0003601454908484377,0.9993077639514389
0.00012941733665382835,0.0012595909707492018,0.9986109916925969
0.23254797232747187,7.162723973815064e-08,0.7674519560452885
1.3666349942052025e-05,0.0038951356391813646,0.9960911980108765
3.0138617355843404e-10,0.8021496717094593,0.19785032798915472
2.5686441583676063e-16,0.9999768246591157,2.317534088410581e-05
0.9853580169547475,2.5835652165777404e-12,0.014641983042669145
0.0025554924123691674,6.030720322101823e-09,0.9974445015569106
1.1381261488667323e-10,0.9934649989575014,0.006535000928686057
1.939619770259047e-20,0.9999999335031782,6.649682189624634e-08
0.9999999888968426,7.849181314691665e-26,1.1103157462406501e-08
1.952500676226232e-13,0.9996792925273784,0.0003207074724261578
2.815341182209962e-16,0.999996652229662,3.347770337689193e-06
7.74795240514791e-07,0.07807193707145957,0.9219272881332999
0.9997567624538434,3.4571458648852094e-15,0.0002432375461530615
0.0002826873508304487,0.0019221670432195048,0.9977951456059502
0.9999994883537315,3.9674124839744065e-22,5.116462684945131e-07
0.07097242073742628,1.6357035314344716e-07,0.9290274156922207
0.9999969055153111,2.538753222285772e-19,3.0944846888638056e-06
0.9992093225309062,3.354088636192832e-16,0.0007906774690934315
0.9999958274154754,6.270201265901139e-20,4.172584524509422e-06
0.0002534815349400365,1.655259257495957e-05,0.999729965872485
0.9999999179479157,8.26702865149389e-26,8.205208428951398e-08
0.6510261504869965,2.5855023005800163e-11,0.3489738494871484
1.4054546412458903e-21,0.9999998407967361,1.592032639411633e-07
0.9999959259328663,2.8763868481701394e-21,4.0740671335178435e-06
2.8745639766446377e-18,0.9999993791600061,6.208399938857076e-07
0.0007351578544108276,1.5742674451995283e-05,0.9992490994711372
0.9999999900219249,1.6943327887012637e-26,9.978075114007137e-09
3.0899786609965014e-05,0.013947284235640147,0.98602181597775
0.9946989593942406,5.158844925842069e-13,0.005301040605243399
0.000300501777985975,0.00022820218136329477,0.9994712960406507
1.1591803939543662e-13,0.9999182601746615,8.173982522265734e-05
0.9999941624500215,1.7160156701874517e-19,5.8375499784128085e-06
4.1916126784027834e-09,0.8394698283173272,0.16053016749106022
0.9999999413967026,5.438188709675832e-26,5.860329755300837e-08
0.999854965463406,1.083396776440049e-16,0.00014503453659403187
0.00025772107064528046,0.0001639128965393013,0.9995783660328156
5.224845583238604e-07,0.0188890272089747,0.981110450306467
7.125241348118581e-18,0.999999578838892,4.2116110792510793e-07
0.9984165552081974,1.234800990076036e-15,0.0015834447918013418
3.003994490482139e-15,0.9999930425878596,6.957412137420203e-06
0.9999999970374966,1.490981660742014e-27,2.9625034320828117e-09
0.9999997683685654,4.459215702655675e-25,2.3163143452337385e-07
0.00025566507603656466,8.577274403403851e-07,0.999743477196523
1.4354967730246571e-11,0.9988918421547426,0.0011081578309023738
4.904820863372655e-05,2.7847789246952725e-05,0.9999231040021194
2.5341888043980545e-11,0.9965624033578586,0.0034375966167996155
6.415827101735363e-06,0.050223429659708566,0.9497701545131898
1.1547593576255336e-12,0.9996923722895524,0.0003076277092928021
1.084369135427153e-05,0.002832525696369428,0.9971566306122764
0.1025436185207246,1.1707272509516325e-07,0.8974562644065502
6.389835700561851e-21,0.9999999851529611,1.4847039010798479e-08
1.8057243690098078e-19,0.9999999422897778,5.7710222070806836e-08
0.006615136523862126,1.2772546542194418e-07,0.9933847357506723
3.4642626005290393e-13,0.9993431831687453,0.0006568168309082753
0.999902556545217,1.906030265039614e-18,9.744345478302887e-05
0.999780112217793,3.848281710508912e-16,0.00021988778220651976
0.9999999615704916,1.5294262167083e-24,3.842950834476477e-08
0.999276481125653,8.593808857451989e-15,0.0007235188743383326
0.9836804631021642,2.9155065913825836e-13,0.016319536897544215
4.86261360078543e-23,0.9999999996133795,3.8662040619977786e-10
6.892770761567048e-10,0.9685392114379321,0.03146078787279084
6.376016555383798e-08,0.3534549809316926,0.6465449553081417
0.00010727683201419737,0.009936723702604783,0.9899559994653809
3.245386628782394e-07,0.003191650076539321,0.9968080253847977
1.7406783612678554e-28,0.9999999999996807,3.193384293464579e-13
1.4163916156495103e-07,0.5490295106577167,0.45097034770312183
0.004202448977906578,6.321502972387429e-07,0.9957969188717961
1.4326010168225582e-23,0.9999999994148101,5.851898312487803e-10
8.990206535127273e-15,0.9998337145837444,0.0001662854162467396
2.4420181763914254e-21,0.9999999884098821,1.159011778796479e-08
8.94874873609696e-07,0.0035982929425704586,0.9964008121825559
2.928025610272708e-26,0.9999999999914218,8.578163869140606e-12
8.494183063116598e-15,0.9999657967168281,3.4203283163440684e-05
0.9999999889227428,1.7348441189473927e-25,1.1077257248909108e-08
7.171186645989767e-13,0.9985111370925647,0.0014888629067184014
0.9999603386061149,3.370163985097528e-19,3.9661393885183616e-05
0.9999999979857221,2.0040572487189056e-27,2.0142778927509154e-09
1.041186982403708e-18,0.9999997252731174,2.7472688266963745e-07
5.985325877718699e-09,0.9322149029812474,0.06778509103342663
0.9999999911235361,4.419213215726502e-27,8.876463984710323e-09
0.013280607712812942,4.573252828936156e-06,0.9867148190343581
9.889655305509726e-24,0.9999999999609213,3.907884225790377e-11
0.003144870157576291,1.044965017636739e-05,0.9968446801922474
6.370359780113743e-27,0.9999999999886289,1.1371029480457241e-11
0.00034826878527566724,0.0008508008598151394,0.9988009303549091
0.9734339449693657,6.2587909245947845e-12,0.026566055024375493
9.619649393928056e-28,0.9999999999975262,2.473841890389269e-12
0.9999999999371452,1.0107540975690111e-30,6.285484630857629e-11
0.0007108818225527271,8.432389290269213e-05,0.9992047942845446
0.001921947905154872,4.550673143903414e-06,0.9980735014217011
8.499386599103508e-21,0.9999999946090068,5.390993212302655e-09
5.060437725770616e-17,0.9999997170292575,2.8297074241908537e-07
0.9994085766755824,1.0153675773126924e-16,0.0005914233244175911
0.9999999925585044,2.1631015714227155e-27,7.441495669580952e-09
0.00020056113403439513,0.00031005938786389254,0.9994893794781018
1.3758122063599131e-15,0.9999646712560577,3.532874394098394e-05
7.924888956969916e-16,0.9999805479460835,1.9452053915660584e-05
0.9985636769938353,4.3580000758365186e-15,0.0014363230061602756
0.9999999943948361,7.322124558586149e-26,5.60516381145118e-09
7.447878931391384e-07,0.24820704067235025,0.7517922145397566
0.9999668718913565,3.644966203933562e-16,3.3128108643136024e-05
0.999999999721011,5.834983729045561e-29,2.789891570303021e-10
0.9999999419374801,2.6418967508369135e-24,5.8062519791951755e-08
0.0016609017429407224,7.623096410309675e-07,0.9983383359474183
0.013797653080222875,3.361030605242134e-07,0.9862020108167167
1.2048347748632887e-18,0.9999998010856961,1.9891430385373133e-07
0.0002744175501230206,9.455214007683088e-07,0.9997246369284761
2.2297466250027506e-14,0.9996663214842191,0.0003336785157588251
0.999957043270397,2.187852480688855e-18,4.295672960285048e-05
0.01065993799769234,1.707653500895165e-07,0.9893398912369576
0.9988446941048444,2.1488411749904597e-15,0.0011553058951533632
0.9999994860728786,1.1489773837252857e-24,5.139271215010969e-07
1.23607602687687e-05,0.001867523063161143,0.9981201161765701
2.481771040659732e-08,0.10149683873939913,0.8985031364428905
0.00012787957989485743,0.0063123971519281966,0.993559723268177
1.2041751816048324e-22,0.9999999991238859,8.76114061104132e-10
0.9999717746903575,7.517864746826657e-18,2.8225309642463666e-05
2.9441553467809917e-07,0.232880160487398,0.7671195450970674
0.9972973079109553,1.0429462700547405e-13,0.0027026920889404206
0.9999313159727274,1.5956277668999254e-16,6.868402727234495e-05
2.3772426471647592e-14,0.9999761618851354,2.3838114840876718e-05
3.7640818869251485e-19,0.9999998582894222,1.417105778614299e-07
0.9999999939811361,2.44276344244977e-27,6.018863893835501e-09
0.9999990272867296,3.4180779681797e-24,9.727132704223396e-07
3.4584357864660573e-19,0.9999999137954861,8.620451379158595e-08
0.9999853901512441,5.108797108882287e-21,1.4609848755938531e-05
2.097787385256241e-05,0.008323383250328376,0.9916556388758192
0.004129271420629787,1.1339886131491361e-07,0.9958706151805088
3.109789148113486e-05,0.00020108184673559308,0.9997678202617833
0.9999999235347933,1.0192679027194853e-26,7.646520684804966e-08
8.6529367618347e-11,0.9873756729979926,0.012624326915477989
0.9997069316631871,1.9514951497231005e-18,0.00029306833681270604
3.995101788400527e-06,0.01663986744814568,0.9833561374500659
0.9999697220992415,2.5132850151989507e-18,3.0277900758483862e-05
0.0006258683924831291,0.0009438737379614291,0.9984302578695555
0.9999998130763953,2.258912918978447e-24,1.8692360469971113e-07
1.7437733387447589e-12,0.9921264256965988,0.007873574301657374
1.171367976031479e-25,0.9999999999866034,1.3396542726823313e-11
0.9999999968742113,3.0623869276945496e-26,3.1257886449560497e-09
3.8725551214857896e-07,0.28585121361230303,0.7141483991321849
5.933298222888559e-06,0.0009892508239026034,0.9990048158778745
0.00010410313390091893,1.0934951191955744e-05,0.9998849619149071
2.3013924274552085e-06,0.3547854697684641,0.6452122288391084
0.047685634708878134,2.7774600023227687e-07,0.9523140875451216
7.745343405815125e-14,0.9998758188087978,0.00012418119112475785
1.9567434363391418e-11,0.9900360003077032,0.009963999672729413
1.222250512433352e-16,0.9999982266992518,1.7733007480709886e-06
3.8171007005604725e-07,0.06711266530486275,0.9328869529850672
1.2360128555984378e-16,0.9999932845726114,6.715427388340136e-06
2.083946432256504e-09,0.847574676444944,0.15242532147110952
0.00018293123192625985,0.00039443275107589945,0.9994226360169979
8.350780083410823e-11,0.9464405583065731,0.053559441609918934
0.9999999233982174,1.732549915411713e-26,7.660178249704832e-08
1.5523604739803758e-11,0.9970343131617537,0.0029656868227226677
0.9999991793987452,1.9386705214682886e-23,8.206012548138208e-07
1.0263557385824472e-11,0.9931594529124511,0.006840547077285294
0.9999997233795551,2.2224092513460586e-22,2.7662044486816713e-07
1.2086685256364912e-09,0.9714747139139501,0.02852528487738131
0.9964790083315993,8.447471477932093e-15,0.0035209916683922988
0.9937170288084061,6.581837829660049e-13,0.006282971190935609
2.2169787559106612e-27,0.9999999999926246,7.375456137404583e-12
1.982187481086989e-15,0.9999379520899269,6.204791007123462e-05
8.717401420274045e-21,0.9999999784575606,2.154243936862212e-08
2.4529497993120078e-15,0.9999946016860414,5.398313956244219e-06
1.5216695940308913e-05,0.0007610027042731334,0.9992237805997866
0.03320452301980717,4.0870930595136277e-07,0.9667950682708869
0.00024114144299788542,0.00010569092869007294,0.999653167628312
0.998703637343548,1.2170188140945858e-14,0.0012963626564397375
0.0018862900585173985,7.609062180339512e-07,0.9981129490352646
2.7533574391043075e-17,0.9999995341772008,4.6582279906157386e-07
4.68533840939882e-25,0.9999999999651992,3.480084354959171e-11
0.999999999936604,2.5897038727190564e-30,6.339599940416666e-11
0.9998786019653477,8.705532803790121e-17,0.00012139803465220686
0.9999896314828659,4.377112951706588e-19,1.0368517133993418e-05
4.350570369089728e-05,0.0006397775039070389,0.9993167167924021
0.9999999787528,4.011373593331171e-26,2.124719992511362e-08
2.8451823175457493e-06,0.017564830018022105,0.9824323247996604
2.224578715756365e-12,0.9953244954194844,0.004675504578290894
0.5403740426075503,6.530843542415407e-08,0.4596258920840142
3.589364312836612e-05,0.009692871810360139,0.9902712345465114
2.2620269542279553e-07,0.048270368012616006,0.9517294057846886
0.9999996374422824,5.312934420718217e-23,3.625577176111975e-07
5.1406888723236066e-18,0.9999998337698709,1.6623012908596973e-07
0.9999999892167616,2.863691616949567e-25,1.0783238504504494e-08
4.774935489523084e-06,0.00022851357161322581,0.9997667114928972
0.9999759644587364,4.5569040938616754e-21,2.403554126359763e-05
0.9412080345559222,1.3968419400352818e-11,0.058791965430109255
6.1354200627731185e-21,0.9999999875161868,1.248381323916101e-08
8.237493077154971e-23,0.999999999784797,2.15203076775902e-10
8.973233627449291e-17,0.9999981765915821,1.8234084179424626e-06
4.5155397732836937e-10,0.9906364377403044,0.009363561808141725
4.0050688598282355e-28,0.9999999999993303,6.695825281184559e-13
0.9999866949982467,1.5936209308802772e-20,1.3305001753358974e-05
4.348918436577564e-07,0.12569727493907892,0.8743022901690775
0.9999999944417632,4.880996240681632e-27,5.558236661815898e-09
0.9999758008696521,2.4607067120037113e-19,2.419913034786291e-05
0.9996996753214124,9.435696691907178e-16,0.0003003246785866923
1.2527122002040821e-08,0.8601077495565326,0.13989223791634525
7.566176796019571e-06,0.00023931985622973505,0.9997531139669743
5.0433448866914025e-06,0.042218203599412155,0.9577767530557011
0.9999901290898381,1.2848666701122115e-20,9.870910161852461e-06
1.3504047540404226e-08,0.7791975803204292,0.22080240617552316
2.0133081933304416e-11,0.9986394489099101,0.0013605510699566867
0.9999541060658964,5.73927360214666e-19,4.5893934103715055e-05
2.9984596110148957e-26,0.9999999999938547,6.14529773853011e-12
0.9999999997271145,8.154186055162681e-30,2.7288546316180387e-10
1.6915865177726174e-08,0.2810780749114026,0.7189219081727324
0.9997486935071742,1.7599950282784506e-15,0.000251306492823895
0.9691525703206011,3.0247928473332655e-13,0.03084742967909632
0.9999999919010584,4.696523647263446e-27,8.098941665107055e-09
0.9956963358536922,5.463503284683685e-15,0.004303664146302192
9.53794969218118e-08,0.2583872091051802,0.7416126955153229
7.871117465780883e-14,0.9998645173151948,0.0001354826847265157
0.9999709471259658,1.3192391487719592e-17,2.9052874034200365e-05
0.9998343298287321,8.08912299574613e-17,0.00016567017126777872
4.558454174269272e-15,0.9999920810766985,7.918923296787328e-06
5.04724291557958e-12,0.9664574663054735,0.03354253368947916
0.9999999986051487,3.136114932751879e-28,1.394851283653852e-09
0.9999999999156945,6.393076941641816e-30,8.430553096615151e-11
1.0021903871190687e-22,0.9999999989520412,1.0479588076675534e-09
0.9999267594712786,1.347440610162525e-18,7.324052872130153e-05
1.679556859174074e-17,0.9999985689279347,1.431072065188885e-06
1.8318087614585156e-07,0.5646574397997487,0.43534237701937517
4.489096020788026e-18,0.9999997632083196,2.367916803077817e-07
0.9999998165320069,5.408600794218431e-24,1.8346799321086778e-07
0.9974814145699589,8.031244555418528e-14,0.002518585429960704
2.4006431942104057e-06,0.0005308876916715101,0.9994667116651343
1.9802957722058018e-16,0.9999909491091024,9.05089089744603e-06
8.07300890606623e-08,0.4980214687603933,0.5019784505095177
0.024614044921940102,1.378117316736892e-06,0.9753845769607431
1.3133562927256782e-16,0.9999716234373143,2.8376562685467895e-05
0.9999999978815328,5.6398087978367164e-27,2.1184671569415454e-09
0.9936111800359015,2.6776601466240284e-13,0.006388819963830645
6.558691849525053e-06,0.15683336891685773,0.8431600723912928
9.723720543763246e-10,0.7866376085689113,0.2133623904587165
8.834107077274324e-16,0.9999970377883518,2.962211647280223e-06
0.9999999966483317,3.9811029330096207e-28,3.3516681765327695e-09
6.139716093323018e-17,0.9999964882169653,3.5117830346783765e-06
0.0017017023946387197,3.1458512743741127e-06,0.9982951517540869
1.9414199243182483e-05,0.002060952864449143,0.9979196329363077
0.999942740595643,1.2560348100484188e-19,5.7259404356925915e-05
6.366635186681656e-22,0.9999999884778344,1.1522165542011313e-08
0.0007347395265725897,6.857931212982992e-06,0.9992584025422144
0.9999892173387663,7.13756343985907e-20,1.0782661233718826e-05
9.923599427848373e-09,0.8016634989744347,0.19833649110196602
0.999418737160955,1.3757789733689018e-16,0.0005812628390447239
0.0003484974313621568,7.855383162398066e-06,0.9996436471854755
0.9921026994291575,1.8059965054747027e-12,0.007897300569036552
0.9997984341234664,3.6508592450795295e-15,0.00020156587653009372
3.0192029629205436e-05,7.244098877066117e-06,0.9999625638714937
0.9999709700466183,4.6697953915348085e-17,2.9029953381672073e-05
2.1236957821531976e-06,0.010709735440949459,0.9892881408632684
0.00045792709798869074,1.8723186317712276e-05,0.9995233497156937
0.9995590773002679,1.885453034020015e-14,0.00044092269971323067
0.9999999991370951,1.3691355922530086e-29,8.629047614298249e-10
0.9999999970204612,3.4099478986125526e-28,2.979538747327442e-09
0.9999922873211778,1.5030855736117704e-18,7.712678822248998e-06
0.7664828928179632,9.830731763221787e-10,0.23351710619896365
8.056583117951716e-08,0.49971596824246683,0.500283951191702
0.2472681703939501,2.250729100336046e-08,0.752731807098759
1.9574617973718295e-19,0.9999999353638347,6.463616543412392e-08
0.9997810797696381,1.1497829371521144e-18,0.00021892023036190498
0.005093363061193789,3.1381852787931236e-07,0.9949063231202784
6.314890027071658e-09,0.8292382128672271,0.17076178081788296
0.9999999668285615,2.020683159294846e-26,3.3171438544935775e-08
0.9999999942725986,3.1450713071505434e-27,5.727401482986829e-09
1.2866346892268001e-14,0.9999918079262967,8.192073690473547e-06
0.9999211796945235,2.9009546491879585e-18,7.882030547637642e-05
6.822691335626758e-06,0.00022387873285526863,0.9997692985758092
0.005652891834361478,1.151223382721004e-07,0.9943469930433002
0.9999999467716751,1.3097384772237717e-25,5.322832481231688e-08
0.9999994450090226,1.9357893792245242e-24,5.549909772984823e-07
0.999994883737788,2.83866936344519e-20,5.116262211976298e-06
1.2660280367565718e-26,0.9999999999975446,2.4554400775701147e-12
0.9999016567351748,6.078590101080527e-19,9.834326482504325e-05
1.0250610246567609e-09,0.9211699078607173,0.07883009111422176
9.523126838946768e-05,0.0002454519220539466,0.9996593168095566
0.9999999999411326,3.880766874379947e-30,5.886743275384431e-11
2.4430874260401446e-25,0.9999999999907174,9.282551223290064e-12
8.106276865914909e-06,0.00818120820758108,0.991810685515553
0.03420437886474547,1.0924165303231087e-06,0.9657945287187243
2.156347323739344e-21,0.9999999917579131,8.242086915406958e-09
0.9867272114421438,2.329199393170982e-13,0.013272788557623158
9.62955693393671e-06,0.0018591047283472767,0.9981312657147189
2.363648918596638e-11,0.9973755409964546,0.002624458979908967
9.242567902104205e-06,0.06377241718894473,0.9362183402431532
0.9999999993529887,1.070921418809037e-29,6.470113411121483e-10
0.0002637172821356812,4.0739063464813274e-07,0.9997358753272297
1.836679168498005e-05,0.00039586416685609746,0.9995857690414589
0.9999999898132291,3.686390929000304e-26,1.0186770848129188e-08
6.080896817698601e-15,0.9998543272913818,0.00014567270861215207
3.482556528820517e-12,0.9983734515884688,0.0016265484080484943
9.381784903823405e-05,9.04442741006939e-05,0.9998157378768611
1.3194625691028417e-05,0.025648709456361378,0.9743380959179476
0.9999996758936902,2.947510896175784e-23,3.2410630972872003e-07
2.955861349867714e-05,0.04118214829235704,0.9587882930941442
4.426288173952122e-06,0.0075139279158857415,0.9924816457959402
0.9999999988213284,3.9318732194065754e-28,1.1786716402963152e-09
0.01978624182037667,3.666417954865679e-08,0.9802137215154438
0.00443775634555292,4.840002140863826e-07,0.995561759654233
1.8714986723487145e-08,0.7326362829484336,0.26736369833657964
0.9999764975353027,2.2330667914166313e-18,2.3502464697278548e-05
0.9999898023355859,2.354043084203029e-22,1.019766441405203e-05
0.000984107522947884,5.6128841272287614e-05,0.9989597636357799
1.944916551461647e-25,0.9999999999070837,9.291636372922576e-11
0.00022278716647295622,0.0006480710251458159,0.9991291418083813
5.2699465561923524e-15,0.9999336475958308,6.635240416387854e-05
5.177379940029007e-10,0.969103053371656,0.030896946110606064
7.233575238564063e-07,0.3837370958898994,0.6162621807525767
0.00017885099810418677,3.421509792517875e-06,0.9998177274921034
0.9999999988945034,9.836714476737223e-29,1.1054966383661246e-09
0.999940492603691,7.033866112753889e-19,5.9507396308986473e-05
4.867478303698697e-28,0.999999999998709,1.2909264864014818e-12
2.517299802958704e-13,0.9984345375779425,0.0015654624218059672
3.8684205393364654e-05,9.011334492813517e-06,0.9999523044601138
0.9999984016987618,4.1466793413633e-21,1.5983012381939033e-06
0.999999257174689,4.2335197862920236e-22,7.428253110300666e-07
0.999907242614805,3.698390250417103e-19,9.275738519501669e-05
0.9999571391055248,3.6301619233885827e-16,4.286089447486008e-05
0.9998376342399193,7.740146448840314e-17,0.0001623657600806338
0.00026097463753453734,8.262968169476312e-05,0.9996563956807706
0.0002488965755472771,2.829491009170048e-05,0.999722808514361
0.00040113078932154007,6.617353759177129e-05,0.9995326956730866
0.00010623250066054455,3.2938227160035725e-05,0.9998608292721795
0.0017223750201278245,0.0010763872553835544,0.9972012377244885
0.9999898759151761,4.972760679580803e-21,1.0124084823932217e-05
0.9999999984794281,7.7117558193771e-28,1.5205719530370228e-09
0.999995400532986,3.5210732664900725e-21,4.599467014017832e-06
0.00029624026914500036,1.1708411939590534e-05,0.9996920513189155
0.0002613399925676158,0.00018544037204367393,0.9995532196353888
8.048662460307529e-07,0.003104291656816018,0.9968949034769379
0.00031830707365040477,2.3394324484668647e-05,0.999658298601865
2.1790589499031917e-17,0.9999979698673443,2.030132655659861e-06
3.2650265318939816e-17,0.9999965643088308,3.4356911691830256e-06
0.9999717300672423,1.3462621602048385e-20,2.826993275781494e-05
0.9999999955744232,1.646230127161126e-27,4.425576700852945e-09
0.9289342300351576,2.070681946821065e-12,0.0710657699627717
0.9853914200589613,9.372250613113951e-12,0.014608579931666433
0.02633205455035019,4.089435751297314e-08,0.9736679045552923
1.8211779335336872e-11,0.9990943654970211,0.0009056344847671682
5.458595482334071e-15,0.9999328488373423,6.715116265221253e-05
9.65038769155657e-25,0.9999999999926237,7.376244017165561e-12
5.623754980881732e-05,0.00016934189186189235,0.9997744205583292
1.6838503119301434e-13,0.999249355470093,0.0007506445297387127
1.197712103143425e-24,0.9999999999322302,6.776989042061071e-11
2.9825646093794416e-19,0.9999999492382662,5.0761733894631447e-08
5.950597132485989e-13,0.9991656233502532,0.0008343766491517344
1.4711630947549681e-27,0.9999999999986042,1.3957930359348141e-12
0.9723049690075992,2.0463141597364907e-11,0.027695030971937522
6.459709510309728e-19,0.999999725717414,2.7428258612719603e-07
8.514852577213453e-05,0.017032816549726253,0.9828820349245018
0.9998967888087328,1.6564903151697885e-16,0.00010321119126711335
0.9999806831443151,1.0835230316597954e-18,1.9316855684754928e-05
1.6617031555893008e-15,0.9999913600180877,8.639981910639218e-06
5.842976339243589e-06,0.00045834679751839176,0.9995358102261422
3.268653027712771e-08,0.654481201261694,0.34551876605177584
0.9599370691132229,1.748222873102623e-11,0.04006293086929489
5.336993963860255e-18,0.9999997352730453,2.647269545809385e-07
0.0014126604176087694,2.725418174989237e-07,0.9985870670405737
2.8496036277056048e-12,0.9994351090418241,0.0005648909553262598
1.937694263840362e-21,0.9999999908622229,9.137777123509506e-09
0.999297346679502,6.167413042048079e-15,0.0007026533204917369
6.927761171718048e-12,0.9978208024823922,0.0021791975106799913
0.00014397627123435342,0.000863488384686656,0.998992535344079
7.64566541562007e-27,0.9999999999970106,2.989447904675627e-12
0.0007222093117436887,8.198886769190262e-06,0.9992695918014872
0.9986305102075298,3.198758773351299e-14,0.001369489792438207
4.7307865050600666e-15,0.9998758936436195,0.00012410635637579643
0.9914824562054871,3.2323285010282895e-13,0.008517543794189735
1.8810555476399343e-17,0.9999994420471339,5.579528662241252e-07
0.986976901791836,5.056586287306002e-13,0.013023098207658438
0.999914946190965,2.1222984864421214e-17,8.505380903501112e-05
0.914004349462411,1.7225435468733494e-10,0.08599565036533462
1.8980414208160797e-05,0.004113238615126496,0.9958677809706652
2.798089276346209e-11,0.9737406428214996,0.02625935715051941
0.9999999963161046,1.913933703038338e-26,3.683895505359469e-09
1.0779434675452973e-27,0.9999999999984124,1.587704006427007e-12
0.9999999539009746,5.704618871246646e-25,4.60990254564938e-08
1.634304822408389e-05,0.000868456636157905,0.999115200315618
1.1301438486708084e-18,0.9999995749888723,4.250111276818531e-07
0.9987340385558344,4.4439292474404325e-14,0.0012659614441211527
2.4538337110960272e-11,0.9960073739352188,0.003992626040242786
4.774644832568366e-20,0.9999999316493051,6.835069477323225e-08
0.9999998256964331,1.0283083664478756e-25,1.743035669831839e-07
1.703088765865327e-26,0.9999999999965139,3.486051337267367e-12
3.4246120865495154e-11,0.995072805919529,0.004927194046224906
2.3239744770468143e-13,0.999605940197022,0.0003940598027456916
0.9958969638842362,1.3267464654151438e-13,0.004103036115630996
6.42927625794511e-14,0.9997347279828734,0.00026527201706214634
0.007114993329570424,4.782261932936258e-07,0.9928845284442361
1.9119371509950376e-18,0.9999997758543494,2.2414565066273886e-07
6.61097341357442e-07,0.0015990735566578317,0.9984002653460008
0.02052463190106014,5.087065166117563e-07,0.9794748593924233
2.71555917854458e-25,0.9999999997665772,2.334229110361134e-10
3.26412374324775e-08,0.10616761187542753,0.8938323554833351
3.865141030260437e-05,4.483835965674066e-05,0.9999165102300407
0.0001087716832686993,0.0002904921325694946,0.9996007361841618
0.9999998639130662,2.2742677909746525e-23,1.3608693384516843e-07
1.7320534989594795e-09,0.7129156820524408,0.2870843162155057
5.979209365971094e-16,0.9999972067450565,2.793254942749918e-06
0.0004308664619892874,3.458464825657873e-06,0.9995656750731851
3.2587875716771376e-06,0.017988478851979,0.9820082623604492
0.0002139612647501984,0.0006238873440178571,0.999162151391232
0.9999999979811296,2.091942048490853e-28,2.0188705037334952e-09
2.359235448514014e-05,0.001559220305639634,0.9984171873398752
0.999625306372275,6.48548183429965e-16,0.00037469362772441856
2.7603600984297457e-10,0.9746167488808636,0.02538325084310031
1.5465224981317266e-05,0.006031780690366536,0.9939527540846521
9.052771196916827e-05,0.0013601629096242434,0.9985493093784065
0.0012413113152404574,3.272313728180903e-05,0.9987259655474778
0.001102200510355918,2.0044036174319277e-07,0.9988975990492822
0.9999969688194156,1.1342536433717244e-19,3.0311805845138e-06
0.008433865034535356,4.434028424671241e-07,0.9915656915626222
0.9999999911621068,7.739497133691678e-26,8.837893122902391e-09
0.9999808092125899,1.9759412800691098e-19,1.9190787410102992e-05
0.9708207493430041,1.0714558289673339e-12,0.029179250655924523
0.9999958226584713,1.5342264257649107e-21,4.177341528705027e-06
0.1256574719208889,1.979181011154997e-07,0.8743423301610099
7.592081065211932e-05,0.009028194578848448,0.9908958846104995
6.646247590032055e-08,0.11348467747045551,0.8865152560670685
3.6946941702279065e-11,0.9964772990527384,0.0035227009103147304
1.0061057009462425e-07,0.7870951502040309,0.21290474918539903
0.9938671755749008,8.891812241811308e-14,0.006132824425010253
2.513011963534105e-23,0.9999999990874877,9.12512293079139e-10
1.1120479999465637e-05,0.00017366760046879235,0.9998152119195317
3.1568287912067596e-17,0.999999252846862,7.471531380431502e-07
0.9999999973310487,3.282553436254703e-27,2.6689513763931674e-09
0.004518596513931311,2.858427842110044e-07,0.9954811176432846
8.865376577785142e-06,0.0002989938396738916,0.9996921407837484
1.3039005767416215e-16,0.99999724093318,2.759066819872943e-06
1.925184399565913e-18,0.9999999501352217,4.986477833455244e-08
0.9999999997354923,1.1424354147520406e-30,2.645076632214802e-10
0.9999151437483296,1.7348322535410472e-17,8.485625167038236e-05
0.00034624572681657434,6.3888411336520635e-06,0.9996473654320499
0.9999998248651298,9.715946228085498e-25,1.7513487005312447e-07
4.895273844022209e-06,0.05445203024759221,0.9455430744785637
0.028729863723812993,1.8705402592684923e-09,0.9712701344056468
0.0071077851588520514,1.4084679530141007e-07,0.9928920739943526
2.0423547660792517e-22,0.9999999992282309,7.717691163729962e-10
3.032552762353312e-09,0.934144756362706,0.06585524060474132
7.882984985758923e-14,0.9999162091023818,8.379089753939648e-05
9.985200772112105e-18,0.9999965706167283,3.429383271788275e-06
0.0003103370660111166,2.085690400370381e-05,0.9996688060299853
0.9999969107502653,2.5368917115533714e-20,3.0892497346904833e-06
0.9999996646571393,1.1199011918763523e-21,3.353428607845465e-07
0.999999999941166,2.6398402641620952e-30,5.88340218374121e-11
0.00021868064556814924,0.003062409957771714,0.9967189093966602
2.721589592980253e-18,0.9999997916249231,2.0837507688433688e-07
0.9999999956887562,1.217551658714671e-26,4.311243866885917e-09
3.238265760681814e-11,0.9958222702732874,0.004177729694329948
1.3569452816596374e-20,0.9999999934528752,6.54712470781527e-09
1.650641192921506e-10,0.9614355517301089,0.03856444810482692
0.92534233433152,1.562761233469203e-11,0.07465766565285237
0.9947375086489719,4.010077263883459e-12,0.005262491347018041
0.9999679824237404,1.1003341710089577e-18,3.201757625956964e-05
0.8583969043978736,9.049962426325503e-12,0.14160309559307635
2.5326511116738563e-09,0.9930890671897753,0.006910930277573471
1.7040761686254763e-11,0.999461515956541,0.0005384840264182363
0.9999999820893771,1.4072898271787919e-25,1.7910622835142745e-08
0.000196643403901211,0.001174311701029301,0.9986290448950695
7.04617386929996e-24,0.999999999136113,8.638868885191184e-10
7.306355429922168e-08,0.8433506398212848,0.15664928711516088
0.013997229986139703,1.0667177481462594e-06,0.9860017032961121
1.7574141425139285e-06,0.02415539688440178,0.9758428457014556
0.9999850102838939,7.417278493916237e-20,1.4989716106093796e-05
2.837995614850319e-07,0.749922092883154,0.2500776233172845
0.9647068561076367,4.957303622808229e-12,0.03529314388740617
0.9995645175860144,3.2900413448865076e-15,0.00043548241398226297
1.2600854373091005e-23,0.9999999998240019,1.7599804579532058e-10
1.8253182341262464e-14,0.9999542346765927,4.5765323389099163e-05
0.3191145124960549,2.7393509035643088e-09,0.6808854847645942
3.300818446382165e-27,0.9999999999995739,4.2599994388500136e-13
1.4327660978387499e-05,0.0001850724615765797,0.9998005998774452
3.8623891296702778e-25,0.999999999962397,3.760292101467428e-11
0.9731479758659034,6.306227263959546e-13,0.026852024133466098
0.9999961553170714,1.5968944815153125e-20,3.844682928452281e-06
4.972208346008596e-20,0.9999997603886343,2.3961136584365184e-07
0.9999999998838494,1.438190611911498e-29,1.1615056337575781e-10
5.720405341863955e-08,0.4933225182852958,0.5066774245106508
0.015398985233478421,2.9826858932718056e-07,0.9846007164979323
0.9999404412421843,2.610084477109092e-18,5.9558757815778996e-05
1.8773754889776294e-25,0.9999999999908267,9.173406169347382e-12
7.450908395317722e-07,0.0038240394083152622,0.9961752155008453
1.3249106359159435e-05,0.003577717062581053,0.9964090338310597
3.0871173468612155e-10,0.977811392333459,0.02218860735782926
0.8660725520755977,2.8167787441260457e-10,0.1339274476427245
1.9173497058403966e-16,0.9999908239730688,9.176026930936424e-06
0.000374267400568929,1.1294629351207053e-05,0.99961443797008
1.5161188540573723e-26,0.9999999999968989,3.1009764919909404e-12
1.935551880640906e-08,0.09263084755404424,0.907369133090437
0.05653912037543458,2.367888053260796e-07,0.9434606428357601
0.06761726180520508,1.2619800726737218e-06,0.9323814762147222
0.8867949278122939,6.405224942702238e-11,0.11320507212365404
0.0013096412566965868,1.441698262459834e-06,0.998688917045041
2.5416275402984837e-08,0.7200287195510848,0.27997125503263987
0.9999995685158857,3.4922172725587646e-24,4.3148411427029133e-07
1.8094239165898392e-20,0.999999996345551,3.654448996963334e-09
2.054370887842917e-08,0.2880117512003635,0.7119882282559277
6.69174475958922e-12,0.9990471413021651,0.0009528586911431301
7.428537381565997e-14,0.9998662420594259,0.0001337579404998473
1.1077213042302245e-05,0.0029780864098356685,0.997010836377122
0.99999878324978,7.82180112853865e-23,1.2167502200220934e-06
0.9999998417632721,3.310418700683721e-24,1.5823672809720787e-07
0.9993914292863474,1.904462011605297e-15,0.000608570713650681
0.9999999481487081,2.5381003029648904e-25,5.185129200844572e-08
0.999999871343027,8.550385141419191e-25,1.2865697304030833e-07
2.163739779120204e-17,0.9999991493273916,8.506726082679703e-07
1.6425654634073593e-12,0.9987609463681099,0.0012390536302475147
0.002704622152536635,1.7215685153128163e-07,0.9972952056906118
0.9999999999739324,2.2197885679763676e-30,2.6067548568241024e-11
6.144969216307343e-09,0.9565260992084214,0.04347389464660939
2.380400589887639e-06,0.0016601900389650222,0.998337429560445
2.579033389713773e-15,0.9999886908847148,1.1309115282636911e-05
0.9999999935624515,6.148655111391614e-27,6.437548456108475e-09
0.1494850815715399,8.85688721137935e-08,0.850514829859588
0.9999986641501909,3.0208132673730087e-22,1.3358498090262306e-06
0.9999406480383166,6.632400104568077e-17,5.9351961683426565e-05
2.5814741858745e-10,0.9829139910573911,0.017086008684461636
0.9999999988583437,6.304700997383365e-29,1.141656429405257e-09
2.3326103705944267e-10,0.978490968294743,0.02150903147199583
0.9999999816869262,7.169643647596297e-27,1.8313073896347497e-08
1.173787109693246e-11,0.99957485463218,0.0004251453560821817
0.9999999998298339,4.365776599912628e-30,1.7016619458487225e-10
0.9998432263924998,9.629549543385574e-17,0.00015677360750018587
0.9953485409185193,2.3354895333059973e-14,0.004651459081457213
0.9999996542546458,2.1647856746105367e-26,3.45745354197033e-07
2.6813328662800996e-15,0.9999669706932004,3.302930679692174e-05
0.9999999917238377,2.2128335894514485e-26,8.276162320394897e-09
3.4844135404455954e-17,0.9999997855110547,2.1448894533365286e-07
0.00041735207766827867,0.002364023006942704,0.997218624915389
4.000640347856008e-14,0.9998267990807449,0.00017320091921526213
0.0014908171056121195,3.2214479705724003e-07,0.9985088607495908
5.076542171526422e-05,0.0004741410085957194,0.999475093569689
0.0008018122562792644,3.6199740314482245e-07,0.9991978257463175
0.9999987277662054,4.372008570002968e-20,1.2722337945662632e-06
0.021555199941981535,6.06517868429964e-06,0.9784387348793342
5.111651941510831e-09,0.7595447854489675,0.24045520943938048
5.044516466171326e-24,0.9999999998545004,1.454995543599257e-10
0.9999816171641583,1.5458099855564435e-19,1.8382835841665593e-05
2.0769666739405343e-13,0.9994744005519478,0.0005255994478445284
0.9999999569285641,4.865176813078137e-24,4.307143587518247e-08
0.999997521034997,5.235672070545107e-20,2.4789650029728103e-06
1.8273682315226996e-05,0.00033169185455056075,0.9996500344631342
1.5889405323745313e-21,0.9999999950983403,4.901659773597482e-09
1.9627282865131096e-07,0.24628259017755422,0.7537172135496172
0.9999999973880098,1.8742330110281337e-28,2.6119901044463392e-09
1.8240008360598786e-08,0.3431376440177593,0.6568623377422322
3.090415776987083e-14,0.9999064769624666,9.352303750257599e-05
2.6964750853764523e-08,0.8851946533141888,0.11480531972106041
0.9994951364999866,4.438938967372344e-16,0.0005048635000129666
0.0005726155759178928,2.015966642877014e-06,0.9994253684574391
2.668430455130764e-15,0.9999482438522663,5.1756147730983964e-05
1.5799568916807976e-06,0.08720011026544608,0.9127983097776623
0.9995562120349724,1.7773238294286322e-14,0.0004437879650097425
0.003564040102462495,9.484617456586966e-07,0.9964350114357918
0.9707132356611434,2.1918405099972523e-12,0.029286764336664713
0.9999998593737329,4.842998969007234e-24,1.4062626714971203e-07
0.9998742886542488,1.2269386558446646e-17,0.00012571134575122057
1.9541579683993017e-12,0.9897190941648624,0.01028090583318359
3.9156235480047756e-15,0.999980756776557,1.9243223439020536e-05
5.8151954816446e-20,0.9999999712154809,2.8784519070786843e-08
7.654374058552578e-25,0.9999999999753075,2.4692398479638105e-11
4.74256045110274e-22,0.9999999988339037,1.1660962693440723e-09
0.9999505792936615,3.0648943422576552e-18,4.9420706338618066e-05
2.5341175003412424e-06,0.00019009815476396375,0.9998073677277356
0.9999923893754868,4.729632069874975e-18,7.6106245130330876e-06
5.099390491472491e-09,0.8616558824747136,0.13834411242589578
0.028748723952042712,2.4052668268405886e-07,0.9712510355212746
3.12936764630621e-06,0.0015519919869472674,0.9984448786454063
0.9999999185155717,2.5874000033460184e-24,8.148442830056085e-08
0.005618308621472279,8.477372669423195e-08,0.994381606604801
5.951416675629207e-09,0.8454117431351257,0.1545882509134576
0.9988653550496703,6.6772052570881735e-15,0.0011346449503229245
0.9999998956750835,8.190096006543398e-26,1.0432491638003573e-07
8.121252078287468e-09,0.7804243860187932,0.21957560585995492
2.186906500646658e-05,0.01738594221527202,0.9825921887197215
0.00391032713997964,5.583136623527358e-06,0.9960840897233968
2.8557824908633055e-08,0.7841734608697869,0.21582651057238803
1.7759826292395084e-25,0.9999999999642406,3.575936846685267e-11
0.0847395489061071,3.746648005758545e-08,0.9152604136274127
3.418235728133432e-06,0.25689389591020884,0.743102685854063
9.306114409365017e-11,0.9833504539239265,0.016649545983012458
4.7762237666674445e-11,0.994497507273887,0.005502492678350854
0.004468165425838404,5.919222397114663e-07,0.9955312426519218
0.012294413953243368,1.7277363474806213e-06,0.9877038583104093
0.9999859461466158,5.379012119539165e-19,1.4053853384178806e-05
0.9999853390214306,2.950157884182893e-19,1.4660978569263063e-05
0.9992076515182184,1.4012021777673846e-15,0.000792348481780295
0.9913083177801316,8.396200163036799e-14,0.008691682219784632
0.9999999888268519,2.3725185730654425e-25,1.1173148068322213e-08
0.9999999942251012,1.8469058352584387e-26,5.774898769188394e-09
0.999894262662275,7.758661841203437e-18,0.00010573733772499032
3.389473425864363e-05,7.364292224788018e-05,0.9998924623434934
1.0163236434626134e-05,0.024834679515860783,0.9751551572477045
1.3055200248329478e-15,0.9999907780614304,9.22193856822782e-06
1.5894708425819659e-13,0.9995689602227302,0.0004310397771107993
0.9998576550930051,6.281858615231725e-17,0.00014234490699502163
1.83843464375479e-05,0.0002981875725022377,0.9996834280810603
0.00012602168878879882,0.00042550520587865447,0.9994484731053325
2.3720575036640494e-13,0.999409547592308,0.000590452407454772
2.28077794129951e-10,0.9623903573404341,0.03760964243148823
0.9999483825625542,7.263232001095627e-18,5.1617437445773605e-05
2.537709907515623e-05,0.0006159915260130899,0.9993586313749117
2.923671898081964e-11,0.9892505360224454,0.01074946394831789
2.6316437540888785e-21,0.9999999953104697,4.689530188959068e-09
6.858271947019154e-07,0.6390054483498093,0.3609938658229959
0.9999681159496115,1.848570529128175e-18,3.188405038852262e-05
0.9139452436473936,2.422256328053139e-10,0.08605475611038099
6.300973607555696e-07,0.15877654060368793,0.8412228292989514
3.806653431545099e-07,0.4328571789332965,0.5671424404013603
0.9999961719272382,7.174951955865614e-19,3.828072761788556e-06
4.229233541101688e-12,0.9972982910959696,0.0027017088998014197
4.429747201725246e-22,0.9999999976753777,2.324622157942955e-09
0.004024731201291127,1.2519860801272832e-06,0.9959740168126288
0.9999999995581716,4.154100542067297e-30,4.418282477840937e-10
0.0005773208039598094,9.336490627586826e-05,0.9993293142897642
5.191276420827983e-13,0.9948498608640642,0.005150139135416695
0.9977013833112285,1.4809792343628262e-16,0.0022986166887713983
0.9999999997054825,2.1127510910768254e-29,2.9451760576605906e-10
8.659173180065105e-05,0.0034994812919612673,0.9964139269762382
9.460725135427637e-06,0.0008974208574281365,0.9990931184174365
6.982010414506298e-20,0.9999998810497025,1.189502974079156e-07
0.9999994479118096,1.546046977282842e-22,5.52088190442189e-07
0.9999087209512153,1.2475024067118473e-17,9.127904878461626e-05
0.0009018249795741035,6.753892101752042e-06,0.999091421128324
0.9999999698604733,1.749725951044787e-24,3.013952653477771e-08
0.00011592678808035682,3.032807059634375e-05,0.9998537451413234
0.0011199102522809444,3.64084568729461e-05,0.998843681290846
0.9652508163685929,6.46124018578429e-11,0.03474918356679479
5.30410629125703e-06,8.690029919054521e-05,0.9999077955945181
0.9914164759142692,3.9144351780929736e-15,0.0085835240857268
0.015023292821691058,3.400062937462125e-08,0.9849766731776796
1.239381082145585e-24,0.9999999999290303,7.096969786729445e-11
0.0005937735106472203,0.00010021649036655245,0.9993060099989862
0.9999990882740623,7.83871352974466e-23,9.11725937765407e-07
0.025268331233226377,7.023564045232243e-09,0.9747316617432096
2.854553221235403e-14,0.9999847545041792,1.5245495791986576e-05
0.0002861559086504936,1.6225840371157666e-05,0.9996976182509784
0.99999970055846,6.9316703259842065e-22,2.994415400754823e-07
1.2977257129349096e-27,0.9999999999966271,3.372808627815701e-12
0.00047665508994637395,1.5232816810771209e-05,0.9995081120932429
3.436843671788045e-19,0.9999999500007771,4.9999222924000854e-08
7.766641339044715e-20,0.9999999638242973,3.617570267759704e-08
0.9933275929302692,2.5013425227273402e-14,0.006672407069706032
1.585644204995144e-11,0.9986401113032712,0.0013598886808723685
1.7695365835888136e-05,0.00021128563880027003,0.9997710189953638
0.03552576069738242,1.6909457801562151e-06,0.9644725483568375
2.5553895869505758e-06,0.04056153807698903,0.959435906533424
9.635409628032535e-13,0.9993480880437244,0.0006519119553119327
0.031605938434538274,1.735488716788213e-07,0.9683938880165902
0.9997518732439145,4.709145561722197e-17,0.0002481267560856332
0.9999999169617424,4.3320352614687126e-26,8.30382575223815e-08
2.362038522141029e-10,0.8648116182138994,0.1351883815498967
0.9620955893880966,4.393369976630954e-12,0.03790441060750991
3.637415949618988e-08,0.4155829069325859,0.5844170566932546
0.9999881963917598,6.6893849020162975e-21,1.180360824019447e-05
0.9999999999814528,6.485849456757951e-31,1.8547083916570728e-11
2.0949939800910296e-18,0.999999924657423,7.534257683927618e-08
0.9997029474897595,1.0186124342782753e-16,0.0002970525102406004
0.9999999968514861,1.9101494458080284e-27,3.1485138997824808e-09
0.0005482650241894248,1.650913605861142e-06,0.9994500840622048
1.5571463192547692e-17,0.9999997663985161,2.3360148391253716e-07
0.0012726944359810173,3.3308759770303146e-07,0.9987269724764213
0.9999892486782189,1.9043240625450646e-22,1.0751321781121635e-05
9.526147146785984e-17,0.9999979470757198,2.0529242803134736e-06
0.9970842619361051,9.747306184176856e-13,0.002915738062920074
6.929081172688899e-21,0.9999999974183387,2.5816612824713368e-09
1.813581229976827e-07,0.09211906373649,0.9078807549053869
2.5172239139431203e-13,0.9991828897887766,0.0008171102109717347
2.721179047357283e-07,0.16409418369003972,0.8359055441920555
3.06274906565742e-07,0.790489377413131,0.20951031631196237
1.759782808018843e-08,0.9241256992072665,0.0758742831949055
6.469186121805704e-06,0.010279579466407791,0.9897139513474704
8.077323915207715e-07,0.17532703400174726,0.8246721582658612
1.554014425986091e-12,0.9996771069287548,0.00032289306969132393
3.3028284432102947e-26,0.9999999999903799,9.62017793093752e-12
8.87310366310957e-17,0.9999928158423159,7.1841576840744305e-06
3.170844470661658e-20,0.9999999671177393,3.288226061731573e-08
0.9999999526701058,5.3038288204313026e-24,4.7329894305531164e-08
5.809616425958507e-06,0.021438161335503275,0.9785560290480707
8.262383728849653e-21,0.9999999901932727,9.806727289811405e-09
0.00633453662484593,2.432709824233172e-07,0.9936652201041717
2.834387535588628e-27,0.9999999999945521,5.447889985214163e-12
1.6509329058784638e-13,0.9998298915834504,0.00017010841638446026
0.9999996541842383,9.009623027287777e-25,3.458157617857016e-07
0.9999999874449591,2.7081463492238306e-27,1.2555040777566088e-08
8.324977162883997e-05,0.0013052820806014375,0.9986114681477698
3.1218827018142874e-08,0.35587329580629096,0.644126672974882
3.4694717275947964e-19,0.9999998057002157,1.9429978429640814e-07
0.9999995954716798,3.071199704632235e-22,4.045283201142175e-07
6.4125315795515545e-15,0.9999120299398881,8.79700601053608e-05
1.2584482552252445e-21,0.9999999886250769,1.137492311241213e-08
0.9999448617473828,9.807148688143304e-18,5.5138252617157295e-05
1.5589376499334281e-15,0.9999762899550441,2.371004495442006e-05
0.999831446240377,1.9248331711020782e-16,0.0001685537596227504
0.0073542483044562535,5.1295989015635717e-08,0.9926457003995547
0.9999633028754736,2.689891997419449e-18,3.6697124526384224e-05
6.036974232326011e-13,0.9998825700676982,0.00011742993169820144
0.0006089903487345716,4.944947723849693e-06,0.9993860647035415
4.0017381629894386e-07,0.04094865924976141,0.9590509405764223
0.020839438098049945,6.738205933934714e-08,0.9791604945198908
0.9999999944041622,9.341213681004426e-27,5.5958377240746125e-09
1.9706729900949406e-15,0.9999677866348873,3.221336511070059e-05
0.9999999927322332,1.2526358005742735e-24,7.267766857206735e-09
1.529044196633542e-15,0.9999945275444028,5.472455595651256e-06
1.0421806135577097e-25,0.9999999998881985,1.1180136942298532e-10
2.026427556396469e-12,0.9983782738647462,0.0016217261332275214
0.0002436677290610319,1.895219185581156e-05,0.9997373800790832
2.343066030750536e-26,0.9999999999816316,1.836845674788644e-11
3.042457795258756e-09,0.7611897516968309,0.23881024526071135
0.9999999997757958,5.0636883152005246e-30,2.2420416199338907e-10
2.526878771130799e-11,0.9929973321116426,0.007002667863088533
0.0003803915654578466,2.0763607189335064e-05,0.9995988448273528
1.9531365049207405e-16,0.9999978611785585,2.1388214412815134e-06
6.546445890422324e-09,0.4945037804428217,0.5054962130107323
6.831089596370994e-19,0.9999997470119755,2.5298802456241063e-07
0.999992176888559,1.584248389180348e-19,7.823111441126068e-06
3.225952135230835e-08,0.6817481327612357,0.318251834979243
0.03542255144199886,4.759132730049144e-07,0.9645769726447282
0.9999999541370098,3.760070483642437e-26,4.586299011731822e-08
3.040632777812798e-05,0.00030213210911013725,0.9996674615631118
1.3170599301959159e-21,0.9999999956150016,4.38499831454876e-09
0.9997223716733508,8.056577117231462e-16,0.00027762832664838773
0.010719919568719408,1.0207876060139692e-06,0.9892790596436746
1.925186610206643e-11,0.9963345586052393,0.0036654413755086487
0.0051803766586815455,2.3036761882072615e-07,0.9948193929736996
0.7930246971973479,2.988494762855129e-11,0.20697530277276716
4.659528647752574e-15,0.9999426948501016,5.730514989365766e-05
3.7192815600756754e-11,0.9876168735513513,0.012383126411455803
0.9999999252875824,1.6851213530579755e-23,7.471241748558048e-08
0.00016871800621890172,0.00034238722503173585,0.9994888947687494
0.9971700389691696,5.149431239156208e-15,0.0028299610308253078
2.072827377935882e-07,0.04096904963778232,0.9590307430794799
0.9984440246459763,1.0619988026740656e-13,0.0015559753539175095
2.5073203444594544e-24,0.9999999999690987,3.090123266151182e-11
2.6974140234403773e-14,0.999876704477571,0.00012329552240207046
4.5726419963207455e-05,0.026578866944831837,0.973375406635205
3.154574243393994e-11,0.9966712506629064,0.0033287493055478294
2.3824564068796934e-11,0.9875476607803172,0.012452339195858317
0.9998233363712765,3.311164880717194e-18,0.00017666362872343106
0.08897224692944637,1.5145018132576296e-07,0.9110276016203723
0.9999257190088071,1.3674666985984616e-18,7.428099119278903e-05
0.9999999899345916,6.410942769149311e-28,1.0065408446044392e-08
0.9243410819140734,1.57947217682299e-12,0.07565891808434702
2.5490104205835894e-09,0.9924163984605561,0.007583598990433506
0.0012941424745637452,2.2119224686151248e-08,0.9987058354062115
4.762084250843206e-05,0.007037409228983962,0.9929149699285077
7.223713328541756e-15,0.9999478490865292,5.215091346349399e-05
3.8031174610035315e-23,0.9999999995941764,4.0582350107324997e-10
1.775418541092291e-09,0.9301303805049383,0.06986961771964302
0.9969832178988377,3.0606291310499545e-13,0.0030167821008560873
0.000327686596152853,5.663897148897822e-05,0.9996156744323581
0.002710712663359484,1.2612387086908438e-06,0.9972880260979319
0.9999996437519455,2.1726096795376866e-22,3.562480544098364e-07
0.0009512401323466394,4.711762678904716e-05,0.9990016422408644
9.493301934049726e-08,0.5416897009031718,0.4583102041638088
0.9997800775734507,5.468312661411671e-16,0.00021992242654892276
0.9987977103584685,3.4227923286993114e-13,0.0012022896411892582
7.198576969566708e-05,8.085244198352288e-05,0.9998471617883207
0.00019552462465393647,4.763433644317718e-06,0.9997997119417018
3.114673257411801e-15,0.9999287352285127,7.126477148431536e-05
0.9463599860504398,2.9497693995324486e-11,0.05364001392006239
8.181316123419238e-08,0.9279039312479528,0.07209598693888603
0.9998491238772317,1.7243829845608846e-16,0.00015087612276805512
1.1587337261574668e-22,0.9999999994161806,5.838193783792861e-10
1.1108465459242178e-08,0.8067058852769561,0.19329410361457852
0.9999999971357958,1.9217218925555513e-26,2.8642041305361273e-09
3.2887706386871636e-05,0.0003308276740506894,0.9996362846195624
6.72684763592263e-24,0.9999999989163861,1.0836139401569475e-09
3.499639320940856e-05,0.0005991478939529806,0.9993658557128375
3.2543061339702276e-06,0.005113585744593402,0.9948831599492727
0.00025287294374799123,1.5577386961700374e-05,0.9997315496692903
1.3054790699716296e-08,0.6506635049145988,0.3493364820306106
0.9701695814998406,5.502270134745555e-12,0.029830418494657084
8.921964409430211e-17,0.9999987179818097,1.2820181901717426e-06
0.9998744628749759,6.350076357667811e-17,0.00012553712502401244
1.7973563333156562e-06,0.18973000428680686,0.8102681983568598
5.221093208222248e-17,0.9999986427641037,1.3572358964093269e-06
2.7438724505686135e-16,0.9999851011572131,1.4898842786735306e-05
4.300305923818771e-09,0.2166925687154159,0.7833074269842781
0.00014226259081142058,0.0013787141738821405,0.9984790232353065
1.178566595003291e-10,0.9457434392542639,0.05425656062787948
0.9999991862083178,1.1927033948298135e-21,8.137916820857044e-07
1.291898353660546e-21,0.999999997063173,2.9368270804515404e-09
0.0003060461174241989,9.068331334813884e-07,0.9996930470494423
1.0598245083958361e-16,0.9999981514182383,1.8485817616980985e-06
1.3020752377757258e-18,0.9999995628474457,4.3715255425852273e-07
0.9803656185393524,1.2859611376389693e-11,0.019634381447788087
0.9998728075077947,1.2542014981906639e-17,0.00012719249220533772
3.3889932792039185e-24,0.9999999998845561,1.1544390469312273e-10
0.027482257227852525,1.6535973921927654e-06,0.9725160891747553
0.17434782332789012,5.9501889303814036e-08,0.8256521171702207
5.967109314171135e-10,0.8535991397439071,0.1464008596593819
0.999992447762608,3.902609288951362e-19,7.552237392112213e-06
5.391282034843407e-22,0.999999996181538,3.818461936710255e-09
0.9999999358726258,1.219630699360659e-25,6.412737422001073e-08
0.03233802336738902,2.0514341718646554e-06,0.967659925198439
0.00011841261583953482,0.0003299534777399075,0.9995516339064205
2.464495884702363e-11,0.9960867754050838,0.003913224570271327
3.871736071269286e-07,0.08601977959620692,0.913979833230186
0.9995811154199191,1.613218608224845e-17,0.00041888458008093653
1.3151437818075239e-18,0.9999998144731372,1.8552686282323227e-07
0.9999993552284637,2.3135812356315077e-22,6.447715363123324e-07
0.008739720469301646,4.228886584036508e-06,0.9912560506441143
1.2488782084956502e-05,0.004065278643804336,0.9959222325741107
1.2879871202448255e-23,0.9999999987439412,1.2560587339669047e-09
0.00010208508089953219,7.969406372752631e-07,0.9998971179784631
0.013559921319170807,1.4374794145959348e-07,0.9864399349328876
4.210241505677784e-09,0.892694031635862,0.10730596415389662
0.999614398787859,9.089977472864122e-17,0.00038560121214110336
4.059373682653105e-07,0.590001653071097,0.4099979409915347
0.0033932305859734786,4.2415724819741664e-08,0.9966067269983017
4.463731777772052e-06,0.022671298968239904,0.9773242372999823
0.9997921756848783,2.9956895245365304e-16,0.00020782431512149653
5.597174188636239e-05,0.006051467511748662,0.9938925607463649
2.419344496552844e-27,0.9999999999961151,3.8849866485986115e-12
9.651467165119726e-22,0.9999999923814687,7.618531259417715e-09
2.65024393688625e-16,0.9999772859680257,2.2714031974038644e-05
0.013590357481820756,4.248263204384143e-08,0.9864096000355473
0.9968115490290996,1.5297888605640272e-15,0.003188450970898928
1.444018865728285e-10,0.978716469727974,0.02128353012762399
0.9999996575161129,1.708709161283751e-24,3.424838871485593e-07
0.005330656257588913,1.295723483590117e-05,0.9946563865075752
0.0019492728364705462,1.3409168227939909e-06,0.9980493862467067
0.9812147879306186,5.7939997939156694e-12,0.018785212063587613
0.0001361880876645927,5.4671622527167327e-05,0.9998091402898082
2.1254856359861328e-19,0.9999997002883881,2.9971161180777154e-07
2.0630179550217787e-05,0.00045401142338987127,0.9995253583970599
8.017357594953865e-14,0.9998891515651166,0.00011084843480326824
0.0014869133084834854,4.10044573748594e-06,0.9985089862457791
0.9939094279429285,1.0311647207605284e-14,0.006090572057061083
0.9999999744953156,2.6105081483214966e-25,2.550468437143088e-08
4.4749476674719907e-07,0.1628294007534758,0.8371701517517575
2.120377735441227e-27,0.9999999999986129,1.387093268934339e-12
1.7659404163016512e-10,0.9862654279848454,0.01373457183856059
0.9999999933970862,2.0867200027949536e-28,6.602913790739523e-09
0.0004329092816894088,0.000168996419147485,0.999398094299163
6.0642132366428655e-12,0.9971649199518944,0.0028350800420413854
0.9999999999691662,1.899225293251449e-30,3.083368618182694e-11
2.4657313752123228e-11,0.9988884805346328,0.0011115194407099074
0.9999991184830602,5.633087462798216e-23,8.815169397467024e-07
1.8459720463598864e-22,0.9999999996588844,3.411156114831049e-10
0.9999998229717071,1.7055073340726075e-23,1.7702829291516313e-07
0.024818804172215055,1.5230395545292337e-07,0.9751810435238295
0.9999619873630736,4.72098021210945e-18,3.801263692642981e-05
1.0939838063721775e-07,0.24819313741683585,0.7518067531847834
0.9991284594236295,5.234114989411571e-15,0.0008715405763652373
0.9999969941193448,9.780906630878843e-20,3.005880655224668e-06
0.9987502520661804,7.805481494140205e-17,0.0012497479338196037
1.5836280031713945e-13,0.9998053051003453,0.00019469489949629977
1.988607896191075e-12,0.9994526245768081,0.0005473754212033522
2.1927971953232898e-12,0.9956408864867498,0.004359113511057342
0.9999999846371224,6.380274388350439e-27,1.536287754283565e-08
0.9989749319165182,1.1035736884890235e-15,0.0010250680834806075
7.972737685205705e-06,0.01501753972072556,0.9849744875415892
0.9999999931709929,1.7233352941637968e-25,6.82900698800749e-09
4.731778665976539e-05,9.187260810475727e-05,0.9998608096052354
7.683999309178062e-07,0.04420234873157556,0.9557968828684935
3.76766342717856e-17,0.9999992510203791,7.489796208525564e-07
7.263484527289309e-24,0.9999999998254945,1.7450550078265502e-10
4.636217651053836e-06,0.00032505818200299837,0.999670305600346
0.00025739478697826173,8.932447453604715e-06,0.9997336727655681
1.1858342942023451e-14,0.9999393853587739,6.061464121437445e-05
2.054721109008879e-11,0.9963267573880831,0.0036732425913695746
2.0049415814389172e-07,0.013178900921410736,0.9868208985844312
4.383690174898572e-14,0.9998621346427398,0.0001378653572164066
0.9999882463206851,2.6458725248696536e-19,1.175367931483443e-05
1.494788166610203e-08,0.9615109183556977,0.03848906669642066
0.9999700500039008,1.1901944012123925e-17,2.994999609905615e-05
3.326177374523244e-19,0.9999999525837406,4.7416259318165857e-08
0.999999969153427,9.274833580403704e-27,3.084657294802118e-08
0.9995568569643662,3.053741762193188e-17,0.00044314303563375073
5.7399430805872506e-05,0.0005553398471653375,0.9993872607220288
0.9999947394689047,2.1615581921090435e-22,5.260531095259555e-06
8.442550988565052e-12,0.9981948699363855,0.0018051300551717344
7.883425716507281e-07,0.006962502105841601,0.9930367095515867
4.865396244250106e-07,0.045918675188201266,0.9540808382721744
5.863422240905421e-06,0.0002898469592522929,0.9997042896185068
0.9959470686302186,1.4567618012448717e-12,0.004052931368324625
7.935592781976369e-06,0.011937863955358934,0.9880542004518591
0.9970053624086351,2.507049085640518e-13,0.002994637591114313
0.005727121251446467,5.080621766313281e-06,0.9942677981267872
0.0002094548467779794,4.911762074028306e-07,0.9997900539770146
0.0010888832838988314,4.986712882685583e-07,0.998910618044813
0.00023388499749310785,3.073969407114084e-05,0.9997353753084358
0.999998786309702,6.216932821490851e-22,1.2136902979964218e-06
1.7932524753512224e-08,0.37675487596280144,0.6232451061046739
1.4604496420227055e-09,0.9048495305956659,0.09515046794388436
0.9882580731225031,3.484426507273037e-13,0.01174192687714835
2.927707544429266e-20,0.9999999812929244,1.8707075484064186e-08
0.9999972850416639,7.536359407650767e-23,2.714958336212243e-06
2.371318720779534e-05,0.00011930853775613022,0.9998569782750361
0.9997301197792613,6.323385253484856e-17,0.00026988022073864997
7.507446651096895e-16,0.999987026468957,1.2973531042316921e-05
0.9999982350119506,1.068912188355703e-20,1.7649880493426219e-06
0.0007209759683958323,3.8951080644708766e-05,0.9992400729509594
0.9999999647559638,2.0128541635011925e-26,3.524403619699887e-08
0.9999999978117426,1.2562510162714978e-27,2.1882572924409477e-09
3.4795044183311306e-08,0.7486704502470658,0.25132951495788997
4.7092281482610244e-11,0.9891901390651009,0.010809860887806905
0.9999966302756712,1.6990203704099265e-20,3.3697243287152103e-06
6.684600156394381e-10,0.8895468412188156,0.11045315811272448
2.4824003592963134e-07,0.002216047906747131,0.997783703853217
0.0021130191517588948,8.889345939315154e-08,0.9978868919547819
3.6266403915422594e-25,0.9999999999787981,2.1201989558659626e-11
2.5172590528077717e-12,0.9974481037908244,0.002551896206658325
1.434297990019401e-13,0.9987869221225406,0.0012130778773158058
1.967394349813682e-10,0.9860102131869165,0.013989786616343975
0.9999999984934245,7.8799461972410685e-28,1.5065754380756186e-09
0.9494533738878455,3.7007293507608965e-11,0.05054662607514729
6.653742563951868e-26,0.9999999999774731,2.2526951266033486e-11
3.837226365310496e-15,0.9999465515692698,5.3448430726288004e-05
0.0011062506279701859,5.2121147521144324e-08,0.9988936972508824
5.187525603974924e-05,0.0020611593585122497,0.997886965385448
6.25791995331474e-07,0.01181024811210263,0.9881891260959019
5.055969410609393e-17,0.9999966808892169,3.3191107831711807e-06
7.177464069383032e-27,0.999999999997049,2.9509371179634224e-12
9.028419696151973e-19,0.9999995762882411,4.237117589315436e-07
1.2140955588230848e-05,0.00040936003340524797,0.9995784990110065
0.0013601365178370298,2.5246991760279968e-05,0.9986146164904026
7.979940401632645e-10,0.9827290858075078,0.017270913394498266
0.9988474218945438,3.773891791443937e-16,0.0011525781054558353
9.514798022698591e-17,0.999997409428554,2.5905714459170867e-06
0.005374089658828289,1.4688834345610232e-07,0.9946257634528283
9.688602691615365e-15,0.9999900194465673,9.98055342283902e-06
0.9999998447687176,9.221801156880674e-23,1.5523128247448664e-07
2.3877689470554446e-05,0.08295913660889165,0.9170169857016377
2.3157853817932093e-09,0.8601874808033096,0.13981251688090496
0.9999991437235536,2.242647446082397e-21,8.562764463813792e-07
0.9999982957675125,2.326504499984444e-21,1.7042324875768884e-06
2.0677878972385022e-07,0.24154235943328928,0.7584574337879211
2.9361764021336745e-05,0.004086210791097288,0.9958844274448813
0.0010114808680254015,1.4026408052816732e-06,0.9989871164911692
0.002713819565826982,3.178057561376962e-07,0.9972858626284169
2.670235282965019e-23,0.999999998726435,1.273565110520967e-09
3.507582895120141e-09,0.8512178020571579,0.1487821944352591
4.0164313118918203e-08,0.6141356367403737,0.3858643230953132
0.010038461941129246,6.144435810562163e-08,0.9899614766145126
0.0001809910695132025,1.7683196278129885e-05,0.9998013257342087
3.358818599612285e-17,0.9999965739074728,3.426092527274793e-06
0.9952573181874125,3.641022007618649e-14,0.004742681812551036
9.193482674001828e-07,0.002409754406314951,0.9975893262454176
1.7436008216308754e-10,0.9824916489239554,0.017508350901684573
2.693933015886238e-24,0.9999999999906715,9.328465284170346e-12
8.405956868459399e-05,2.3967559094618962e-05,0.9998919728722209
7.298014411281317e-22,0.9999999992865063,7.134937959488277e-10
0.9999556148246603,3.2021586051872734e-19,4.438517533963055e-05
0.9964856724403696,5.877844307832425e-16,0.003514327559629747
6.190994964559747e-14,0.9997279639184343,0.00027203608150372426
0.02995171605173261,9.156073766570183e-07,0.9700473683408907
2.3496067773235553e-16,0.9999821596991726,1.7840300827134645e-05
0.9997872951867308,4.134712557591023e-18,0.00021270481326922836
0.9968823118753471,4.9919414245021436e-14,0.0031176881246027808
1.8565888936498458e-20,0.9999999638875918,3.611240829720156e-08
1.0304062763298854e-14,0.9999809325144798,1.906748550999534e-05
4.066194741084568e-06,0.00905079629882925,0.9909451375064298
0.002649471961714372,8.185492433707446e-07,0.9973497094890422
1.0911741060480468e-14,0.99986635325984,0.00013364674014908982
0.0031371073314216094,4.560938635751321e-05,0.996817283282221
0.9999999410431687,2.9313534881763615e-24,5.895683130990209e-08
0.001899936826981068,1.1299645514307214e-05,0.9980887635275045
0.02942634498604873,3.8166578522941967e-08,0.9705736168473726
0.9999999992625443,4.687560079510226e-30,7.374556754957155e-10
2.0897710341970425e-12,0.9989369021746902,0.0010630978232198723
5.417948405693318e-15,0.999934437244657,6.556275533752868e-05
1.3467354420280982e-06,0.03769294357824151,0.9623057096863165
0.9999963036575638,1.6915957357974078e-20,3.6963424362099713e-06
0.9721150920401256,1.1211611951451828e-12,0.027884907958753334
1.0740228716906659e-13,0.9999406871207867,5.931287910586066e-05
4.647410496756381e-22,0.9999999950673832,4.9326167973696265e-09
0.9999999999743956,4.408781836834591e-31,2.5604441971007048e-11
1.9354958352229358e-23,0.9999999998836471,1.1635295896576128e-10
0.9800128267052998,5.868063467548596e-14,0.01998717329464149
0.989422563456313,2.623446095213204e-12,0.010577436541063532
5.459293557997293e-05,0.0005126757303205424,0.9994327313340996
7.846668981432251e-06,0.01864281341236591,0.9813493399186527
7.184138799415667e-06,0.006093821881542198,0.9938989939796583
3.6873218404596165e-08,0.7261798323493891,0.27382013077739253
1.0365265002773554e-15,0.9995790980872209,0.0004209019127780834
0.9999943610462286,1.9111293888712156e-19,5.638953771475396e-06
7.709290804099648e-26,0.9999999999728442,2.7155809742197586e-11
2.7416246090665752e-05,0.006838007577619741,0.9931345761762896
1.478860213016084e-13,0.9988872700322011,0.0011127299676509305
4.136070762673024e-23,0.999999998648075,1.3519250105426716e-09
0.9999998262302856,1.2243112834448177e-24,1.7376971430685105e-07
0.002860287644320122,1.0414520664336634e-05,0.9971292978350156
6.275305968138654e-11,0.9892098899950277,0.01079010994221922
5.944340867059463e-22,0.9999999981739462,1.8260538383478158e-09
1.4431672333240806e-13,0.9991661467117477,0.000833853288108051
1.4864786245886748e-06,0.08906054783200096,0.9109379656893745
4.175669055045527e-05,0.00010532081045472597,0.9998529224989949
1.3841971497106303e-05,0.014577364320839715,0.9854087937076631
9.984760711380345e-16,0.9999883057815759,1.1694218423214637e-05
0.9999605333940278,1.6895463299337025e-18,3.9466605972135654e-05
0.9940221777785102,6.282015530481868e-13,0.005977822220861572
0.9999999999321803,3.6487228564372904e-30,6.781971591102831e-11
0.9999997909315155,4.344385810619543e-23,2.0906848458354203e-07
8.157651259270162e-08,0.6363394081301741,0.36366051029331337
0.999910316546972,3.1417656749029207e-16,8.968345302774958e-05
1.1877691999953616e-27,0.999999999999273,7.269549585160626e-13
1.2024753250549115e-23,0.9999999997302846,2.6971544487967965e-10
0.9996878271274208,3.56495995093869e-15,0.00031217287257571653
6.757217118249877e-05,0.001263182329619028,0.9986692454991984
0.0028024827299251587,1.0537665472639465e-06,0.9971964635035275
1.5865262756678303e-19,0.9999999299330093,7.006699061120404e-08
0.0062350038035126065,5.488203144438741e-07,0.993764447376173
0.9999999900152449,1.449317500944031e-27,9.984755215776332e-09
0.9999737985181937,1.2281481698945614e-20,2.6201481806271466e-05
0.9978097028361881,2.0763916487531946e-15,0.002190297163809919
1.77098985246179e-24,0.9999999999135805,8.641952722884406e-11
0.9999215988707432,5.99544751273426e-18,7.840112925690868e-05
0.9996760924479042,3.915084931282138e-18,0.00032390755209568044
7.069990330859289e-06,0.009351446541054804,0.9906414834686145
1.3694435943365392e-17,0.9999960999410427,3.900058957399128e-06
0.0006312749117864874,1.2917889551848124e-07,0.9993685959093179
2.83041977861018e-06,0.0007577225459825968,0.9992394470342388
6.642520130489645e-07,0.007138003007430294,0.9928613327405568
0.0013694345883998656,2.5938507583463302e-05,0.9986046269040165
6.882234216649097e-13,0.9994642103034914,0.0005357896958205389
0.991557880847513,2.4699088173545163e-12,0.00844211915001725
3.6659793831414613e-23,0.9999999912849867,8.71501324055172e-09
2.939984253157359e-23,0.9999999999010012,9.899884742944936e-11
1.9423898323117423e-14,0.9995880497121186,0.0004119502878617621
1.871913482614481e-10,0.9965430885531729,0.00345691125963594
6.51724338181417e-05,0.000784824732390436,0.9991500028337915
0.9999999553859891,3.8748760521364063e-26,4.4614010878977116e-08
0.0011921480994289003,1.9613113813486952e-05,0.9987882387867576
0.9999990252493387,2.9025162565453864e-22,9.747506613534826e-07
1.1291135196854848e-17,0.9999997820874027,2.1791259739118456e-07
2.5125207387448663e-05,0.0019614689588110237,0.9980134058338016
1.948511100904948e-17,0.9999989821639718,1.0178360282929165e-06
2.8688562707813495e-05,4.8553579336886035e-05,0.9999227578579554
0.996002961846761,9.119694342404893e-16,0.003997038153238072
0.08553296626264768,2.1430851580849017e-07,0.9144668194288366
0.999999985065269,1.2368363828327023e-25,1.4934730927420974e-08
0.9909236467181951,3.618816994006026e-13,0.009076353281442951
7.159723251123435e-28,0.9999999999997438,2.561904770678536e-13
1.7448027595741103e-14,0.9999814410809228,1.8558919059779087e-05
0.9999997682549691,1.0416624311451871e-23,2.317450308666993e-07
6.237392393318524e-06,0.0005612657010281669,0.9994324969065785
0.9999809797005296,1.0372693610900552e-17,1.902029947046567e-05
0.013598817666769385,4.187122861441817e-06,0.9863969952103692
0.0010559837722977814,4.299493171741347e-07,0.998943586278385
9.933346128970202e-20,0.999999889962469,1.100375310411886e-07
3.9879129445438425e-06,0.0820098291264548,0.9179861829606006
0.9999960878680854,4.72483815873462e-21,3.912131914771773e-06
0.01783892262419585,2.586225814517665e-07,0.9821608187532227
1.5561666841923016e-20,0.9999999871456057,1.2854394372485217e-08
0.08445211029958313,1.101854414415779e-07,0.9155477795149753
7.556613783001433e-12,0.9985700930291935,0.0014299069632497856
0.024659398903999742,3.1928205647018797e-07,0.9753402818139437
1.1459839732308916e-05,0.005380489039774664,0.994608051120493
0.0003337805245972711,0.00010331143886684509,0.9995629080365359
0.9993172897858157,6.014651999897246e-14,0.0006827102141241072
0.9999889361503105,2.624836340543588e-18,1.106384968943153e-05
0.9529276919833862,3.4308166494967266e-11,0.04707230798230554
0.000437558885534051,3.502401185533093e-05,0.9995274171026106
0.00022509261769329604,2.827932346937223e-05,0.9997466280588373
0.9998210175999379,4.940135938294065e-16,0.0001789824000617253
0.9999999986790045,2.102902827439171e-28,1.3209954880948164e-09
4.887192891620207e-12,0.9969845012491998,0.0030154987459127796
2.0462443526157398e-17,0.9999998882308906,1.1176910938272215e-07
1.5880319604670311e-21,0.9999999755173291,2.4482670806243893e-08
5.5974187954032936e-05,0.005162845970368787,0.9947811798416772
5.720318010456055e-05,0.00022536347390940018,0.9997174333459861
0.9997834197361252,2.7672814399848468e-17,0.00021658026387488195
0.9999999983999481,4.12613240482227e-28,1.6000518755514435e-09
0.01893998455157319,6.064140613049638e-08,0.9810599548070207
0.9999328155501408,2.0181173375592785e-17,6.718444985920546e-05
8.423508240548971e-08,0.48013787566716953,0.519862040097748
0.9729973130822788,1.1636509691120112e-12,0.02700268691655763
0.9999999889754742,9.689798686100472e-26,1.102452589639091e-08
2.428920926372418e-18,0.999999706644484,2.9335551590828233e-07
6.439508110398195e-17,0.9999966804742603,3.319525739674182e-06
6.550689869188326e-25,0.99999999999419,5.809960168047149e-12
0.0001600556475997888,0.0008325536203664445,0.9990073907320337
0.9999999963356399,1.7418457805923847e-27,3.6643600303183982e-09
0.998851919606604,2.388794756317233e-14,0.0011480803933719842
4.4957343464760197e-17,0.99999957769431,4.2230568995932724e-07
0.9999999996781102,1.8450484715812302e-28,3.218898205874121e-10
1.9788928122002858e-05,0.00014277556093713408,0.9998374355109408
0.9999996379903746,1.2172975106903952e-22,3.6200962545112166e-07
4.13718409082984e-16,0.9999828516014907,1.714839850880447e-05
0.9998042892902578,8.384959079175659e-15,0.00019571070973370934
0.9999912709167219,7.742282216268525e-23,8.729083278211886e-06
3.650632255849616e-07,0.4900727314111764,0.509926903525598
2.3395292086953517e-05,0.001091760198737267,0.9988848445091758
0.0003261908870299325,5.18877039873313e-06,0.9996686203425712
2.0754993569358865e-05,0.0018831988018769433,0.9980960462045538
1.2890664430297125e-17,0.9999997057564272,2.942435727705637e-07
0.0008165720700857278,1.3319326944702997e-07,0.9991832947366449
0.9950749857196973,4.477332581421574e-14,0.004925014280257736
0.9999998811659642,3.711328487532352e-24,1.1883403572735933e-07
0.00994292132092654,3.237410880756025e-07,0.9900567549379855
3.043101982612587e-10,0.9780711982771603,0.02192880141852971
6.998214872168481e-23,0.9999999996959368,3.0406332441370757e-10
0.0014188904418615759,9.7716702509737e-07,0.9985801323911133
0.010665338409541588,3.965535617990687e-07,0.9893342650368967
0.9982499192749601,5.860577871140037e-14,0.001750080724981499
3.886298855636894e-19,0.9999993542072272,6.457927727328707e-07
0.9999999989414259,2.4045782680772936e-29,1.0585740733060986e-09
0.9764633152858019,1.977436396038516e-12,0.023536684712220778
0.9999338992238359,1.870673549799755e-17,6.61007761640497e-05
0.019121352443980402,1.4068760570803616e-08,0.9808786334872591
0.0016162048008448674,9.060570594747523e-07,0.9983828891420955
0.13997544874700982,5.3435200912730873e-08,0.8600244978177891
3.587716397450248e-13,0.9985854590091696,0.0014145409904716534
8.69697992100242e-06,0.0005522987847421038,0.9994390042353369
0.9999982426611624,1.3356130560162103e-23,1.7573388374647204e-06
0.00012478174041148684,1.5756786350903178e-05,0.9998594614732377
4.1719714397065335e-16,0.9998811886690092,0.00011881133099028279
0.9999313940921747,9.840930880914234e-16,6.860590782437867e-05
0.9994223849357976,7.539084539210172e-17,0.0005776150642024062
1.5771216034922411e-07,0.22197155980619931,0.7780282824816404
0.9994970555160297,5.944151030163363e-16,0.000502944483969544
0.9969822517828023,1.4573687656450783e-15,0.003017748217196136
1.0596140427587856e-13,0.9999058387967629,9.416120313113494e-05
4.9019497159739545e-06,0.010448296995643737,0.9895468010546403
0.006483143606559154,1.2746608246222408e-06,0.9935155817326162
9.176702855372097e-06,0.05460973414305479,0.9453810891540899
2.4705181208404584e-15,0.9999703808071941,2.9619192803428095e-05
2.7571147279052385e-07,0.0014141769670402136,0.9985855473214869
0.9978244499482742,4.4841021197457115e-15,0.002175550051721488
0.9999998751988288,2.1863748867384507e-24,1.248011711644958e-07
0.9999999718596922,4.246936640229567e-24,2.814030776916953e-08
3.844254583668767e-14,0.9995346151564748,0.0004653848434868158
5.3272336555603706e-05,0.0008744261408212863,0.9990723015226232
2.3884633692634123e-11,0.9435770069383955,0.05642299303771995
2.3544590201110418e-12,0.9995007904411732,0.0004992095564721606
7.636098736456897e-16,0.9999916101043896,8.38989560966804e-06
0.999999735966776,1.3613328053243584e-23,2.640332238539499e-07
3.689758109214049e-05,0.0001951757952589174,0.9997679266236489
0.9999984339149671,4.232997632141403e-20,1.5660850328322307e-06
0.0021584583895529687,1.1033743193350996e-06,0.9978404382361277
5.261247090934632e-15,0.9995327339523442,0.00046726604765049383
0.9503648033439239,1.9896892937389586e-12,0.04963519665408634
0.003552753230257042,2.3215280316386403e-06,0.9964449252417114
6.176079741474442e-06,0.028123781316917448,0.9718700426033412
0.0007423795341923657,4.458248753657161e-05,0.999213037978271
5.336897165352129e-10,0.9157696214427348,0.08423037802357565
0.9999974904968663,2.3606354353119713e-21,2.5095031337209492e-06
0.9999936523951952,6.6502107525629356e-21,6.347604804766856e-06
0.9999993739423372,7.488766563025174e-23,6.26057662813173e-07
0.9999999998088114,5.2837908234092045e-30,1.9118853233683153e-10
7.741471795788376e-16,0.9999025047889382,9.749521106110577e-05
2.45304193645769e-18,0.9999976286967696,2.371303230460138e-06
2.437044353999445e-14,0.9992630891868226,0.000736910813152959
0.9999999938241271,3.334734604708139e-27,6.1758728658101026e-09
0.9997009157943881,7.086997273804793e-17,0.0002990842056118798
0.9940656016805716,1.2449369357797953e-12,0.005934398318183572
3.523191459414771e-13,0.9996033701160594,0.0003966298835884454
0.00016041288475117726,2.476107798237184e-06,0.9998371110074507
4.378521372323014e-09,0.9025720959322375,0.0974278996892411
2.5498696307830093e-27,0.9999999999970275,2.9725077106259663e-12
2.343287917457589e-09,0.9740829121775706,0.02591708547914141
0.9997634916580694,8.861349101784161e-17,0.00023650834193058643
0.00025721768168406777,3.355595188447706e-05,0.9997092263664316
0.9999999459540301,1.6569003350421208e-25,5.4045969896431525e-08
0.01031035604413171,4.615163126153865e-08,0.9896895978042369
0.9999999806402898,3.55690670713571e-26,1.93597102370293e-08
0.026573174793545856,3.8007426725878186e-08,0.9734267871990274
0.0001653778652102344,5.28900617273714e-05,0.9997817320730624
0.9999586853289497,7.378097491128072e-19,4.131467105031981e-05
0.9999999109365209,1.327743717196939e-26,8.906347910647064e-08
5.788498828792153e-10,0.9422998116544997,0.057700187766650375
0.00014619750995987563,0.00014350390489972206,0.9997102985851404
1.4517968567267792e-14,0.9997724366200473,0.0002275633799381939
0.9999999890050949,4.628516530299597e-26,1.0994905082301997e-08
1.1871124970457161e-15,0.9999836868765811,1.631312341782239e-05
0.9999999988992847,4.499190440985001e-29,1.1007152560410181e-09
0.999999997844564,3.1352356722373104e-28,2.155436031734227e-09
3.353416060573509e-26,0.9999999999912417,8.758341133622386e-12
1.4286759395535874e-18,0.9999999546926424,4.5307357488898286e-08
0.9999999890357479,2.0381712876244334e-27,1.096425210895402e-08
1.6524193953310107e-08,0.4949394514452797,0.5050605320305265
2.4500100630407427e-07,0.11776304879921452,0.8822367061997792
2.675423513966229e-09,0.9234786484146339,0.07652134890994275
3.0553269028453494e-18,0.9999959468684645,4.053131535586109e-06
6.848612820522074e-05,8.42981950684525e-05,0.9998472156767264
0.999999998443621,7.868847333369141e-27,1.5563790908099765e-09
2.312974667610478e-09,0.9193537281134225,0.08064626957360281
8.349964884221607e-05,3.3454690536622304e-05,0.9998830456606211
0.0006978832152552242,2.221875075777235e-05,0.9992798980339869
3.58959907956527e-09,0.6827722676531873,0.31722772875721356
0.000273306604639508,8.410114236590625e-06,0.9997182832811239
7.819152936796395e-27,0.999999999997931,2.068943486583322e-12
0.0018392770053643267,1.3426417487735974e-06,0.998159380352887
4.213354992237222e-12,0.9979898180072729,0.002010181988513791
0.9999554100091677,1.9488655660196991e-19,4.4589990832284685e-05
0.9999999951722001,1.7807215277644716e-27,4.827799963973315e-09
0.0006016768852392523,7.461368713476758e-05,0.999323709427626
0.36192636428416264,1.2641574446059e-10,0.6380736355894217
0.0193489304791179,1.6068830108412933e-08,0.9806510534520521
0.000139854176477016,5.6182889392348545e-05,0.9998039629341307
1.92235304845275e-08,0.44626470020443454,0.553735280572035
0.0006496944550265233,9.292474369964823e-06,0.9993410130706034
0.9981560927835855,3.116222368753844e-14,0.001843907216383326
1.4236578058275365e-05,0.0001506981732345234,0.9998350652487072
3.659430189805606e-15,0.9999908677453113,9.13225468512194e-06
0.8997864189704096,7.1563255029056515e-12,0.10021358102243405
0.9982108475400481,1.2993878703726284e-12,0.0017891524586526237
0.9999998886903108,2.792351634869584e-26,1.1130968934062159e-07
0.025287345355656476,2.579659313340184e-07,0.9747123966784121
4.228321678221758e-17,0.9999987820597155,1.2179402845354451e-06
0.9999821651460411,8.126209879079044e-19,1.7834853958930894e-05
0.9999999991697626,2.530443208346419e-28,8.302373889707441e-10
4.0879101738843213e-05,0.0003649422327406264,0.9995941786655206
1.7797118710687948e-17,0.9999994309785534,5.690214465639434e-07
3.333917106749656e-20,0.9999999808208812,1.9179118771204897e-08
8.012762791106275e-20,0.9999999882775291,1.1722470860499631e-08
0.0026997860852703156,3.7832330551866796e-05,0.9972623815841778
0.008159160400887308,5.443123842892994e-07,0.9918402952867283
3.4190621101251397e-13,0.9989261060221596,0.0010738939774985895
0.992737349646305,1.9233839653900855e-12,0.007262650351771392
6.521831274134174e-11,0.9981658452017743,0.0018341547330073622
3.056595646108329e-13,0.9993564068140263,0.0006435931856681822
0.9999738863656434,3.5545692958692906e-20,2.6113634356472098e-05
0.0002489577596865279,0.00014751375746494444,0.9996035284828486
0.004013329711847068,9.256312813804366e-06,0.9959774139753391
0.909699722686651,6.4109153494563505e-12,0.0903002773069381
1.7199840030985041e-09,0.9164112484394105,0.08358874984060567
1.3663724524777284e-16,0.9999975361598836,2.463840116189119e-06
2.289854661595887e-15,0.9999880689047133,1.1931095284447783e-05
0.9996431163609519,1.8127778489250663e-17,0.0003568836390481131
0.0013917183195419672,0.000800422076682231,0.9978078596037758
0.9999999510995286,7.121408919142528e-27,4.890047141416222e-08
0.9999999999703555,1.247780662807552e-30,2.964451962945534e-11
0.01008721105453339,2.7557961823779304e-07,0.9899125133658484
0.9999999998441269,3.23697853789743e-30,1.5587313281336393e-10
0.9920690396751167,4.6027834156834256e-14,0.007930960324837224
0.9999998374298187,4.691325361962463e-25,1.62570181322537e-07
4.0606319317886955e-21,0.9999999981506424,1.8493574890342655e-09
0.0007811820795720126,1.569350066163878e-05,0.9992031244197663
0.02858189448377811,1.0420727017363073e-07,0.9714180013089516
5.829695700030241e-25,0.9999999999215938,7.840621193624728e-11
0.024503885746741658,3.421804256409798e-07,0.9754957720728327
0.9822628043533481,4.968177719041991e-12,0.01773719564168359
7.516808185064988e-08,0.2376055230115714,0.7623944018203467
2.8310389692235516e-15,0.9999870302402402,1.2969759756963545e-05
6.352109336467476e-11,0.9871972514478066,0.012802748488672225
1.6084442948039065e-12,0.9996513759029808,0.000348624095410742
2.2585592427152496e-05,0.000277097138559959,0.999700317269013
0.019002810848450274,1.5258356734360093e-07,0.9809970365679824
0.03126331595127541,2.294100791997492e-07,0.9687364546386454
3.4051129476776803e-05,7.971606082495069e-05,0.9998862328096983
0.9999999997088473,2.406766192123587e-28,2.9115267052361523e-10
1.610694400665086e-11,0.9983212240671872,0.0016787759167058436
0.0020428313207785627,0.00024880545555610976,0.9977083632236653
0.03854878270504877,8.753709739459987e-08,0.9614511297578537
0.9999999691513618,1.1225505170872612e-26,3.084863824114624e-08
1.4176223133022396e-07,0.32188019840478144,0.6781196598329873
9.508190826059167e-14,0.9996572152906207,0.0003427847092841878
2.7341242438224983e-16,0.999964705226888,3.5294773111693944e-05
0.9999999997179041,2.1878136382453255e-29,2.820958338480443e-10
0.0022402474353261227,1.85532243058056e-06,0.9977578972422434
0.9999999904641103,1.8178372009219485e-25,9.535889777929099e-09
8.991546912110973e-18,0.9999986552742992,1.3447257007829376e-06
1.8705713255881058e-12,0.9948777565453353,0.005122243452794059
5.293999356220072e-06,0.003003364606514317,0.9969913413941295
0.9999999791780481,4.2144051469906886e-27,2.0821952018139224e-08
8.591395354090892e-12,0.9640937474643507,0.035906252527057994
0.06629106000781465,2.0634390779284926e-08,0.9337089193577945
0.9999987469070084,3.905229774419636e-23,1.2530929917088215e-06
2.6194845596637432e-08,0.8705397880524554,0.1294601857526992
0.9999999868229668,1.1393930497165774e-27,1.3177033188772181e-08
3.3943178045074505e-15,0.9999746576565474,2.5342343449400903e-05
1.5170584826708448e-06,0.004707722001649258,0.995290760939868
1.0229774257901419e-17,0.9999943804065271,5.6195934727909394e-06
0.9999997399910804,1.2520989974304505e-24,2.6000891965988383e-07
0.9953241401475206,6.336090725978015e-15,0.004675859852473072
0.0002578488164140839,1.4480480712560885e-05,0.9997276707028734
0.9999999761656074,6.209207794766936e-26,2.3834392589525633e-08
6.375414030305493e-05,0.001574601229111923,0.9983616446305851
0.9996375764800709,1.091724556385906e-16,0.0003624235199290094
0.021661335154070687,3.8678492372042535e-08,0.9783386261674368
4.644015907354822e-15,0.999930706918934,6.929308106125487e-05
9.837398433615112e-12,0.9969881227263583,0.0030118772638043165
1.3939827241572773e-22,0.9999999984457066,1.5542933811088912e-09
2.5427632426160365e-20,0.9999999826614497,1.7338550186565653e-08
0.9999999997284024,6.648041230803953e-30,2.7159758694097747e-10
0.999999988146126,9.814343989393776e-28,1.1853873912054272e-08
1.8487290369746647e-07,0.5682602250554528,0.4317395900716435
7.54702859623482e-14,0.9999098553669366,9.014463298805856e-05
0.01976706814666176,7.804217463025216e-08,0.9802328538111635
8.295425162903165e-18,0.9999995707716255,4.292283744297594e-07
0.9982785946443226,1.1222048119559161e-14,0.001721405355666072
1.3648248955521574e-09,0.813777561022701,0.18622243761247412
5.715259567632409e-06,0.0011814886949847757,0.9988127960454475
0.9737364687354549,5.3718390628413175e-12,0.026263531259173266
3.7744688886724575e-23,0.9999999994882762,5.117237175113254e-10
1.155786057484743e-05,8.985844995223283e-05,0.9998985836894728
3.0879159182520317e-13,0.9991574671507394,0.0008425328489517735
3.822699896900366e-28,0.9999999999992244,7.756177639908631e-13
0.9999462048658687,1.54806740849859e-18,5.3795134131218755e-05
0.9999715428274849,1.5683289909110384e-18,2.8457172515030306e-05
0.005019472404067693,1.3731477042719491e-05,0.9949667961188895
0.9999537775295917,5.885709979882902e-17,4.622247040828417e-05
0.0011792396986577591,4.586796555246416e-06,0.998816173504787
0.12062363709100482,3.0067599547163e-08,0.8793763328413957
1.0160982983197548e-06,0.17246496051111276,0.8275340233905889
0.99999999906104,2.9672646930328842e-27,9.389600490150035e-10
0.9980712219305018,4.101848809142692e-14,0.0019287780694571502
1.0980871882448321e-14,0.9998500295669663,0.00014997043302273028
0.9999967747615609,4.543682821484928e-20,3.225238439243444e-06
1.5332960741200036e-07,0.8253155951268148,0.1746842515435777
3.927760374383547e-20,0.9999998746457321,1.253542679156917e-07
3.566123142557877e-08,0.8837489958400492,0.11625096849871956
0.9999999340591069,1.8030314586878262e-25,6.594089310813391e-08
0.9999995478124166,8.12680572678628e-24,4.52187583398843e-07
0.0011558694529991214,5.270591185472481e-05,0.9987914246351461
0.9999999938204962,3.526525122512397e-27,6.179503778198521e-09
7.912998167666632e-19,0.9999998859233804,1.1407661962246641e-07
1.614370672814539e-11,0.9960071771862149,0.003992822797641386
1.8431636134931239e-28,0.9999999999980487,1.9512908033550295e-12
0.9999999999681746,1.051601196889046e-30,3.182539270936635e-11
0.999999818961813,1.1632271953216193e-23,1.8103818707611083e-07
1.1366757789240946e-05,0.07988014829999168,0.9201084849422192
0.9999999914253611,1.8326062580215236e-27,8.574638959448704e-09
0.9999999971211069,1.9256056383000011e-26,2.8788931849928294e-09
0.9998693151306597,5.355176927116438e-16,0.00013068486933975188
0.9978596302907419,6.101100069373363e-14,0.0021403697091971446
7.112785933592428e-19,0.9999999627340425,3.726595756663955e-08
0.9998468285627116,3.743725436965294e-17,0.000153171437288383
4.6561859426802853e-07,0.02604500573085252,0.9739545286505531
0.9929564744325386,3.009555509151791e-13,0.007043525567160428
0.019130602909065226,1.102195710979624e-07,0.9808692868713635
0.9999999827229212,2.8878663214532955e-27,1.727707870662053e-08
0.9999623234472467,4.0168147608140864e-17,3.76765527533764e-05
1.9402992753879208e-14,0.9996183691518761,0.000381630848104667
0.9999981512172137,8.050330914765334e-22,1.8487827864445754e-06
0.9999999920607084,5.636764466645493e-27,7.939291692213242e-09
2.340880302551808e-07,0.3069464588381057,0.6930533070738641
8.15433920582779e-05,9.015476752388142e-06,0.9999094411311894
0.9999996630467806,1.5866212827859632e-23,3.3695321955769066e-07
1.3824894547456648e-07,0.8408809384018789,0.15911892334917543
0.9999999959939294,1.6133840986043907e-27,4.0060706659475895e-09
0.00628957818208589,1.1314152621975307e-07,0.9937103086763879
8.515840448381727e-06,0.028758151332638687,0.9712333328269129
0.9999932650823361,1.7318042015758713e-18,6.734917663933253e-06
0.009385770611491297,1.7325763272166873e-07,0.9906140561308759
0.9999999919888144,4.120268897796729e-27,8.011185552509668e-09
0.00042657146901572875,1.7350833144217294e-05,0.9995560776978402
0.9986825060418186,1.1656488890223766e-15,0.0013174939581802097
4.725416269831203e-05,0.0006887054355130111,0.9992640404017886
5.760664604069786e-16,0.999997249969249,2.7500307504799063e-06
0.9887431966569494,6.717818953592054e-13,0.01125680334237873
0.00010263156098425395,6.246883969029345e-06,0.9998911215550467
0.9993836847406905,7.608856958291767e-16,0.0006163152593088008
5.694436437117163e-14,0.9998005280732432,0.00019947192669980994
1.0360186433342226e-07,0.5398279583751435,0.4601719380229921
0.9999999952265604,2.383763928533403e-27,4.77343968284661e-09
6.965601123409696e-10,0.9790034962369801,0.020996503066459882
0.99993240514906,1.0025926798767378e-17,6.759485094003487e-05
0.0003349538810852502,0.00021798973986743634,0.9994470563790473
0.00018747896450531382,0.0009427736898276102,0.998869747345667
0.0013544311977711238,5.67984771908165e-07,0.9986450008174569
0.0004536673609601854,3.072233236435976e-06,0.9995432604058033
0.9996446237427637,1.380487054215463e-16,0.0003553762572360862
3.2691514464098344e-09,0.8414738087093557,0.15852618802149285
8.248711894795466e-16,0.9999934364370469,6.5635629522821e-06
0.09899416417416201,1.252926518967983e-08,0.9010058232965727
5.925211986871727e-06,0.016128730133034144,0.9838653446549789
4.522052789210405e-05,1.600791506459106e-05,0.9999387715570432
1.0869863545309714e-13,0.9996825568298024,0.00031744317008872955
0.9999999992716706,9.791621592250223e-30,7.283294671053388e-10
4.210590933255261e-07,0.0436132233314607,0.956386355609446
1.0393145215172942e-05,0.003924847218702077,0.9960647596360827
0.00022845264543116216,0.0006542163009043122,0.9991173310536645
0.0042863305132446105,7.438293801098598e-07,0.9957129256573752
3.09657973077955e-11,0.9958224607382249,0.004177539230809261
0.008928391878650506,1.921225560184763e-06,0.9910696868957893
3.235651614215432e-05,0.00023844848191681387,0.9997291950019409
4.2626471694724334e-06,0.0033865765762853576,0.9966091607765452
2.6673766256377394e-09,0.2876899879671552,0.7123100093654682
8.408185913323394e-18,0.999999801067001,1.9893299882901504e-07
0.9999999990262967,1.3225933008793028e-27,9.73703343118978e-10
9.867514352080449e-14,0.999567655760034,0.0004323442398672867
1.4917066558352978e-09,0.7073637182106401,0.29263628029765326
0.001042066449649394,0.0002534756655202928,0.9987044578848303
4.749591858219797e-05,6.457341073846381e-05,0.9998879306706794
0.0028401366208670106,1.7725613384455674e-06,0.9971580908177945
0.9887197051995628,2.001906576572983e-12,0.011280294798435163
1.0480570649841293e-11,0.9989863530967503,0.0010136468927690544
0.9945125337618484,2.4519448252196803e-14,0.005487466238127023
0.9989752334128527,1.8442615166085523e-15,0.0010247665871457078
0.9999993627976035,3.008469718940801e-23,6.37202396540828e-07
8.55559448334673e-15,0.9994920014800524,0.0005079985199390688
7.317073095852692e-07,0.055100985952427364,0.9448982823402631
0.00034514566514446825,0.0002036062070391093,0.9994512481278164
1.467409407930973e-17,0.999999199695592,8.003044079597413e-07
7.664100713277141e-07,0.0732942606616211,0.9267049729283074
3.243891120895785e-19,0.9999997593799174,2.406200825975651e-07
0.9999999846141756,3.9214960213634965e-26,1.5385824479536777e-08
2.0194353263681643e-06,0.0013871857917388084,0.9986107947729347
0.9999992433803404,3.189024764524294e-23,7.566196596149081e-07
6.553710526658707e-06,0.0009123402688528083,0.9990811060206205
0.9976131333536211,9.391671553362611e-15,0.0023868666463695994
8.045765902723856e-22,0.9999999962542763,3.7457237026460644e-09
3.475336368993653e-21,0.9999999942307105,5.769289389205131e-09
0.99942313899069,6.598535179702859e-17,0.0005768610093099397
6.751057278708957e-09,0.7683725814934866,0.2316274117554562
4.268886193616122e-11,0.9942446280028074,0.005755371954503813
0.0031073234168020845,1.896313066886311e-07,0.9968924869518911
0.04289915806927387,6.362896361869424e-08,0.9571007783017624
2.428874689492501e-20,0.9999998452894199,1.5471058017041186e-07
4.123885251247813e-07,0.6110660667187444,0.3889335208927304
2.129066553877659e-18,0.9999999229949929,7.700500710656326e-08
9.86391248233531e-24,0.999999999763556,2.36443957498937e-10
0.9091615739503279,8.07947188115894e-11,0.0908384259688772
0.9998929704761551,1.4121371205937526e-16,0.00010702952384460362
6.245474267852219e-20,0.9999998754346713,1.245653287763304e-07
3.561728193072566e-16,0.9999918548890923,8.145110907373614e-06
2.2194657678219505e-14,0.9999890539658814,1.0946034096325808e-05
1.1526850477316474e-05,0.00015180604903231002,0.9998366671004902
0.006195260509809088,8.528865996483872e-08,0.993804654201531
0.9964542351475446,5.355408381842923e-16,0.0035457648524549203
0.9999999857953596,5.093523943664038e-25,1.4204640300121976e-08
6.640622164662008e-27,0.9999999999880607,1.193940367668015e-11
5.859581459079165e-16,0.9999978053436082,2.194656391113707e-06
1.5869774043170518e-20,0.9999999762738995,2.3726100451268108e-08
0.9997984318879064,4.133533150842348e-17,0.0002015681120935361
0.0048154363055996395,2.5306765778145386e-07,0.9951843106267425
6.4778009557946545e-09,0.7372315935514618,0.2627683999707373
0.9999815515471596,1.321830965227768e-18,1.8448452840339703e-05
0.00021217467846758553,0.0006233151054699664,0.9991645102160626
0.9999998716180767,2.238889011943709e-22,1.2838192331173357e-07
1.4697787576524964e-19,0.9999999669429531,3.305704686957811e-08
1.4752048260256308e-23,0.9999999991576021,8.423979491865876e-10
7.057459138685373e-25,0.9999999999789804,2.1019519500135573e-11
0.9960047759240592,1.0818246922088678e-14,0.003995224075930028
7.551624203963581e-18,0.9999998917793841,1.0822061591310584e-07
0.9999999864144529,2.0906861921778538e-27,1.3585547277124738e-08
0.05445107147052405,1.5761660363389838e-07,0.9455487709128723
0.0018762960154084106,3.7575184826915994e-06,0.9981199464661088
0.9999999597999961,1.2140390578652772e-24,4.020000389031807e-08
6.276054272758206e-18,0.9999987113992892,1.2886007107376584e-06
0.9999999906433926,2.741324490790734e-27,9.356607401304245e-09
4.407093757577765e-05,0.001663022535105262,0.9982929065273188
4.52303070348259e-11,0.9903316660426109,0.00966833391215869
0.9999999978784571,1.4407080902215271e-28,2.121542958300274e-09
4.776983828517065e-07,0.025847114942749442,0.9741524073588678
0.00019074936124104311,0.0008453261313736757,0.9989639245073852
0.9713162559986502,2.285787200848366e-12,0.028683743999064003
0.9000873479786995,1.541764731835973e-11,0.09991265200588292
0.030119809661889225,9.551945338593416e-08,0.9698800948186574
1.672546710690585e-14,0.999878810169573,0.00012118983041019172
9.754215953255929e-06,0.001157787433821872,0.9988324583502248
1.3266759640003693e-07,0.15216994640597234,0.8478299209264313
1.484437196816844e-17,0.9999998515930382,1.4840696180926878e-07
0.9999999996139126,7.877662407583346e-29,3.8608749143734796e-10
0.9691224217216515,1.6663228749365712e-11,0.03087757826168511
5.3204425929162605e-21,0.999999982276543,1.7723457101951687e-08
0.9995883695831714,9.015816580983806e-17,0.0004116304168286636
1.1254626528759664e-22,0.9999999997704381,2.295618692041113e-10
0.9999999991140462,3.1419890282290677e-28,8.859537814063264e-10
0.0007940564632350308,1.1151713422144678e-06,0.9992048283654227
0.00010704547557588082,0.0001483048225842616,0.9997446497018398
3.27232745332702e-06,0.04801132961807212,0.9519853980544746
0.9999999967493456,2.101974824679996e-29,3.250654458219036e-09
1.768815073116401e-06,0.00818372837402151,0.9918145028109054
4.759262217101768e-20,0.9999999840578837,1.5942116152236377e-08
1.2392359833095334e-20,0.9999999978290606,2.1709393263609447e-09
0.9999636575259443,3.1560675986159318e-18,3.634247405575926e-05
0.8483761869098705,2.853389735522707e-11,0.1516238130615957
0.9996417453110985,1.1533630777745409e-15,0.00035825468890034266
3.455819192446555e-17,0.9999989579741762,1.0420258237269572e-06
0.9987929753622896,7.724572263864077e-13,0.0012070246369379263
7.881035013212441e-07,0.010351917920498669,0.9896472939759999
3.9602179442905614e-05,0.00010161653225091155,0.9998587812883062
4.3477371811882644e-08,0.6905578357455417,0.3094421207770865
4.5336675608457113e-07,0.01885537860459158,0.9811441680286523
1.833830181523652e-07,0.12236517375048529,0.8776346428664966
0.9999998496246347,1.2655973441377726e-25,1.50375365400839e-07
0.9928375109000226,2.3880440273569134e-14,0.007162489099953581
0.9999999898834199,1.4211971393386052e-27,1.011658007420089e-08
6.762309569239804e-05,0.00146020319737102,0.9984721737069366
0.0004358086485309676,8.136648692950038e-06,0.9995560547027761
0.99833672179844,2.5658979574999887e-15,0.001663278201557313
8.21293953679997e-07,0.039064431594002316,0.9609347471120439
0.9999999994508801,3.0135048394561763e-28,5.491198139402465e-10
2.9225829267739927e-24,0.9999999996257642,3.742356500069555e-10
2.5802746146017696e-06,0.07191580005631695,0.9280816196690684
0.9972836163057551,3.0097611164754874e-15,0.0027163836942418022
0.9999999609281718,1.8772271711543228e-24,3.907182814142958e-08
0.9999999964754471,1.7410868677688397e-28,3.5245527679739567e-09
0.999999766095793,8.434459489753831e-24,2.3390420702486268e-07
0.9999999542209276,1.1423502327687846e-25,4.57790724699051e-08
0.987728237323624,4.026393225475374e-12,0.01227176267234942
0.999954570376398,1.8397012206096693e-19,4.542962360201658e-05
0.0005973958833028715,1.5025003798522192e-05,0.9993875791128987
8.780512533843055e-06,0.0026253225918029988,0.9973658968956632
3.687712925953504e-15,0.999930788557093,6.921144290316733e-05
0.9999965341990625,2.227822623927725e-20,3.465800937485717e-06
1.6764641638363316e-24,0.9999999999413731,5.862689256859835e-11
0.0004051805198719528,3.828704743168171e-06,0.9995909907753849
0.0005382194690407668,0.0005682873219804108,0.9988934932089788
1.3944117502983176e-05,0.006749219695801765,0.9932368361866952
9.942300983145299e-07,0.01627945132010327,0.9837195544497984
0.9999999945757065,2.7707304075242314e-27,5.424293394292024e-09
0.00041233199040592073,5.227328983246493e-06,0.9995824406806109
1.5131334617528299e-06,0.006263221369224544,0.9937352654973137
1.2495471493924327e-05,0.002048435385319284,0.9979390691431869
3.027235028517862e-12,0.9973166726271794,0.0026833273697933536
0.9985979568456305,3.336412773273962e-15,0.0014020431543662543
0.999912008621863,2.371474326539714e-16,8.799137813688822e-05
0.9999996043591579,3.0633109915434175e-23,3.9564084202261467e-07
0.9999775880517101,1.2680541194334264e-17,2.241194828995458e-05
6.38651074194294e-11,0.9967487841734383,0.0032512157626965713
0.999999957531343,1.9326076587241437e-24,4.246865691768191e-08
0.0007608695666327832,1.1010676913737415e-07,0.9992390203265982
0.9999999146508016,1.5046082394379427e-26,8.534919831805429e-08
4.987670522654237e-22,0.99999999810225,1.8977500160629632e-09
0.9955793275233867,6.526084933307336e-15,0.0044206724766065845
0.9999635089448922,4.476791449424972e-18,3.649105510784569e-05
0.9988874846001135,3.703323821513936e-16,0.0011125153998861647
1.2048787459194337e-13,0.999637760864413,0.0003622391354663041
2.787211941866106e-20,0.99999992654059,7.345941001006908e-08
2.62551732075644e-23,0.9999999975231775,2.476822500156769e-09
4.1962945399108136e-07,0.1565169266182733,0.8434826537522727
0.99999999964887,1.135986887946575e-29,3.511301011382507e-10
0.010689638019816693,0.00017528984919257785,0.9891350721309907
3.134021320565841e-25,0.999999999792234,2.077660630144494e-10
0.12090956810639228,6.040312939673703e-08,0.8790903714904784
0.9999999992894462,1.9366432222183994e-28,7.10553839280408e-10
0.002503746075705675,3.088152799081805e-06,0.9974931657714952
3.232344748876642e-20,0.999999871598313,1.28401687070627e-07
2.184244760272438e-19,0.9999993260496497,6.739503503783345e-07
0.06433872319279164,2.994261478315235e-08,0.9356612468645936
7.192028030197043e-12,0.9976893154773493,0.002310684515458596
0.9999999921769805,7.169215511486722e-27,7.82301958808663e-09
0.975153241564484,2.2955842733447113e-12,0.024846758433220307
0.0004933685702729867,9.225908045259614e-05,0.9994143723492744
0.9999999370406083,1.422529327560524e-25,6.295939166683253e-08
0.0006367199528139641,4.9591119948568635e-05,0.9993136889272374
1.3823381163025737e-11,0.9953033864543571,0.004696613531819558
1.4516260691460112e-09,0.938740535748867,0.061259462799506934
2.1209433483016747e-11,0.993664750771361,0.0063352492074296605
1.7777378400687278e-19,0.999999912655471,8.734452916297077e-08
1.1955720877745505e-06,0.007114644547456488,0.9928841598804558
1.143866940390189e-15,0.9999744383317497,2.5561668249179453e-05
0.000577702555891367,0.00014134332648255076,0.9992809541176261
2.2438652358678606e-11,0.9946969821224261,0.005303017855135321
2.942790448238676e-11,0.9012551043559314,0.09874489561464064
0.9999999911530396,2.659093815539183e-26,8.846960321033858e-09
8.769882762296839e-16,0.9999959418485317,4.05815146748138e-06
2.138222160712109e-11,0.9990510967825939,0.000948903196023954
3.525026182102257e-21,0.9999999890441228,1.0955877274582352e-08
6.65079883813439e-08,0.04218350228831993,0.9578164312036918
2.0785636775376105e-16,0.9999994280265768,5.719734230742115e-07
0.9999794247127485,6.145367775484878e-20,2.057528725144228e-05
0.0004594945210987806,1.4626846686610104e-06,0.9995390427942327
8.127343438849035e-20,0.9999999817788164,1.822118345739877e-08
0.9999989154625182,3.3239202885963587e-23,1.0845374818337897e-06
2.6774655645839307e-27,0.9999999999993592,6.408655236681824e-13
0.0002449736398693476,6.095904832366004e-06,0.9997489304552983
0.002206648672038965,1.6988619677728284e-07,0.9977931814417642
3.234995668583706e-27,0.9999999999980735,1.9264237624568815e-12
1.0170200291556321e-11,0.9825965279186223,0.01740347207120738
1.998738568570568e-22,0.9999999963811468,3.6188531797157223e-09
6.055632825882231e-11,0.9888751907104302,0.0111248092290135
6.835705691294927e-05,6.407788664548754e-05,0.9998675650564416
0.9999999924519981,4.878129495774897e-25,7.54800192028594e-09
1.427558084182932e-11,0.9991888598823895,0.0008111401033349412
0.9999999346263373,6.54513808210919e-24,6.537366261828087e-08
0.949498372699105,2.3450465014668117e-12,0.050501627298550025
0.9999693315880375,7.262143923847592e-20,3.0668411962646205e-05
3.417548024427065e-25,0.999999999961956,3.80439554962553e-11
0.9999999980943428,3.6059260744696794e-28,1.9056572222773873e-09
4.1472332074988224e-23,0.9999999995964801,4.0351982103167366e-10
0.9999538954498213,1.043805937055458e-18,4.6104550178663144e-05
6.535239852259049e-18,0.9999993003746163,6.996253838652552e-07
6.820192637564726e-05,0.0007829458557309248,0.9991488522178934
2.0671731715438007e-25,0.9999999999719587,2.8041431495766183e-11
0.0005627255474926921,0.00012581220993302872,0.9993114622425743
1.5653198891332175e-11,0.9963985504902235,0.0036014494941231084
0.9999999972997768,4.247503929494842e-29,2.7002232057162773e-09
2.733855509810084e-20,0.9999999127586275,8.72413725575334e-08
9.036323051169975e-05,0.0026314728327157485,0.9972781639367726
3.9154591795535535e-10,0.7639471948061202,0.23605280480233382
5.882297191735176e-05,0.00022650565671277043,0.9997146713713698
0.00020191909139158986,3.6826002232497535e-05,0.9997612549063758
0.999999964416911,3.2011946053393e-27,3.55830890206804e-08
8.36722389671853e-07,0.25358350482558517,0.7464156584520251
6.603319534077477e-10,0.9598333777369057,0.040166621602762284
0.9998042896406589,4.252160546462634e-15,0.00019571035933684997
0.9999999435698644,1.2150968433364542e-24,5.643013562279423e-08
0.00020380668739936573,0.00017849864447738937,0.9996176946681233
0.4630453208685454,1.8240340881493223e-10,0.5369546789490511
0.7994076014228622,1.6269361927721455e-10,0.2005923984144443
1.1347875913594163e-07,0.10713764410140823,0.8928622424198326
1.0357636352062227e-05,0.0457335250028495,0.9542561173607985
8.760826593110045e-14,0.9998683379105172,0.0001316620893950138
1.8126987353443958e-12,0.9976691502946402,0.0023308497035471583
0.0009490401752760462,3.7101955924398184e-07,0.9990505888051646
0.48856530717020075,7.944320341480984e-10,0.5114346920353673
0.9999999669562469,4.430717026477371e-26,3.304375305804699e-08
4.2995677047473575e-06,0.00522672772568737,0.9947689727066079
0.9999996011650559,2.1384583044751346e-22,3.9883494405167787e-07
0.999999999962905,3.867495258983565e-31,3.709510030387663e-11
1.997147376341889e-27,0.9999999999989839,1.0159867166418855e-12
1.9397781488480005e-14,0.9999451741187508,5.4825881229765264e-05
1.8662081931634852e-15,0.9999959938743055,4.006125692790143e-06
1.9762187057465728e-08,0.5364953658338742,0.4635046144039387
6.13711376288257e-05,0.00827900124346419,0.9916596276189069
4.774797984229069e-08,0.5605791761891368,0.4394207760628835
0.000870866143912509,7.887901019598835e-07,0.9991283450659856
2.438413567634443e-07,0.4306843067078314,0.5693154494508118
1.4692466875537922e-06,0.1341498696816847,0.8658486610716278
0.00030254771692469633,0.0002492143835505467,0.9994482378995247
0.0036156596531096022,4.1017070653158275e-05,0.9963433232762372
0.9999999995607143,2.3049089493431353e-30,4.3928561375426057e-10
0.9999967954766659,3.5830320682362334e-20,3.20452333413174e-06
0.999999957375499,1.361886534396817e-25,4.262450092418771e-08
6.733648330254762e-12,0.998801707283327,0.0011982927099395606
8.672733084893173e-16,0.9999682498487757,3.175015122347491e-05
3.599433508544526e-05,0.00011460230792695403,0.9998494033569877
3.489134228344513e-09,0.7919400137088098,0.20805998280205604
6.887326418086744e-22,0.9999999996579607,3.4203924553206215e-10
1.280479710550953e-27,0.9999999999997449,2.5514461630232183e-13
0.9624454557753132,3.859867958807879e-12,0.03755454422082685
8.40522040183519e-12,0.9977080496674283,0.0022919503241664784
0.001479175606264023,3.216473934634834e-06,0.9985176079198013
0.9986570351209327,4.1518861903285515e-15,0.0013429648790631013
0.9866598457182509,1.9749791848521998e-12,0.01334015427977394
0.940808751209595,2.1316531503335724e-11,0.059191248769088614
0.00018725833573748072,1.59729471490392e-07,0.9998125819347911
3.390046263932555e-23,0.9999999940651945,5.934805413825207e-09
3.320862038737025e-06,0.06804662566239315,0.931950053475568
5.3460281293916046e-12,0.9914263516606634,0.008573648333990422
3.833101734146748e-06,0.30780855950628355,0.6921876073919823
0.9999939497498859,8.816485288124398e-21,6.050250114206306e-06
5.3906677985111213e-17,0.999999529616007,4.7038399301728327e-07
0.9995716185383371,8.258228825927827e-15,0.00042838146165461463
0.9999999986668036,1.547866395669619e-28,1.3331963865204298e-09
5.600418599586533e-20,0.999999980495302,1.9504697925253807e-08
0.8626527942366677,4.019307243290728e-11,0.13734720572313913
0.9995142419255468,6.002177992954383e-15,0.00048575807444714846
3.723503737093868e-15,0.9999896739458365,1.0326054159649058e-05
2.571667738918946e-06,0.12329491120766436,0.8767025171245968
0.000319144506894194,3.308393021098107e-06,0.9996775471000846
0.9996763054648686,1.6385939464112363e-16,0.00032369453513119177
4.1692892679987987e-11,0.9749432201404008,0.025056779817906407
5.203486205044193e-05,9.814365237991951e-07,0.9999469837014258
0.9999975425577569,2.3860092457474396e-20,2.457442243206103e-06
0.9987054387797801,4.784713401400917e-14,0.0012945612201720712
1.3914388016880674e-16,0.9999985036410024,1.4963589974499011e-06
0.9960562833701078,4.321797738544405e-14,0.003943716629849163
0.00727646231620693,5.976803382150722e-08,0.9927234779157592
5.572762197649855e-13,0.9946541331478633,0.005345866851579393
2.0545233052946943e-06,0.0015453127950877438,0.998452632681607
0.999929883743294,4.1527919926030786e-17,7.011625670607886e-05
0.001062461311900451,5.377907925181956e-05,0.9988837596088477
3.6730318766896217e-13,0.9993834680193374,0.000616531980295291
0.9999873006622482,6.94844429380461e-18,1.269933775174251e-05
2.884794005065731e-10,0.8989770021285255,0.10102299758299496
9.141500283493517e-05,0.000124936391398997,0.9997836486057661
3.4628939526799686e-14,0.9998424347389163,0.00015756526104905742
1.7130604545934777e-05,0.00040119261756402014,0.9995816767778901
0.999993552748078,8.484898639843902e-20,6.4472519219184536e-06
1.64153836302532e-17,0.9999988669761809,1.1330238190290497e-06
0.9999999999160811,2.342160992488579e-30,8.391877899791255e-11
3.570823844718612e-19,0.9999992898220958,7.101779041818496e-07
4.431829384546658e-13,0.996623261604925,0.003376738394631866
0.9999999976661225,2.6240311508367544e-27,2.3338774863472527e-09
0.9024174840600829,4.6727462569566195e-11,0.09758251589318971
2.3522970496936472e-05,0.004353006955081923,0.9956234700744212
0.9934569570229447,3.727605235915971e-14,0.00654304297701808
0.0010931403473609994,3.9738165104062527e-07,0.998906462270988
6.707552250883084e-18,0.9999991025595611,8.974404388044534e-07
2.068808537989164e-11,0.9985763697630253,0.001423630216286605
1.6298055267819535e-23,0.9999999997563234,2.4367659770653327e-10
5.014950486617136e-05,0.00013456333312399216,0.9998152871620098
0.04003688658767441,6.555326552323753e-07,0.9599624578796703
0.9995399100380141,1.2890825660915097e-15,0.000460089961984505
5.584640845544641e-15,0.9999958895569547,4.110443039805733e-06
5.712536475725135e-19,0.9999998891625067,1.1083749337791163e-07
2.4759087284297955e-12,0.9934838860491546,0.006516113948369342
6.9105339423259745e-19,0.9999999462140496,5.3785950251390266e-08
0.9999999999811591,3.504349418559215e-31,1.884098230517548e-11
8.782094868324354e-07,0.018622787162832114,0.9813763346276809
0.0019156535475621582,9.246650902501839e-07,0.9980834217873477
1.7344120725912566e-12,0.9995896982039483,0.0004103017943173961
8.631704959447962e-06,0.0036037373654130922,0.9963876309296276
7.164003766264545e-07,0.018106631624754396,0.981892651974869
0.9944647013772747,2.409273632598302e-14,0.0055352986227012735
0.9983762946307284,3.0811105555059364e-14,0.001623705369240665
1.2613303661001733e-19,0.9999999848982422,1.5101757756250236e-08
7.154728646768563e-22,0.9999999938671238,6.1328761183064835e-09
0.9999611330159559,3.470271054037458e-17,3.886698404406262e-05
0.9986523823386733,3.1542744571060106e-13,0.0013476176610115115
0.999999999651844,2.4846993946497395e-30,3.4815584081681753e-10
0.9999999520539394,1.9588518852385503e-26,4.7946060622479885e-08
0.9999992614946955,9.58659870977526e-22,7.38505304363841e-07
0.9999818019778267,2.117256623684107e-18,1.819802217344119e-05
9.709414420020757e-20,0.9999999680463755,3.195362457845171e-08
0.9999999988675241,1.2249862330731881e-28,1.1324759768263672e-09
4.162782070225413e-10,0.9803679608099729,0.01963203877374891
8.095594323045772e-06,0.032021073691450096,0.9679708307142268
1.6416919289228494e-06,0.005802205659887217,0.9941961526481838
0.0009219634984590566,2.363291551306545e-07,0.9990778001723857
1.0854971320737772e-06,0.6774468656942597,0.32255204880860827
0.9997184030459407,2.425350152705081e-16,0.00028159695405894985
4.907855120690758e-22,0.9999999962424566,3.757543308921414e-09
4.081957261116016e-16,0.9999925704896038,7.429510395891759e-06
0.9999980526647614,5.928360374727544e-22,1.9473352385810334e-06
1.7761161490816894e-10,0.997594700244325,0.002405299578063381
5.8196450620966795e-25,0.9999999999408589,5.914106323482063e-11
0.00016977157713799675,8.093132858144931e-05,0.9997492970942806
0.026986247714579543,3.504311731680325e-08,0.9730137172423032
0.021965679578615203,7.801375836029104e-06,0.9780265190455488
0.9999999869956917,2.2974884863974934e-24,1.3004308272488276e-08
9.239484425207313e-09,0.6898660912802917,0.3101338994802237
0.00011577771491589122,2.5469094364672607e-05,0.9998587531907195
1.1459035269575637e-06,0.0530517836008948,0.9469470704955782
0.9999992014330434,7.113889799756297e-22,7.985669565578818e-07
3.786500880384578e-27,0.9999999999921494,7.850541594450288e-12
0.9996265500233948,4.784069062098274e-16,0.00037344997660476584
3.805780362483133e-06,0.02176954308135147,0.9782266511382861
0.9950912800801536,1.1522855034714264e-12,0.004908719918694175
0.027761889897489518,8.625284693416206e-07,0.9722372475740411
0.003988565323101248,2.8072914714712238e-06,0.9960086273854274
0.9976265838015135,2.4823402843810124e-14,0.0023734161984617615
1.1389065641254802e-18,0.9999997322810974,2.677189025785101e-07
0.9968081378811263,2.5454113421270113e-14,0.0031918621188481134
0.00667245977993164,6.454052193196783e-08,0.9933274756795465
0.02026689332798713,2.504436614231784e-07,0.9797328562283516
9.333837541759157e-17,0.9999993512257012,6.487742988170682e-07
8.087924565512493e-14,0.9997268444513233,0.0002731555485958174
0.9999999998401485,6.017598129619446e-30,1.598514616939433e-10
2.432671253884661e-05,0.021880583498535375,0.9780950897889259
0.00016959218568120165,0.000532292694128968,0.9992981151201898
0.9999709857968941,1.0691706338790464e-19,2.901420310591829e-05
0.0001830892056087824,0.00011895103089437913,0.9996979597634968
9.985930067759618e-06,0.0006829322041776855,0.9993070818657546
0.9999127709992819,2.0168137947868098e-15,8.722900071605824e-05
0.002539066308000332,3.5184830902024063e-06,0.9974574152089094
0.0013519675386261631,1.1360179044157814e-05,0.9986366722823298
8.250564642570254e-05,3.594233629981631e-05,0.9998815520172745
0.9989589741520029,5.176650156602479e-16,0.0010410258479967615
5.140395643396036e-14,0.9991890543481533,0.0008109456517951404
1.82189233588983e-09,0.9850803845154015,0.014919613662706267
3.074765308229859e-06,0.017456189565751606,0.9825407356689403
0.9998385144327295,6.383101043034002e-18,0.00016148556727042828
0.9999996337682595,2.281652897524527e-23,3.6623174040552976e-07
2.3774044697363584e-09,0.7122683675777981,0.2877316300447973
0.0006398346596079487,2.892118376249079e-05,0.9993312441566296
3.368198650329124e-09,0.8326689211409259,0.1673310754908756
0.9999230577776936,7.012238440381095e-18,7.694222230640679e-05
0.9999999640474646,1.0225106057561042e-26,3.595253533359233e-08
0.9955050793054273,2.448664969331959e-15,0.004494920694570321
0.02736392436073115,1.6764367501357063e-07,0.9726359079955937
0.9999999724189773,3.194962131641586e-25,2.7581022747752243e-08
9.838381816528172e-21,0.9999999460441118,5.3955888240032925e-08
0.9999982312348697,3.9180287938042745e-20,1.768765130208455e-06
4.162964667550915e-14,0.9999183408632769,8.165913668155503e-05
4.062942374375429e-28,0.9999999999995732,4.2683588803858084e-13
0.9877314305658368,8.663236187987277e-13,0.012268569433296923
1.6297892397804247e-06,0.05519991520718728,0.944798455003573
0.9999999885117893,2.448767977642434e-24,1.1488210804984234e-08
6.458510178661395e-27,0.9999999999955786,4.421260314801623e-12
5.800880575650724e-06,0.0011747224159908921,0.9988194767034335
0.9999999719326728,3.0886714076674945e-26,2.8067327238587394e-08
4.7423783504833173e-26,0.9999999999617302,3.826974137793415e-11
0.9999999999393552,7.151442895619413e-31,6.064479153360936e-11
0.9999942306189947,7.120832899288078e-22,5.769381005152357e-06
3.4696323883953445e-06,0.049537336214844865,0.9504591941527668
4.348929746180308e-05,0.00015184496739571257,0.9998046657351426
0.9994623814757342,9.709683025542026e-16,0.0005376185242649138
3.680380911660754e-10,0.93270425557533,0.06729574405663175
2.333561522221292e-08,0.7127705076563402,0.2872294690080446
0.9999999999928375,8.138764636947586e-32,7.1624321944782886e-12
0.9999999775566059,5.998485376161413e-27,2.244339410375764e-08
2.137711512942025e-09,0.9480040059155008,0.05199599194678769
0.9999999999491509,3.0355180447463323e-30,5.084904877319428e-11
4.53760358536701e-16,0.9999749401808116,2.5059819188104275e-05
0.020960706261738613,3.481051391850674e-08,0.9790392589277475
0.9999999998161351,1.6188820703446516e-30,1.8386483183486675e-10
2.49109725599286e-09,0.8827999749312592,0.11720002257764371
0.0008083891712420161,0.00015354885673647084,0.9990380619720215
6.992102462629706e-08,0.4792740322045327,0.5207258978744427
4.3990010691916904e-08,0.7553649899725144,0.24463496603747492
0.00020838423041232262,8.47088523665438e-06,0.999783144884351
0.969897685796892,3.737543704100105e-13,0.030102314202734466
5.51249414725667e-05,0.00011184353697447138,0.999833031521553
3.204448554228183e-06,0.001756266862370409,0.9982405286890753
0.9999981497901071,1.2000137459693697e-20,1.8502098928179606e-06
2.975330096899219e-15,0.9999087579168716,9.124208312550085e-05
3.126180350597584e-05,0.03091508308520895,0.969053655111285
3.2542165606555336e-15,0.9999895068280634,1.0493171933156771e-05
0.9999999998418863,1.5407432733500616e-30,1.5811378942639805e-10
1.783708070037795e-09,0.9520789063143942,0.04792109190189794
8.187134110272892e-08,0.4376791793757375,0.5623207387529214
1.2019053237597485e-05,0.0035345408596413005,0.996453440087121
1.6629140394221318e-06,0.383087983343839,0.6169103537421216
3.685396688222685e-20,0.999999992150325,7.849675077818942e-09
0.02172578315211536,1.6277485423612195e-07,0.9782740540730304
2.443702953310171e-07,0.18089999976084842,0.8190997558688562
4.297971067332725e-12,0.9991084081771153,0.0008915918185867023
4.31923885651483e-06,0.03808630393501683,0.9619093768261268
3.2737865798515517e-13,0.9998787056405911,0.00012129435908153283
1.943306783501308e-17,0.999996443733666,3.5562663340238e-06
0.9999993620608936,2.2612139610485834e-22,6.37939106409394e-07
0.999999997746684,2.6537731254879323e-28,2.2533159238733798e-09
0.9999999937450146,5.757986426866926e-27,6.254985286300628e-09
0.0012370954754117756,0.000283918101705818,0.9984789864228824
1.8216134172677012e-26,0.999999999986944,1.3055976653066732e-11
0.9184368217160247,1.2644245002112067e-11,0.08156317827133092
1.0371409892908031e-11,0.9967917561143528,0.0032082438752757546
1.4378158095701319e-15,0.9999944672940061,5.532705992442107e-06
0.999993413605337,8.157118935258903e-21,6.586394662900602e-06
0.9999658578029608,3.577126106206029e-17,3.414219703928467e-05
0.9986935272731606,5.146952796814025e-15,0.001306472726834426
0.9997781139169478,2.4253150574700697e-17,0.00022188608305212832
0.015192599099690179,4.6648086311621275e-07,0.9848069344194468
0.0002647350244597986,2.9612046078510857e-05,0.9997056529294617
0.9999483868601909,1.7208092351907322e-17,5.161313980904846e-05
0.00016469778888327508,9.02135720921375e-06,0.9998262808539076
1.7390223260258723e-22,0.999999999673167,3.268329766289838e-10
9.867817391655196e-12,0.9967623004488056,0.0032376995413265198
0.99999965972662,6.892918794678202e-21,3.402733800049629e-07
0.9998852585421976,2.999481683944205e-17,0.00011474145780240845
1.0394103930800383e-18,0.9999998399721327,1.6002786742370343e-07
2.935429363027911e-11,0.9964035751421246,0.003596424828521152
2.659367788671006e-21,0.9999999970532405,2.946759584812317e-09
1.6815782398795734e-18,0.999999368317843,6.316821569323974e-07
1.8054414373397534e-06,0.005998572213056449,0.9939996223455062
0.99818580289131,1.2189166025435867e-15,0.001814197108688846
0.9999951853477911,5.1915894556368e-21,4.81465220892604e-06
0.9979467904452227,4.1417799759992446e-13,0.002053209554363166
0.737885217293394,7.123345383545318e-10,0.26211478199427146
3.608890693532738e-06,0.09940509617544825,0.9005912949338583
3.664378925290483e-14,0.9987391992162821,0.0012608007836813495
0.030990633618355405,5.242823650995932e-07,0.9690088420992795
0.9434033608915663,1.1864869559704832e-12,0.05659663910724726
1.5204741422916378e-09,0.9330246058889236,0.06697539259060234
4.709956509188445e-09,0.7904846982831669,0.20951529700687674
7.129098950411697e-07,0.15622493934880388,0.843774347741301
2.5630680276158438e-14,0.997030963530443,0.0029690364695313175
0.9999986904045843,1.0675614478552671e-22,1.3095954157458175e-06
7.6929063068192e-13,0.9923618657696492,0.007638134229581523
0.00010895140240353109,4.75770645174887e-05,0.9998434715330791
0.9999922349883826,1.493829173010457e-19,7.765011617288626e-06
0.9999991773573433,1.252293828667347e-24,8.226426567656661e-07
1.4412308767405383e-12,0.9980380017850358,0.0019619982135230785
9.458456662146938e-22,0.9999999934464647,6.553535251077544e-09
0.9983715088319217,8.019637598960235e-16,0.0016284911680774
1.4568637879272717e-09,0.9819507138791445,0.01804928466399172
0.9999998835527018,3.320053178492512e-26,1.1644729828105634e-07
0.008687223024172214,4.6367348503142414e-08,0.9913127306084794
9.345594647186772e-05,0.0007152406410857723,0.9991913034124424
9.964392577971589e-05,2.109393918910338e-05,0.9998792621350312
1.3359410212656054e-06,0.003581490288685427,0.9964171737702934
5.466848309859321e-06,0.06278495333014086,0.9372095798215493
2.99493125510019e-13,0.9997811729768218,0.00021882702287868096
0.9999999981889884,7.803750648000413e-27,1.8110114693089755e-09
2.3454985124622354e-07,0.3692550093556321,0.6307447560945166
8.891683001259975e-06,0.0009569233226650077,0.9990341849943336
0.08922714876316988,5.070758090065427e-08,0.9107728005292494
0.9988230438296652,4.30575827497484e-15,0.0011769561703306865
5.104823837672064e-05,0.004509538337129457,0.9954394134244939
1.8283561031344802e-05,0.02304139765521035,0.9769403187837582
1.2616367906834175e-06,0.18673635733480104,0.8132623810284082
2.589229605771912e-17,0.9999968791561752,3.1208438247252016e-06
1.501044466787528e-06,0.0304032282153349,0.9695952707401984
0.9999999045799517,2.6662955639139294e-24,9.54200483300302e-08
0.9999511590849874,2.5110705788789313e-18,4.884091501267704e-05
7.777375372148705e-10,0.965933304288106,0.03406669493415645
2.2790464508453957e-13,0.9984135629851932,0.001586437014578894
9.616318421228595e-13,0.9991720944408403,0.0008279055581982266
0.9999997909518858,2.879807976386133e-22,2.0904811427198564e-07
0.9999999997465296,7.192662830175683e-29,2.534703976183907e-10
1.8867375258304593e-11,0.9946146952677908,0.00538530471334201
8.268695131241811e-05,5.406325712105527e-05,0.9998632497915664
1.734060529271792e-16,0.9999980734402573,1.9265597424482238e-06
0.003020034055454727,1.230131549999739e-06,0.9969787358129952
0.001118035359779673,3.6360822783275985e-07,0.9988816010319924
0.02359744353245611,1.372156800898892e-06,0.976401184310743
1.6061329854828253e-05,0.00034113177142239325,0.9996428068987226
4.2230926046483376e-16,0.9999598315069671,4.016849303247859e-05
2.7773970502132953e-19,0.9999994268841085,5.73115891504372e-07
0.005507856927228352,1.0420659300469554e-08,0.9944921326521123
0.011018282264122955,4.024783059488453e-05,0.9889414699052822
9.641880918690864e-18,0.9999985694060658,1.430593934170381e-06
0.15243953017389242,5.060492346309294e-08,0.8475604192211842
0.999999899613493,2.7247329613723937e-24,1.0038650700433834e-07
1.7646783974217288e-05,0.07850605753148206,0.9214762956845437
1.450303103660091e-16,0.9999984388326787,1.561167321035596e-06
8.014592290875494e-06,0.003133951978953244,0.9968580334287559
0.9987814761927275,6.814806299332004e-15,0.0012185238072657274
3.672162022379267e-18,0.9999992763846999,7.236153000841443e-07
0.9999999975733176,1.7832911140343532e-25,2.426682327866111e-09
0.03174224988080368,7.761780113145039e-08,0.9682576725013953
7.98184630246801e-11,0.9949664344879254,0.005033565432256111
3.2322448322694494e-11,0.9656616963772666,0.03433830359041084
1.1933884901610772e-16,0.9999939341702038,6.065829796130866e-06
3.5348805890770658e-12,0.9981239283307247,0.0018760716657404142
0.10881187073958871,4.487357097650654e-08,0.8911880843868403
0.00014416261705060078,0.0010568727091500698,0.9987989646737992
0.9849836360950622,6.2976927847888065e-12,0.015016363898639999
0.19400967423105336,5.332164120123234e-09,0.8059903204367825
2.956692454755399e-19,0.9999998384162289,1.615837711605277e-07
0.999999679659453,1.884726775882647e-24,3.203405469801926e-07
1.1780978876973823e-23,0.9999999999135549,8.644498638634423e-11
1.7773973204367914e-05,0.009798290236610156,0.9901839357901855
1.4502242606138598e-09,0.9755345952782752,0.02446540327150054
2.2046110181992533e-05,0.017885742586617143,0.9820922113032008
4.650683006350773e-13,0.999521876111835,0.0004781238877000475
0.9909584432122363,1.5025235375708957e-13,0.009041556787613389
1.3504601449821223e-05,1.1808950541797372e-05,0.9999746864480084
0.0032379815808835583,2.8415365954669396e-07,0.9967617342654568
2.4334932747263027e-22,0.9999999960298833,3.9701166895613365e-09
1.4826536437448859e-08,0.7702319184413269,0.22976806673213668
0.0010627604679299967,5.05467445808764e-06,0.9989321848576119
0.003241483840843371,1.3641793108757039e-06,0.9967571519798457
4.647163257639846e-06,0.007550379938944642,0.9924449728977977
9.45488814577979e-12,0.9927005559223986,0.007299444068146579
0.9999999374868408,3.6039555570653666e-27,6.251315913084689e-08
0.9981476007755252,2.351251483533396e-15,0.0018523992244723342
3.5337430157594853e-06,0.002553495542570422,0.9974429707144138
0.9999999885344241,7.607487414885526e-25,1.1465576007092793e-08
2.5037596837708737e-06,0.011084476646882944,0.9889130195934333
0.999999936857366,7.109594776669369e-25,6.314263402689715e-08
0.9999999371172579,1.7426957694954275e-24,6.288274220734166e-08
0.1521746262880579,8.69988769137201e-08,0.8478252867130652
3.118413006836376e-26,0.9999999999912175,8.782451906725296e-12
2.4716811469930278e-05,0.0006401413980899107,0.99933514179044
2.5036189097763327e-06,0.000979979272595115,0.9990175171084951
6.239211263059551e-07,0.08636665110794564,0.9136327249709281
0.9988079470773052,2.423523696146405e-14,0.0011920529226706756
0.0012523437244671292,4.146178458989445e-08,0.9987476148137482
0.002688015270090179,2.508181575985003e-07,0.9973117339117522
5.251799487148344e-10,0.9672611762233299,0.0327388232514903
0.9998760912840706,3.3941357277654895e-18,0.00012390871592931588
3.0250805679557818e-06,0.00017836870392004526,0.999818606215512
0.0009433330116775239,3.4059088404061923e-06,0.9990532610794821
5.071792002376734e-09,0.9122558185830429,0.08774417634516508
0.9999999979188894,9.090078257222261e-28,2.0811105868973005e-09
0.0013678675648922463,0.00023679031714759114,0.9983953421179601
0.04007494374503205,1.176583245983879e-06,0.959923879671722
0.04020493987281727,9.943714397343452e-07,0.959794065755743
3.0358341089967234e-06,0.059271676648339884,0.9407252875175512
5.84682756559567e-17,0.999996735064734,3.2649352659838857e-06
0.900289918911063,8.095138376853652e-12,0.09971008108084187
2.7011489503681918e-20,0.9999998915203194,1.0847968054940144e-07
2.1532493382929323e-19,0.9999999847865533,1.5213446725856267e-08
1.9043869055308395e-06,0.07690737403699104,0.9230907215761035
2.1490962852185957e-10,0.7501166137991386,0.24988338598595164
0.0013460554594823565,5.9471070438265653e-05,0.9985944734700793
0.9999997592567309,9.259683522696868e-23,2.407432691253875e-07
9.803791667243565e-08,0.7586542935987197,0.24134560836336372
2.797480103789979e-17,0.9999994812331847,5.18766815187926e-07
0.0001576853219164219,0.0038977400037314884,0.9959445746743522
0.9999988309603816,3.396795279938852e-21,1.1690396183963918e-06
0.9999999998183211,3.871281577724706e-30,1.8167889139701417e-10
8.395483551075472e-18,0.9999995673860387,4.326139613013068e-07
0.9999933799111096,3.016743374379271e-21,6.620088890356539e-06
4.5168606352417935e-06,0.012645096067233758,0.9873503870721311
0.0003030590816793693,5.358794824823919e-07,0.999696405038838
1.1944302761311733e-06,0.03144855384973938,0.9685502517199844
0.9999925585679944,3.448080833726877e-19,7.441432005671295e-06
1.193978531145313e-16,0.9999917919754387,8.208024561073302e-06
0.9999999689366793,9.339567854881857e-26,3.106332062165655e-08
0.999529835770178,9.675082619357414e-15,0.00047016422981219246
8.316312534107435e-06,0.0016262181762960613,0.9983654655111699
0.9999912254038537,2.7320201809094822e-18,8.77459614634333e-06
5.255949810308853e-17,0.9999970067638222,2.9932361777277354e-06
4.0099307191513527e-13,0.999720366493854,0.00027963350574506713
0.9999993991229403,3.569966923598082e-23,6.00877059564498e-07
8.685044191045885e-06,3.7565264229743375e-05,0.9999537496915791
8.870693871129254e-11,0.9007736763499661,0.0992263235613269
0.9995080004554013,1.806757618450108e-15,0.0004919995445969181
0.9990930310247591,1.5636773506444656e-13,0.0009069689750845263
4.995725112413543e-07,0.2056923090122214,0.7943071914152673
0.0006062564008338632,2.369546528706679e-07,0.9993935066445133
7.3041439318103635e-06,0.0722639976595826,0.9277286981964856
0.9995654128824212,5.80535601011161e-16,0.0004345871175782744
7.557559772906477e-13,0.9989830633192325,0.001016936680011726
0.9992166198943347,2.0446971079375843e-15,0.0007833801056632877
7.731521918093718e-05,0.00018316098430297317,0.9997395237965162
0.9999998750004929,4.8147227683263087e-26,1.2499950708422332e-07
0.01098292026090303,1.7625730527064904e-06,0.9890153171660442
4.076191783300974e-17,0.9999993278668345,6.721331654416797e-07
0.9947835059708667,1.3088784528525553e-14,0.005216494029120226
2.5816597013377053e-06,0.0039018865284602537,0.9960955318118384
0.9999570020677402,2.0567011413126044e-17,4.29979322598208e-05
0.002817928562364641,6.531606934134464e-06,0.9971755398307013
1.160760881805666e-20,0.9999999784599716,2.1540028451688345e-08
7.227076876495859e-05,0.0023569756241493905,0.9975707536070857
2.4347491674470123e-15,0.9999910521201318,8.947879865667322e-06
0.00198150190382399,2.154952099051102e-06,0.998016343144077
0.005433747027145274,6.65629508270176e-06,0.994559596677772
0.9999999194100437,6.215603240632714e-26,8.058995622398289e-08
0.9986486243087331,6.019107414633683e-15,0.001351375691260769
2.8300456316111867e-05,0.00030812951641320417,0.9996635700272708
5.424357817261311e-26,0.9999999999922948,7.705171262186502e-12
0.005256850525708463,3.442920044790674e-06,0.9947397065542467
3.544074695007371e-24,0.9999999999161973,8.380265123156613e-11
0.9999998171036136,1.9240374552251036e-25,1.8289638642778342e-07
0.9980890497026877,4.6432822623872635e-14,0.0019109502972657485
0.9999349330947154,1.0381736776180023e-16,6.506690528461598e-05
0.01773967878184713,1.4039005653630384e-06,0.9822589173175876
5.588836529880633e-07,0.4353472814061732,0.5646521597101739
0.9999942720651519,1.806860946462356e-22,5.727934848014198e-06
0.9920300191677729,4.132677303125341e-13,0.007969980831813921
0.9999999957760961,1.298517298499538e-27,4.223903848688836e-09
0.9999900559188541,4.186882578355416e-20,9.944081145835582e-06
0.0028419187229543645,3.0040735006574485e-06,0.9971550772035451
0.9828945098508047,5.855822308595059e-13,0.017105490148609733
5.474838681503415e-06,0.009655741642362667,0.9903387835189559
0.9999979484906499,3.8134697469202536e-21,2.0515093500027363e-06
9.651489769103401e-10,0.9764183701474031,0.023581628887448074
0.9998283757133664,2.1093850193288992e-18,0.00017162428663365994
0.9996421305844274,3.4022932822659526e-15,0.00035786941556916634
5.44102653403212e-12,0.9956724202627776,0.004327579731781418
1.0368790432689714e-05,0.002148442438443607,0.9978411887711237
0.9999984639186147,1.2761368606677744e-21,1.536081385419659e-06
0.00010099462984239286,0.00012559523095427813,0.9997734101392033
0.9995790149536391,4.200207866284984e-16,0.0004209850463606106
0.9999459130971452,5.69953479399681e-19,5.4086902854686884e-05
0.0003406750379769851,8.154326994079927e-06,0.999651170635029
0.9999918088066092,9.755746209177959e-19,8.191193390824274e-06
0.9999999342600666,2.3140359529262274e-23,6.573993333751818e-08
0.0009973388546382356,1.3637879814576354e-05,0.9989890232655472
4.517475918627661e-19,0.9999995645835427,4.354164574473871e-07
1.389394327365822e-14,0.9999654952985549,3.450470143115938e-05
8.250539107829873e-26,0.9999999998970219,1.0297811177952824e-10
0.9999999992508473,1.9522353214389505e-29,7.491526823652751e-10
0.9997333634386995,4.7698987658126334e-18,0.00026663656130066605
0.01927939004950043,5.242977756919059e-08,0.980720557520722
0.9999987681518177,2.2698602893219253e-20,1.231848182343274e-06
0.9999999954471992,5.8178357848766425e-27,4.552800721939873e-09
8.965941249340747e-19,0.9999997537219858,2.462780142680554e-07
0.9999999891270269,1.4573053516810849e-24,1.087297304333105e-08
2.856177309837439e-22,0.9999999986875516,1.3124483902082266e-09
0.9999999570436967,2.1390653554182313e-25,4.2956303400674706e-08
0.007405732717327539,4.848738183828798e-08,0.9925942187952906
1.2138374377888504e-05,0.006525130217572003,0.9934627314080502
1.3887873871915371e-05,0.05925548597868834,0.9407306261474397
3.831609857719017e-05,0.02550358489880306,0.9744580990026198
0.9999522710028472,3.27801683534976e-18,4.772899715274698e-05
2.709427984545999e-07,0.1782956185578247,0.821704110499377
0.0005697290397847242,2.2759729428737972e-05,0.9994075112307864
1.2416780555946977e-07,0.005603431180089116,0.9943964446521052
4.664219246896954e-20,0.9999999933300208,6.669979231971589e-09
2.570790234910403e-05,0.00010024274453806626,0.9998740493531129
0.9999999999308931,1.6317801175993236e-30,6.910698006500638e-11
1.3606297693010339e-08,0.7166246534061507,0.2833753329875517
0.0010217118398738803,4.91981575530693e-08,0.9989782389619685
0.9988136809807378,1.3308186226599176e-13,0.0011863190191292415
0.0009075989371925014,8.36168540381496e-06,0.9990840393774036
6.045117396918376e-05,1.281471282146325e-05,0.9999267341132093
0.9999998401630852,4.853460656188534e-25,1.5983691489150412e-07
0.020203601874400096,7.643676061415406e-08,0.9797963216888393
3.596795389931734e-13,0.9995758462982884,0.00042415370135180907
1.9726320892189104e-27,0.9999999999987177,1.282315968917177e-12
1.2364856197651856e-06,0.10828263586999606,0.8917161276443841
0.9999999979617253,6.373187506823119e-29,2.0382746834728305e-09
0.9999983537913635,8.235924714786782e-20,1.6462086366425766e-06
0.9999999952434853,5.259901524223703e-28,4.7565148159971255e-09
0.9999163473808843,1.49034917068156e-16,8.365261911541439e-05
0.9999474601405381,1.9262135430475148e-17,5.2539859461884196e-05
5.7476918382310736e-08,0.33490837401076096,0.6650915685123208
5.762500188674861e-07,0.0023737105345366734,0.9976257132154445
2.18323502613628e-13,0.9993795864771535,0.0006204135226280704
0.9999955215517806,5.031174783347933e-22,4.47844821931366e-06
2.9921739006563834e-07,0.2045933985133301,0.7954063022692799
1.8885876160742745e-12,0.9988218913220164,0.0011781086760951417
4.25598792846569e-07,0.07637617690689175,0.9236233974943153
5.230196492030204e-10,0.9740236024993016,0.025976396977678624
4.026711856981359e-19,0.9999999158076749,8.419232504280737e-08
5.256700586101709e-23,0.9999999996378215,3.6217847277206193e-10
0.028546424220355637,5.689632704426389e-07,0.9714530068163739
3.356029018151414e-26,0.9999999999920917,7.908377628938885e-12
4.927957942663186e-27,0.9999999999964084,3.5916630494802824e-12
1.1823912112600334e-15,0.9999628644134391,3.713558655998315e-05
4.516333230032641e-17,0.999997787693149,2.212306851139399e-06
0.0002269085880678085,2.2388564081068398e-06,0.9997708525555241
3.440061846766792e-23,0.9999999995088469,4.911531117083954e-10
1.764163464165891e-26,0.9999999999976248,2.3752592452877052e-12
0.8768821327607024,3.033578065533985e-11,0.12311786720896203
2.4377110764215957e-13,0.9999019537239907,9.804627576538132e-05
8.548299825828197e-06,0.040820501371423464,0.9591709503287507
1.506452977749645e-06,0.0062233109454278256,0.9937751826015945
0.999897651929374,1.9146103079601917e-17,0.00010234807062603137
8.875453679062254e-05,0.00223929477165603,0.9976719506915533
3.0311862792239897e-10,0.9533353540926811,0.046664645604200326
4.980462641324072e-16,0.9999805023990755,1.949760092401873e-05
8.538399951099867e-24,0.9999999998920599,1.0794002038079109e-10
1.6760538973043657e-05,0.000651160064207077,0.9993320793968198
0.00011221779886357621,2.1295059284217072e-06,0.999885652695208
7.683609709265734e-27,0.9999999999906255,9.374567122536447e-12
0.999925404226853,1.4162973776489105e-16,7.459577314668323e-05
0.9999849471328873,6.396458929161481e-18,1.5052867112596494e-05
0.00317450493486496,2.8132250102926252e-06,0.9968226818401247
0.9943887267870624,3.717938305136154e-15,0.005611273212933844
0.9999994946116421,3.661812574254864e-22,5.05388357945018e-07
8.391801690619838e-11,0.9880285425713315,0.011971457344750523
3.7282432035989105e-27,0.9999999999989146,1.085440787330808e-12
0.9983785813510587,6.0303006395924895e-15,0.0016214186489353513
0.0009351818443178417,8.522249321689041e-06,0.9990562959063605
0.9988919569352169,1.3922248147754856e-13,0.001108043064643684
3.963299706430995e-14,0.9996019462743622,0.00039805372559807375
0.9999998493950846,3.547853187643646e-24,1.5060491528782754e-07
0.00018571023557367275,0.00010889935299498473,0.9997053904114312
8.045902264455521e-05,0.0019044018387562249,0.9980151391385992
2.3747982603120846e-07,0.026917263696385637,0.9730824988237884
0.0009092039757581924,2.1238559349889115e-05,0.9990695574648919
3.503940187998166e-06,0.002725370295536723,0.9972711257642753
0.0006219824290147816,2.2549048578107266e-05,0.9993554685224071
7.063327035971733e-05,0.0024824748969876995,0.9974468918326527
4.744884733142911e-11,0.9564813960254216,0.04351860392712959
0.02272911376987103,3.3815376146855753e-07,0.9772705480763675
1.668723514129554e-05,0.00011855310698527509,0.9998647596578734
1.3671825849744277e-28,0.9999999999996072,3.927827036363007e-13
0.9974916556373886,1.2600742997799599e-15,0.0025083443626100184
2.653938824988042e-16,0.9999987650890632,1.2349109367110135e-06
4.893171007737619e-26,0.9999999999894773,1.0522771023569873e-11
0.9997603605301247,1.2095203685768483e-14,0.00023963946986323948
5.054833277223946e-06,0.008722845171537492,0.9912720999951853
0.9999663297867619,3.2426264818601486e-18,3.367021323814037e-05
2.6310471124240076e-23,0.9999999992726096,7.27390427695004e-10
0.979075524993,1.740597503572374e-11,0.020924474989593943
0.014924151621150104,1.0914243806907367e-07,0.9850757392364119
2.685504228473934e-12,0.998020477703867,0.001979522293447515
0.001818500015992421,1.4651263586093562e-06,0.998180034857649
0.00010347781594417668,2.4413220179274913e-05,0.9998721089638767
0.010286705918900223,2.3688859111562093e-08,0.9897132703922407
2.445477960021925e-18,0.9999988070079086,1.192992091469988e-06
0.9975963471759894,8.041492217350577e-13,0.002403652823206349
6.556644516886767e-18,0.9999990611179765,9.388820234904146e-07
0.9999806005086376,9.216556607840936e-19,1.939949136253138e-05
0.9999998861367526,2.0784930326742147e-24,1.1386324749485306e-07
0.0026756568361595095,1.4641406070879949e-05,0.9973097017577696
2.1171631344879656e-06,0.13473239247554003,0.8652654903613256
1.970677952020876e-17,0.999997875227623,2.1247723771216005e-06
1.4875548770087344e-05,0.0005300289068909778,0.9994550955443389
0.9997862452530599,2.649554078109066e-16,0.00021375474693979322
0.9999999988333959,5.263639182102077e-28,1.1666041920126317e-09
0.9999999658683922,1.1843288727166433e-25,3.413160763824398e-08
0.9980234858290776,2.943369314631923e-14,0.0019765141708928636
0.9995424220208398,3.5711098876911126e-16,0.00045757797915985376
2.2569120518840024e-27,0.9999999999970326,2.967431305070268e-12
1.6504570050113473e-21,0.9999999897840725,1.0215927529093875e-08
2.49726035121128e-17,0.9999992152643465,7.847356535439289e-07
0.9999999963115924,7.36419980760793e-26,3.6884076341680945e-09
2.460910374013052e-15,0.9999930297075112,6.970292486396701e-06
0.9998430540040433,6.221915709703227e-16,0.00015694599595608932
1.9631718595263354e-22,0.9999999930748873,6.9251127202992235e-09
0.9999988266100546,1.9975625351848334e-20,1.173389945540001e-06
3.880233129973087e-12,0.9989936002759323,0.001006399720187337
0.9957923609714514,5.304727185942828e-14,0.00420763902849545
1.110353365708013e-12,0.9991978662285026,0.0008021337703870218
0.9999999547417475,3.101929365131084e-24,4.5258252327577044e-08
2.211633512664501e-14,0.9996304549743558,0.0003695450256220516
0.0015419297483585768,0.0001843267880263433,0.9982737434636151
0.9999999997116282,5.956597510657992e-30,2.883717150361355e-10
0.9915815804586009,7.152879414458693e-14,0.008418419541327552
0.001036623679071817,2.1168130521265053e-07,0.9989631646396229
0.005649995700071449,1.5224300284447052e-07,0.9943498520569256
1.4108406820259266e-09,0.9305920324016674,0.06940796618749175
0.9999999932157533,1.573287878417343e-27,6.784246596235924e-09
7.41081570770906e-20,0.999999975383559,2.4616440863980334e-08
0.9999947638546047,4.868942976002435e-18,5.236145395369111e-06
9.065767022871748e-18,0.9999992549563272,7.45043672866963e-07
0.9974899890009771,7.213338664539077e-14,0.0025100109989506817
3.831076354694155e-15,0.9999934533751829,6.546624813319969e-06
1.2697305086246192e-07,0.04699718066566664,0.9530026923612825
0.9999921772506286,9.820486832575596e-21,7.822749371412561e-06
2.250686356044451e-06,0.004388239100865988,0.995609510212778
0.9988021028647177,7.375014748151358e-16,0.001197897135281566
0.9992047522621752,2.548226562606202e-15,0.0007952477378222959
7.940584593342229e-07,0.0024119281079693577,0.9975872778335713
0.999970352353612,1.885612584526413e-20,2.9647646387907947e-05
6.467199284921923e-10,0.8616050820396326,0.13839491731364753
1.0897954691311642e-16,0.9999931953905278,6.804609472191931e-06
0.9991500503056726,2.5209304373887462e-15,0.0008499496943250445
2.8818322755820413e-05,0.00022032309099469626,0.9997508585862496
0.9999999997962643,2.7939567555111458e-30,2.0373579784309646e-10
2.9277035089024315e-05,4.699812721517845e-05,0.9999237248376956
1.635842581810219e-28,0.9999999999993472,6.527114956300489e-13
0.999999999967337,1.064020615369407e-30,3.266298574213267e-11
0.014603118101262138,5.544884587089219e-06,0.9853913370141507
0.9999999840600915,1.255636878510071e-26,1.5939908515340393e-08
0.0003438015835861411,1.5117711372000963e-05,0.9996410807050419
8.382975060965775e-12,0.9982339070241776,0.001766092967439514
6.530825751378239e-20,0.9999999532396706,4.67603294710357e-08
8.006775142944358e-29,0.9999999999996843,3.157071367656364e-13
0.9999941419912114,2.9937191115064674e-20,5.8580087886090215e-06
1.7435783036516578e-14,0.9999816079988663,1.8392001116306855e-05
0.9996020285287481,5.2978935694710443e-17,0.00039797147125181584
0.0017427896463849473,0.00019435048439269412,0.9980628598692223
1.4229732276517508e-25,0.9999999999950133,4.98672654206847e-12
4.177318506712361e-18,0.9999992436900091,7.563099907384581e-07
0.9999990729187116,4.264234945662818e-22,9.27081288500954e-07
4.718569690135066e-27,0.9999999999929334,7.066654975733984e-12
0.9914499241636455,1.3758022666969053e-13,0.00855007583621696
1.2567414093190162e-08,0.6459447751785379,0.35405521225404807
2.5027174073751805e-06,0.0013464579285738809,0.9986510393540187
0.9999996082833007,8.723776821836212e-23,3.917166993105584e-07
6.940066918364896e-14,0.9996579899753495,0.00034201002458095404
5.318357358255756e-19,0.9999986360366683,1.3639633316374114e-06
4.136939985144797e-14,0.9999597403304314,4.025966952738129e-05
4.22502541585793e-05,0.04899471341782857,0.9509630363280128
1.690299470258261e-05,0.00445435330113709,0.9955287437041602
0.9993899720167623,3.0575757680738647e-13,0.000610027982931878
0.9999980860770454,8.693891051621732e-21,1.9139229544827334e-06
4.530299196329483e-21,0.9999999941424407,5.857559214504689e-09
0.0015860865744367046,2.8314547654461447e-05,0.9983855988779089
0.9999998881240354,9.59451778787876e-24,1.11875964602833e-07
2.653615505965009e-14,0.9998397998677664,0.00016020013220709777
0.9989445356306591,6.779652741397288e-16,0.0010554643693403598
0.001603240347391124,5.960496251301032e-07,0.9983961636029838
9.799883647034e-13,0.9936327219054453,0.00636727809357457
5.325975192385927e-07,0.07955288649347576,0.920446580909005
0.999905251537042,8.109174644652905e-17,9.474846295808105e-05
0.9999997382112157,1.8343141565521953e-24,2.617887843065945e-07
0.9999999996033337,1.6936536973330457e-29,3.966663087848068e-10
0.9876154874821814,1.948136633303588e-11,0.012384512498337193
1.3246616938606718e-08,0.5304817960488624,0.4695181907045207
0.9999830936193338,7.031230981001606e-19,1.6906380666258996e-05
0.9999999362546815,6.271993611435222e-26,6.374531851195215e-08
1.5518011981206236e-08,0.8952731454335737,0.10472683904841433
0.9863391089914333,2.9462424322397294e-13,0.013660891008272264
7.015523301252341e-10,0.7870097281129531,0.21299027118549452
0.9999997867182051,3.0161732288976804e-23,2.1328179502246666e-07
0.9999999938079298,1.634333927596637e-27,6.192070041998683e-09
0.02272365777216012,1.4546521647993e-07,0.9772761967626233
0.006495271854196693,1.5243063733927252e-06,0.99350320383943
0.9444924074275093,8.054185313855288e-12,0.05550759256443653
0.989819159604339,1.221295514174196e-13,0.010180840395538982
1.1711980363288405e-05,4.010283049760312e-05,0.9999481851891391
0.9998419606762983,5.0660601986327246e-17,0.0001580393237017373
1.7468007242420658e-19,0.999999914427776,8.557222392696109e-08
2.5929079065406873e-06,0.009382851616547082,0.9906145554755463
1.3486713716243625e-14,0.9997095659946048,0.00029043400538157974
7.645662739352967e-09,0.9275748047691886,0.07242518758514849
0.002011515287993112,4.7075325492475966e-07,0.9979880139587519
0.9999999888709422,1.6680286732500467e-27,1.11290577976115e-08
2.7695775523157993e-18,0.9999997488532419,2.5114675795244494e-07
1.0014628777721753e-15,0.9999833482094894,1.665179050948052e-05
1.1825404998064149e-07,0.20289581039028365,0.7971040713556664
0.9999999902298572,1.80183997346536e-27,9.770142814392706e-09
0.9706885165533565,1.8595837302180364e-13,0.02931148344645753
0.9999268325615618,4.1577861407547546e-17,7.316743843829072e-05
4.2206467230894826e-17,0.9999996337333497,3.662666503326685e-07
0.027280530023662136,3.8369997972965854e-07,0.9727190862763581
0.0004008461103015297,9.305381873026671e-07,0.999598223351511
2.556847199391371e-25,0.9999999999958449,4.155035581281384e-12
0.9976694831793042,2.706736309642602e-13,0.002330516820425113
1.04277294686509e-12,0.9983071257921143,0.0016928742068429677
6.772136734312653e-25,0.9999999999477269,5.22730940278579e-11
0.5396773353479027,3.5214683047257508e-09,0.46032266113062886
0.999945787000375,2.1511369878195637e-19,5.4212999625047284e-05
8.412621339006982e-06,0.0026132970485382434,0.9973782903301228
2.0438832521363452e-12,0.9998157094486718,0.00018429054928423177
0.00019970655172730383,0.00011920590861704638,0.9996810875396558
0.011759553970922758,5.419950897420484e-06,0.9882350260781799
1.4285939409746102e-10,0.9953672880977961,0.0046327117593444826
5.930155087369383e-10,0.9386908598082666,0.06130913959871793
0.001548053499940347,9.95174195976538e-08,0.9984518469826401
0.9999997809977477,9.884553397347259e-23,2.190022523913038e-07
4.2513089378341915e-19,0.9999997985093236,2.0149067642905073e-07
0.011861566808126644,4.008991162773329e-08,0.9881383931019616
0.9224119801931656,1.2034945337849707e-09,0.0775880186033398
1.2143146285138936e-25,0.9999999999791447,2.085536867039838e-11
1.7974705959555396e-13,0.9993018777100745,0.0006981222897457785
0.00042085852138351576,1.4459907718288118e-05,0.9995646815708983
0.9999999792843315,3.917668471268663e-27,2.0715668500542462e-08
0.008925386816006183,8.539683918531405e-07,0.9910737592156019
1.830275065299001e-27,0.999999999997385,2.615107235981259e-12
4.91829103026999e-24,0.9999999997763103,2.236898003888906e-10
2.336361758739871e-06,0.036230557238336195,0.963767106399905
7.792937112118558e-27,0.9999999999945115,5.488393131348802e-12
0.9999809459224321,7.873948927924044e-21,1.905407756788978e-05
3.457037999715425e-12,0.9997625117135125,0.00023748828303034664
3.059961801025792e-05,0.001328299884371952,0.9986411004976178
0.9999971954449104,1.5522808394874483e-20,2.804555089616216e-06
4.821169412244982e-12,0.9981296972267211,0.0018703027684577541
2.9562323579879523e-10,0.8176543420640131,0.18234565764036373
0.9999999996572719,8.931887321828354e-30,3.4272802892129985e-10
8.149183478830805e-11,0.9867759849535889,0.01322401496491925
0.9999999991989161,1.4898185591342828e-29,8.010838727029702e-10
0.999839768988734,1.0529182867570122e-16,0.00016023101126604253
2.33230253413866e-08,0.5745805823111529,0.42541939436582177
2.230794164995513e-12,0.9994027090531139,0.0005972909446552041
6.457584414757429e-22,0.9999999991387394,8.612605439065715e-10
1.0609025375362255e-24,0.9999999999683391,3.1660911709807044e-11
1.6028459265990733e-09,0.8784616639767465,0.12153833442040761
0.9999999808592906,4.2296013225943545e-25,1.9140709303545105e-08
3.0954271306230795e-27,0.9999999999988372,1.1627915009933322e-12
0.00681690501652774,2.13240481253803e-07,0.993182881742991
6.588379504896868e-10,0.9820614576588585,0.017938541682303535
6.996847235443821e-08,0.8149122236225784,0.18508770640894937
0.9999999945259619,1.1772066346577527e-27,5.474038091840562e-09
0.00013929353114705076,0.0001407891454061635,0.9997199173234469
2.5723473312635744e-19,0.9999997194145117,2.8058548836407254e-07
3.2000946680414994e-14,0.9995664142088815,0.0004335857910865132
0.9971288941492448,3.6304139310121886e-13,0.0028711058503920433
0.0018671857727718402,3.8227854209710565e-06,0.9981289914418072
6.3663319358009195e-06,0.057559864148523605,0.9424337695195406
5.617460933555641e-13,0.9997375574277153,0.00026244257172282034
0.029072450504251127,1.6005641204680816e-08,0.9709275334901077
0.9999926052350199,5.76738171240638e-20,7.394764980056202e-06
0.9936943902655037,6.529782190903989e-14,0.0063056097344310145
0.9909740229335199,3.3633902634029234e-12,0.009025977063116856
1.2637808385851528e-26,0.9999999999953364,4.663595553828472e-12
3.0585584234941508e-27,0.9999999999993086,6.915120543546177e-13
6.377792716078731e-11,0.9705534089332091,0.029446591003012966
4.334563923956313e-07,0.04546123512858838,0.9545383314150193
0.9993694068050061,6.045102348682872e-15,0.0006305931949879113
1.467484559444288e-17,0.9999968079917922,3.192008207694782e-06
0.0005779100877946398,2.1779141721805634e-06,0.9994199119980332
0.9999659819404686,3.148535737278938e-18,3.4018059531309304e-05
0.999994274026725,8.093389970453279e-20,5.725973275024315e-06
0.9923271798966223,1.673493006514117e-14,0.007672820103360889
1.0898241512704546e-06,0.006278544002396169,0.9937203661734526
0.9999999993292337,1.335224048469304e-29,6.70766346381406e-10
0.9999999956649004,4.642008766288794e-28,4.335099606612867e-09
0.8707818070482444,5.000334971259031e-11,0.12921819290175227
0.9999771435289807,1.213181722397375e-19,2.2856471019235933e-05
0.9999454939884752,6.291726047769855e-20,5.4506011524899954e-05
0.9999999983166297,3.3252328102636984e-29,1.6833703079709097e-09
1.8408196070050685e-13,0.9991812088164103,0.0008187911834055116
0.0010514848416638247,3.001501369248655e-05,0.9989185001446436
8.757004205265627e-13,0.995263970087233,0.00473602991189133
0.9997567959930379,8.816051523048307e-17,0.00024320400696206554
0.00010048372217536779,0.00013325550326383134,0.9997662607745608
1.0999885606553969e-20,0.9999999931585031,6.841496784010375e-09
0.9999998668937427,6.583868292937925e-23,1.3310625730820806e-07
0.9970155094136673,1.0632378609482375e-14,0.002984490586321875
0.9999986668161168,1.7720927893441942e-22,1.3331838831438648e-06
0.018206074932643045,1.645413506847895e-08,0.9817939086132219
6.374686379277516e-05,9.251600541935575e-05,0.9998437371307878
0.0002751486219935193,1.1069580640709276e-05,0.9997137817973657
0.04640891214897768,1.6517623633161077e-08,0.9535910713333987
2.4241721635733363e-11,0.9913818477654064,0.008618152210351844
0.0018989926251239816,4.792727180760335e-07,0.9981005281021579
0.9999999022165775,4.408241644731463e-23,9.778342235076327e-08
1.0326034565797852e-12,0.992708555496383,0.007291444502584234
0.9999999998129501,8.831288223325177e-30,1.870498824346089e-10
0.00014035533608523212,1.6856871963861845e-05,0.9998427877919509
9.008847272836352e-07,0.01565812072749973,0.9843409783877729
1.7940078922415998e-21,0.9999999957133359,4.286664014129242e-09
8.543674556468544e-16,0.9999907978778835,9.202122115722788e-06
9.605541847038045e-16,0.9999804899034781,1.9510096520965182e-05
3.0677586018202146e-27,0.9999999999991529,8.470156832996e-13
6.893606482911272e-05,0.00029847724301065853,0.9996325866921603
0.9999999827754728,5.267605673445255e-27,1.722452722826681e-08
6.727569766204976e-05,0.0047816116904058495,0.9951511126119322
1.570209669665847e-12,0.9930597001433583,0.006940299855071526
0.0003590276825690457,1.5048160523010897e-06,0.9996394675013787
2.526630579171832e-09,0.950690166917532,0.04930983055583743
1.5011505303646633e-16,0.9999937369674975,6.26303250230117e-06
2.0383725507945513e-21,0.9999999950464644,4.953535565162122e-09
0.999999999315897,1.6308411231496573e-27,6.84103022331439e-10
3.3575656918037196e-05,0.00018651261704309653,0.9997799117260389
0.0011952591722036439,2.247813082182953e-07,0.9988045160464881
0.016254783838684075,6.194567445838752e-08,0.9837451542156415
0.9705251993966104,4.483908803825682e-12,0.029474800598905698
5.540723808214653e-12,0.9970186090969037,0.002981390897555564
0.0022393198284991404,5.108650896138074e-07,0.9977601693064113
0.9999999955247523,3.341261670229829e-25,4.475247733624573e-09
2.2615659546144545e-17,0.9999988999476797,1.100052320347721e-06
0.9994483568547543,1.528730372184245e-15,0.0005516431452440226
8.406830878063927e-21,0.9999999986949981,1.3050019832709065e-09
1.1087415461764876e-14,0.9999335159756912,6.648402429768871e-05
0.0015839666272182817,2.2605098436459863e-06,0.9984137728629382
3.1101834255320125e-19,0.9999999149994708,8.500052920821987e-08
0.9319017408305262,3.540475963755192e-12,0.06809825916593318
0.9999999928168697,4.1737461677026544e-27,7.183130197979504e-09
6.10770174819838e-22,0.9999999904225071,9.577492848493156e-09
0.9999999743888002,6.117365354085547e-27,2.5611199740311803e-08
0.9999824244713149,9.669184555681759e-20,1.7575528685185725e-05
0.9999999772159286,2.285013880614316e-25,2.2784071504728067e-08
2.638224696433278e-06,0.00017334951531544705,0.9998240122599882
0.9999999999586546,2.056902620472853e-30,4.134535725396034e-11
0.0001062379172196839,0.007227132026513212,0.992666630056267
9.888090238866297e-10,0.8703590796409538,0.12964091937023706
0.9999998409115542,2.807897039622199e-23,1.5908844579574852e-07
0.9999981846122068,4.645941057353042e-20,1.8153877931044151e-06
0.8911999120978759,1.54777940431037e-13,0.1088000879019695
0.9994765837609568,3.4804437499758844e-15,0.0005234162390396791
1.6406536476829022e-16,0.9999961019467575,3.898053242363321e-06
0.9999999990584469,1.427673997427637e-29,9.415530410381152e-10
0.9999985645730395,3.539487023933161e-21,1.4354269606233737e-06
0.9997921080333109,7.022586269191085e-18,0.00020789196668907978
0.9999999997460605,4.9977159213091445e-30,2.5393957584340656e-10
2.6567257626887507e-10,0.9680463177663001,0.03195368196802725
0.042882158208193674,3.534068506875108e-08,0.9571178064511213
5.096537415961698e-07,0.04550668372159387,0.9544928066246646
0.9999994767822167,5.472386687453519e-22,5.2321778342594e-07
0.9999547272728053,3.114475422427046e-17,4.5272727194655156e-05
0.0010285926079910495,1.0708717069206867e-07,0.9989713003048383
8.581543405352626e-11,0.9630224676159675,0.03697753229821707
0.999492197542705,2.5163034012768793e-14,0.0005078024572698474
0.007520686857953239,1.172027726994861e-05,0.9924675928647768
1.1633965725897541e-06,0.0048523141084499885,0.9951465224949774
0.9999075946090247,3.085621722762963e-17,9.240539097529961e-05
4.1213276352013337e-19,0.9999999413418926,5.865810742525075e-08
0.9982724537642833,1.0578556237336274e-14,0.001727546235706113
3.979444778046855e-11,0.9967879427239681,0.0032120572362373677
0.9999999982562944,5.275471522100001e-28,1.743705639903482e-09
5.274781738707472e-08,0.5970047406066425,0.4029952066455401
0.9999995636053899,8.430578326294183e-23,4.3639461007343093e-07
3.253327900911643e-05,9.994654691028703e-05,0.9998675201740805
0.00015705464341232635,0.0014253517669653496,0.9984175935896222
0.004297345838801873,6.7733501804184744e-06,0.9956958808110178
0.9970445083908559,7.054812257355516e-14,0.0029554916090734776
5.7522671975205525e-12,0.9997257648738848,0.00027423512036294694
2.5866652243521975e-09,0.9249306123756279,0.07506938503770674
0.9999997572422833,2.5373903072596688e-23,2.42757716644061e-07
7.420186861842142e-07,0.054037353065215815,0.945961904916098
1.925373988568725e-07,0.10288279146691874,0.8971170159956825
0.9997670315949457,2.9997229167718876e-18,0.00023296840505430814
9.771278152765376e-13,0.9995423195736812,0.000457680425341673
2.0685927148089077e-07,0.6213439653242433,0.37865582781648516
0.037557394841389764,9.832875056295565e-07,0.9624416218711046
3.376278233850659e-07,0.42814415721125804,0.5718555051609185
0.0002585695980390998,4.009081767355031e-05,0.9997013395842872
8.557554134141283e-07,0.007060396144135507,0.992938748100451
3.5496533574329125e-08,0.15971148989294132,0.8402884746105251
9.546979502095803e-16,0.9999860561710409,1.3943828958266508e-05
2.0205873333505477e-11,0.9941495260117004,0.005850473968093627
6.557954329414055e-15,0.9999834880273858,1.6511972607571187e-05
8.679981102330377e-18,0.9999998122754724,1.8772452751084282e-07
2.4092970740470545e-15,0.999795514117186,0.00020448588281144032
0.9999999083601565,7.360067398511644e-26,9.163984344806961e-08
0.9999982232128775,6.664060720643454e-21,1.7767871226004493e-06
2.6352626487683614e-06,0.009573390611856938,0.9904239741254942
0.9999040930472137,1.1207793587345403e-17,9.590695278628451e-05
0.9741713470355755,2.4347456457900766e-12,0.025828652961989742
3.487590546303602e-09,0.9645791709901871,0.03542082552222235
0.9442762736793664,2.2639145539507855e-11,0.05572372629799448
0.8670340310490917,3.095580850938684e-10,0.13296596864135024
0.6007205658040264,4.042916651950994e-09,0.39927943015305684
0.9977347193237567,2.6965529291817425e-14,0.0022652806762162637
0.9998794296176103,1.3218173706011806e-18,0.00012057038238956591
3.236168798356116e-11,0.9953723036926446,0.004627696274993601
0.9999999999878477,1.5244701517663421e-30,1.215220969364732e-11
1.962613764911744e-22,0.999999999410301,5.896989488647246e-10
3.2373838831489116e-13,0.9998773766687192,0.00012262333095706013
6.669358696423099e-17,0.9999974511722405,2.548827759653444e-06
0.00012415093629444422,0.00012091950596431954,0.9997549295577414
0.00023883780024720703,1.4883096285825358e-05,0.999746279103467
2.7616338923326968e-18,0.9999994929039924,5.070960076974115e-07
0.00017687530162850663,0.00023843266624463692,0.9995846920321269
0.008098257233251334,4.5270176939835757e-07,0.9919012900649793
2.997792393467196e-23,0.9999999990004187,9.995812437784822e-10
0.9963384222983253,2.4788711663237393e-14,0.003661577701649913
2.7742371133929973e-14,0.9996754893030241,0.0003245106969481677
0.9908549212442338,3.5333279954911343e-13,0.009145078755412933
0.9650965172449308,1.3189979961443896e-12,0.03490348275375021
0.9998796113978019,1.4358347020861522e-15,0.00012038860219669061
6.616556851393552e-09,0.9018901435081409,0.09810984987530214
2.469970610827773e-07,0.5116091272287571,0.4883906257741819
2.1500917317555278e-15,0.9999963427328838,3.657267113853364e-06
6.54058649521436e-05,9.913069886814456e-05,0.9998354634361797
4.850762277071238e-13,0.999722952790781,0.00027704720873395866
3.0333936816020655e-19,0.9999999433008121,5.66991879523357e-08
7.030520594505201e-10,0.9262605470754024,0.07373945222154557
0.9995092351363232,2.970740398547395e-16,0.0004907648636765393
2.3114796159659905e-11,0.9967829262547941,0.003217073722090954
1.9761667553282325e-25,0.9999999999373794,6.262049714415845e-11
0.9815301666134713,1.465704224331116e-12,0.018469833385063007
0.9435173184574395,3.5884064349202693e-11,0.05648268150667642
8.057701635502073e-15,0.9996210519024059,0.0003789480975862172
1.1817704081968967e-06,0.027074154140238078,0.9729246640893539
3.233107864337637e-06,0.001597577735112114,0.9983991891570235
0.0004689331723791375,6.761517128962072e-05,0.9994634516563312
0.9989788710216034,2.7796811609849287e-14,0.001021128978368784
0.00029350212257905987,0.00104545667103459,0.9986610412063864
0.9999999997893456,1.2423085218124466e-29,2.1065430751483737e-10
0.0427717698931599,1.5023882722799832e-06,0.9572267277185678
0.0015798941363180008,8.881545650285755e-06,0.9984112243180318
0.9998910045198597,7.635449678763131e-17,0.00010899548014042581
7.893339620923956e-06,0.09830833661340645,0.9016837700469726
0.9999998900532067,3.8619446640647303e-25,1.0994679335637088e-07
6.957395645458586e-07,0.004622576564820236,0.9953767276956151
0.9998255898902431,2.8145496530148505e-15,0.00017441010975419196
0.9986956929821847,4.400023918638567e-13,0.001304307017375221
7.918754288126633e-05,0.0015102945516527891,0.9984105179054659
1.6232539558203773e-27,0.9999999999924245,7.575570361397452e-12
0.0189691964924414,1.816410561740003e-07,0.9810306218665025
0.9999954923079412,4.63150279506717e-20,4.507692058872577e-06
1.2735652319872482e-10,0.9952985195060651,0.004701480366578495
5.032014495183587e-20,0.9999999557151229,4.428487719521407e-08
1.5568250657622294e-12,0.9996138200315193,0.0003861799669239228
0.9987338348553376,5.106400797670411e-16,0.0012661651446619166
5.099757475997351e-07,0.03471589657268308,0.9652835934515693
1.3034820682922027e-26,0.9999999999791491,2.0850823893226378e-11
0.9450357265097807,5.7191656142991815e-11,0.054964273433027525
1.59205228724292e-13,0.99706297302643,0.00293702697341086
0.9897381818197829,3.292397322520484e-12,0.010261818176924682
7.180897195951431e-08,0.6880856666620455,0.3119142615289825
0.9999999994282949,2.0339497071100042e-29,5.717050364647437e-10
7.50300394401862e-08,0.8103508703114465,0.18964905465851412
9.413692500081121e-07,0.3687776951904508,0.6312213634402992
0.010516049097753694,6.090486944455787e-07,0.9894833418535519
5.677312902786272e-27,0.999999999998735,1.2649268815325052e-12
6.376894993299382e-12,0.9887979019397133,0.01120209805390987
0.999999998466389,3.494452699660632e-29,1.5336109923992842e-09
0.002075024559871119,3.035461305016915e-05,0.9978946208270788
9.702086225085734e-13,0.9964147964672941,0.0035852035317356984
0.9999999954485699,1.035912581165294e-27,4.5514300069263765e-09
7.764427049362565e-16,0.9999940962194924,5.903780506845461e-06
0.9951204292779319,1.6981183766910237e-14,0.004879570722051022
0.944495925900214,1.5675473270555513e-11,0.05550407408411054
4.4725421788054977e-10,0.9729763652322029,0.027023634320542986
4.200111814428018e-06,0.08174207468410993,0.9182537252040757
0.007802035530645604,2.3366968252107287e-07,0.9921977307996719
0.9963218606040105,2.9616344937840926e-13,0.003678139395693179
0.01941860955426259,1.4493285151425721e-07,0.980581245512886
0.9998528832848673,1.413111877053336e-16,0.00014711671513249817
0.0003382475109516661,0.00020507714465948097,0.999456675344389
0.011286164786593536,4.028294163226011e-07,0.98871343238399
2.990802468799938e-06,0.01568286274430329,0.9843141464532279
0.9999999943346451,9.718092160975526e-29,5.665354869542908e-09
2.1184374556030216e-10,0.991002673667213,0.008997326120943287
8.914341666661436e-06,0.0013516586989800038,0.9986394269593534
0.9999999999481595,1.8542974530928752e-30,5.18405325426923e-11
2.144200960085981e-19,0.9999997291346702,2.708653298806083e-07
0.9999999704731719,2.3714259224540577e-24,2.9526828107942075e-08
4.805903085697157e-08,0.8001914138797929,0.19980853806117624
0.00013800622518279757,8.326968755616285e-06,0.9998536668060615
1.3666366506686116e-05,0.006896309364270179,0.9930900242692231
0.0003330862712512804,9.90412601378044e-06,0.9996570096027348
0.9999771412353283,3.337165991794994e-20,2.2858764671614725e-05
0.9991278606114196,4.0587413597342835e-16,0.0008721393885800859
0.9999630312047488,1.2116556775741993e-17,3.6968795251294066e-05
0.00040184487738505843,2.4453228587710768e-06,0.9995957097997561
9.660472352138261e-07,0.5665480319176565,0.43345100203510833
0.00012569867390958714,0.0005105555167735997,0.9993637458093168
1.3052932245041572e-11,0.9970859813397571,0.0029140186471898278
0.9999999970183051,6.044406324048359e-28,2.981694966953496e-09
5.836427648559699e-06,0.0001545882943221348,0.9998395752780292
2.8441472909008343e-07,0.18896954521366752,0.8110301703716035
0.9997810700485585,1.4833974676069635e-15,0.0002189299514398678
2.4110724014394665e-13,0.9987226065567066,0.0012773934430523048
0.02921822105223012,4.83457901062874e-07,0.9707812954898689
1.2366269542789022e-05,0.008126711030983155,0.991860922699474
2.503511326565831e-14,0.9999011575547382,9.884244523678476e-05
9.98518462932785e-06,0.0043328290767596965,0.995657185738611
2.3469932800077165e-09,0.9009581935837487,0.09904180406925787
0.0007593514087343602,8.457343978974535e-06,0.9992321912472867
2.656390040230836e-08,0.7612148127265999,0.2387851607094996
4.675839195044034e-12,0.9978143953339018,0.0021856046614223577
0.0018388285480408443,1.6033322664406144e-07,0.9981610111187325
4.485394198120089e-14,0.9993889193346691,0.0006110806652859576
6.0373670917824206e-05,0.0007854018393591844,0.999154224489723
1.3204566794444116e-16,0.999973186630485,2.6813369514920963e-05
0.00010956479847249678,8.625569320460217e-05,0.999804179508323
0.999999997160262,3.8948872550660516e-27,2.8397379735330826e-09
0.9896433178135576,4.629347222719639e-13,0.010356682185979307
0.988959878369717,3.8703246365904965e-13,0.011040121629896206
2.3523363523617597e-09,0.9303482224495299,0.06965177519813366
2.0737636650175524e-14,0.9999829025962239,1.7097403755290905e-05
5.635672241555054e-07,0.0029639550248680875,0.9970354814079078
0.9999999846669456,2.384430145128529e-25,1.5333054439562566e-08
4.497106915916114e-15,0.9999164919791423,8.350802085315155e-05
4.61944307274484e-15,0.9999684674285061,3.1532571489222857e-05
2.2456001798612268e-15,0.9999685516275826,3.144837241518001e-05
0.9999990048804299,6.122109252681748e-23,9.951195701561415e-07
5.123848291014572e-06,0.016287209398220825,0.9837076667534882
3.750154681081906e-08,0.8742893515175962,0.1257106109808569
0.9999999976808502,1.3825275398275402e-27,2.3191496687716696e-09
0.0004934123141999737,1.518610863414773e-07,0.9995064358247137
1.606479261878603e-07,0.29377583768876103,0.7062240016633128
0.8741229400336095,3.070903878676183e-11,0.12587705993568166
7.415961783487526e-14,0.9999613474645277,3.865253539801451e-05
2.2486375023838932e-08,0.44003047518199767,0.5599695023316273
3.2499931123261293e-07,0.262707586882448,0.7372920881182408
2.6103360613150785e-05,9.79063169737534e-05,0.999875990322413
1.894484073766279e-16,0.9999938833036587,6.116696340972138e-06
0.0006057527719156259,5.736360604492474e-07,0.9993936735920239
1.6253955219999535e-11,0.9962262444717213,0.003773755512024705
0.0013904517428584083,0.00018567912779849323,0.9984238691293432
0.99999894065429,1.3188157120939848e-19,1.0593457100202805e-06
1.5108206107176162e-08,0.4248538496308049,0.575146135260989
7.961464450659047e-15,0.9999045220385071,9.547796148485024e-05
0.9977299348489447,3.264280274153238e-13,0.002270065150728897
0.999999973341914,9.330723648977505e-27,2.6658085853865496e-08
6.637603475189831e-06,0.0055874832654136805,0.9944058791311112
1.485993181541986e-26,0.9999999999860352,1.3964879185645752e-11
0.9943423966341012,1.5088452326128235e-12,0.005657603364389961
1.0699045656341906e-07,0.5243842258962662,0.4756156671132773
0.06119633727614049,1.3199112004051338e-06,0.9388023428126591
0.19431732753140465,8.393570865734859e-08,0.8056825885328868
7.83900847204679e-06,0.024373179726752733,0.9756189812647753
3.826637381460701e-10,0.8918848330367525,0.1081151665805838
1.9847163877389445e-07,0.012499814733836188,0.9874999867945251
0.9873833149767556,2.3075321145023928e-14,0.012616685023221415
1.6725232262849191e-09,0.9830001788061885,0.01699981952128828
0.9968481452844081,2.3559835114288556e-13,0.0031518547153562585
7.442124243398284e-26,0.9999999999905129,9.48703773024755e-12
6.6399657471755055e-06,0.0038556331791031306,0.9961377268551498
0.6446345708843826,7.351075961459762e-11,0.3553654290421066
0.0033991919094703248,3.516565160593623e-05,0.9965656424389236
5.142266455587753e-19,0.9999997920163943,2.0798360564741205e-07
0.9962773959287491,2.7945042266310105e-13,0.003722604070971501
0.0008921094084146185,0.002111277554059792,0.9969966130375256
3.9927910643803415e-09,0.9110100456524008,0.08898995035480796
2.3286649792412802e-20,0.9999999794898857,2.0510114365735674e-08
1.530501488648163e-05,0.0025070219243063024,0.9974776730608073
4.722077102983376e-28,0.9999999999987652,1.234705778735774e-12
5.41592364712987e-12,0.9992842666793599,0.0007157333152240443
7.807721558008516e-11,0.9898229290001624,0.01017707092176025
2.514789813799648e-06,0.05545135185798694,0.9445461333521993
0.9999522985994269,3.880045122290947e-18,4.770140057320894e-05
4.0982449550279586e-05,0.00011444479056083428,0.9998445727598889
3.4669867510050404e-26,0.9999999999903348,9.665127563139908e-12
0.004765194892017662,9.670392130385096e-07,0.9952338380687693
0.9999999965254638,4.259163504538155e-27,3.4745361136993818e-09
0.9999998857104222,4.815350770591469e-26,1.1428957780409288e-07
0.9999754299173389,1.092404380978562e-17,2.457008266108794e-05
1.0900027206001355e-09,0.9742114622611645,0.025788536648832714
1.0702527096136913e-07,0.2572238775052502,0.7427760154694789
3.3726119355478142e-06,0.01903820180003979,0.9809584255880247
0.9998005946083669,9.201619498517945e-16,0.00019940539163225619
0.9999643578862702,9.212561135780366e-18,3.564211372975423e-05
3.025734291138673e-26,0.9999999999935263,6.473791919796349e-12
0.13161889058903592,6.168177004004721e-07,0.8683804925932636
0.9999974408629793,5.276285565225232e-22,2.559137020738222e-06
0.9999843782859331,4.548390868003747e-19,1.562171406683018e-05
2.60283876011832e-14,0.9999494784811536,5.0521518820547294e-05
0.0015944922843122641,3.3898032334863594e-05,0.9983716096833528
6.94426189884646e-07,0.34940898480370225,0.6505903207701079
8.107623086921005e-06,0.0026487285669182436,0.9973431638099949
3.332378786126776e-20,0.9999999771504949,2.28495050906716e-08
0.9999995944038507,3.255378871685415e-24,4.0559614936545595e-07
1.568348515393556e-21,0.9999999910207032,8.97929676338929e-09
6.957259634875832e-07,0.31495276980479797,0.6850465344692385
9.99849475638012e-05,2.8083434955939218e-05,0.9998719316174802
0.020807939720260436,3.243565120338848e-07,0.9791917359232276
1.258377008703057e-08,0.8572994941060997,0.1427004933101301
4.100823986178215e-14,0.9999506941349458,4.930586501318188e-05
6.705216692312159e-21,0.9999999971968807,2.8031193859120297e-09
0.9999999554858043,1.8226785479182242e-24,4.45141956249196e-08
0.0005478587948108487,6.295841231940729e-06,0.9994458453639572
0.9999706860540933,1.5226191763835226e-19,2.9313945906629217e-05
0.9999990570590161,2.205222774479533e-23,9.429409839503715e-07
1.9619582366474599e-13,0.9979531677647357,0.0020468322350680602
0.0028264617349668393,3.261004459234195e-07,0.9971732121645873
0.0005557411311946474,2.7563352090285113e-05,0.9994166955167152
7.338802770090885e-14,0.999833191018239,0.00016680898168755336
0.8132171902310389,1.230711966166998e-10,0.18678280964588992
0.006081239830477378,2.1066688505177764e-06,0.9939166535006722
0.9650338414578261,3.933397308428654e-12,0.03496615853824048
0.00039730948540830203,6.389407608389748e-06,0.9995963011069834
0.0017817025421404046,2.24204140627654e-06,0.9982160554164534
2.2579264383969642e-07,0.36044642135447824,0.639553352852878
3.7980187420459955e-21,0.9999999886989842,1.1301015753761595e-08
0.9999999952846601,5.278882273786697e-26,4.715339785949389e-09
1.543937274078865e-07,0.46680335843134985,0.5331964871749229
0.9999992973510822,3.3117229688952217e-22,7.026489177653873e-07
0.9999999995077291,8.622841553204348e-29,4.922709699003918e-10
1.0902747465832844e-13,0.9999328469926615,6.715300722952442e-05
0.9998134785107639,1.0754108161571839e-16,0.0001865214892362016
2.2565168009751183e-09,0.9303492578898376,0.06965073985364571
0.9999900084341751,2.918485943167105e-19,9.991565824983924e-06
7.005495184855316e-12,0.9559538853053258,0.04404611468766859
1.1471043635373358e-09,0.9941249641000915,0.005875034752804122
4.620909241553368e-28,0.9999999999985298,1.470265110412613e-12
0.9999999916866383,5.8519773966630385e-27,8.313361626683491e-09
7.433059764303535e-10,0.8852799244127979,0.11472007484389611
0.9999999998400684,1.7905401589119364e-30,1.5993158238646812e-10
1.09472906923138e-07,0.4349962091723625,0.5650036813547306
0.00019808991873232633,0.00012393000213083312,0.9996779800791369
0.9999980264998876,3.0873707517527437e-21,1.973500112314839e-06
9.582265941851264e-11,0.9864843795581326,0.013515620346044824
3.342162088137838e-06,0.007255145970203893,0.9927415118677079
2.8903780946064073e-11,0.997752731151115,0.0022472688199812953
0.9999999150793776,2.9014506167778547e-26,8.492062240352389e-08
0.9999999999227929,3.2983237467196954e-30,7.720707175848797e-11
0.0020538847646758176,7.223508704713543e-06,0.9979388917266193
0.0001809634515986426,8.029624901689474e-05,0.9997387402993845
7.820528813226482e-10,0.800838533986728,0.19916146523121903
0.002779815343054587,2.0615488056842314e-05,0.9971995691688885
0.9951558392902957,5.2233063832727775e-14,0.004844160709652165
0.9999974118018392,7.511033481973965e-21,2.5881981608155358e-06
0.0011481728036447233,3.040372049764587e-06,0.9988487868243056
7.213444604688636e-06,0.007317359903471034,0.9926754266519243
2.9593321389688897e-06,0.004169328256174697,0.9958277124116863
3.563540005262907e-13,0.9994623700376987,0.0005376299619449568
6.157671813765035e-14,0.9999399362325625,6.006376737606604e-05
1.726716557027667e-13,0.999952309151735,4.769084809220315e-05
5.58259496423609e-22,0.9999999980855505,1.914449560378371e-09
0.9894039552444438,4.4287835365435073e-14,0.010596044755511754
3.5420339700475783e-12,0.9989376140329532,0.0010623859635047733
7.250544417000168e-27,0.9999999999963973,3.6025759282256157e-12
8.006718814905386e-20,0.9999999849826873,1.501731269085678e-08
0.9999911058501211,3.61976549549027e-21,8.894149878839938e-06
0.9999992946118994,1.0017722775668273e-21,7.053881005477051e-07
0.9865025237484594,1.410921708584648e-13,0.013497476251399654
0.9999814418707638,7.29880642337136e-20,1.8558129236210107e-05
1.0541480476209358e-23,0.999999999830838,1.6916207528835547e-10
0.9999874251203059,3.1558077913993625e-19,1.2574879694192694e-05
1.069679193422357e-12,0.9998596531350196,0.00014034686391068725
3.539346854343657e-06,0.010179537230147926,0.9898169234229978
0.9998194650696158,3.4596513777306965e-17,0.00018053493038422478
0.9999999993536763,2.814448628541283e-28,6.463236097575437e-10
0.0032139620920853804,2.963585761184583e-08,0.996786008272057
0.9999998610123368,1.2402193719682503e-22,1.389876631856873e-07
2.7851072933843933e-13,0.9997996082715658,0.00020039172815549777
1.9548854936098738e-07,0.04975021842152641,0.9502495860899243
0.9999963838638654,7.595680495279997e-21,3.6161361346894573e-06
0.002798570442684135,1.738803917858481e-05,0.9971840415181373
0.9999990403140722,2.085383104972982e-23,9.596859278592099e-07
3.188132522220655e-23,0.999999999660194,3.398059408087689e-10
2.6159248750231167e-28,0.9999999999993081,6.919461840690488e-13
4.791545754399737e-11,0.973960326347973,0.026039673604111642
0.9991640605057317,3.1534817561147865e-14,0.0008359394942367524
0.9999372461526875,8.571699221322698e-18,6.275384731253157e-05
1.2383906911342353e-12,0.9969396803722195,0.003060319626542271
0.9999909348537535,2.622235502587758e-19,9.06514624652401e-06
0.0006685064851282579,1.010373622222505e-05,0.9993213897786495
4.750797771049013e-09,0.9402234001812221,0.05977659506798014
0.001916121855000708,5.983498136742684e-07,0.9980832797951857
2.0685789050728192e-17,0.9999968419361329,3.1580638671030413e-06
0.9999559025686814,1.8790791551747606e-17,4.409743131858662e-05
0.9924891065490583,1.383458913846506e-12,0.007510893449558263
1.272287941570259e-11,0.9968317534612281,0.0031682465260489817
0.9990636350064395,2.3127654763944343e-14,0.0009363649935375345
0.9999605960362417,2.820368645361388e-18,3.94039637582149e-05
0.9999999924077255,2.114926342505787e-27,7.592274550324424e-09
0.999999999885506,3.0714012377886304e-30,1.1449386933266409e-10
6.432012306915586e-22,0.9999999886232921,1.1376707906272613e-08
1.3501643824536153e-09,0.9429864368416299,0.05701356180820579
2.9832074821825207e-05,0.0013200598878495345,0.9986501080373287
0.9846682226703932,3.965687191775149e-14,0.015331777329567097
3.461299997359713e-08,0.39543733398354974,0.6045626314034503
0.9999987864735349,9.089434428597474e-22,1.2135264649794538e-06
0.9999999998617579,8.180698932516541e-31,1.3824218228799033e-10
5.984513529980262e-06,0.003036264576533346,0.9969577509099368
3.5644095850640947e-19,0.9999996040549024,3.959450975020521e-07
0.9999997642126194,1.743979680976178e-24,2.3578738055062043e-07
0.0008302823864924254,0.0002302759856376935,0.99893944162787
7.50551056651596e-16,0.9999873653129568,1.2634687042396949e-05
0.9812459625119594,6.987776978075578e-12,0.01875403748105274
0.01943013803272144,2.5243057202465913e-08,0.9805698367242213
0.9840688086871526,2.151814149413024e-12,0.01593119131069555
0.999999998800273,1.5587757679581962e-27,1.1997269649379432e-09
1.0240318793589842e-19,0.9999999431557448,5.6844255137984944e-08
1.3256294647363306e-06,0.19817532406133984,0.8018233503091954
0.006824470381954915,6.994011014117092e-08,0.993175459677935
0.0024047650275876363,2.2363817241457545e-06,0.9975929985906882
0.013552228410303166,9.073866135510781e-07,0.9864468642030834
4.343396516835501e-07,0.6108488257559685,0.38915073990437976
6.8434171977656906e-12,0.9970567841745676,0.002943215818588935
1.0083006246161828e-13,0.9997379808569435,0.00026201914295560574
0.9999992330821923,8.344114586509578e-21,7.669178077229905e-07
5.6579053626618546e-11,0.9972825016030932,0.002717498340327833
0.9999679499394792,7.899025595811527e-19,3.205006052073481e-05
1.5080127807752733e-19,0.9999999672394047,3.2760595422807796e-08
0.001434278231694746,2.6268805530912605e-06,0.9985630948877522
0.9999985156757226,6.827464968592731e-21,1.4843242773083962e-06
0.9918365592439725,3.140009833362472e-13,0.00816344075571346
0.9999989975273056,1.0026329976435429e-21,1.0024726945241776e-06
1.0800147817160554e-13,0.9998083222442989,0.00019167775559308462
0.9942152169795421,4.452801858925151e-14,0.005784783020413351
2.1023658186103838e-20,0.9999999922281183,7.771881750233546e-09
2.287199329246093e-09,0.9473429498506676,0.052657047862133016
1.3502263317956953e-19,0.9999998115363631,1.8846363702936281e-07
4.451994257374192e-19,0.9999999251595069,7.484049307682359e-08
0.9917851738843075,5.425488107118837e-13,0.008214826115149778
0.9999999997161171,5.5135002111797116e-30,2.838829723729132e-10
0.9999917185265244,8.433208481808317e-21,8.281473475595896e-06
0.027228846431190796,5.22309606392885e-07,0.9727706312592027
7.482407639920635e-05,0.001959368869278187,0.9979658070543226
0.9993500983937763,2.279038461925025e-15,0.0006499016062215188
0.000709000235144635,4.5526174439231395e-05,0.999245473590416
5.783912371387485e-21,0.9999999977551397,2.2448602524526365e-09
0.0001270271398399425,0.0001271849553366049,0.9997457879048235
1.9693783487561586e-09,0.9609725795977175,0.03902741843290413
0.010616371012216092,5.222718666731706e-07,0.9893831067159172
3.4388425558165284e-13,0.9973087608186155,0.0026912391810404637
0.9999003279927512,1.2798568088231143e-17,9.967200724870873e-05
6.989136960956576e-12,0.9978957228443056,0.0021042771487050737
1.5719035750230274e-05,0.015029734274376837,0.9849545466898729
4.283929932168468e-06,0.01037926723145958,0.9896164488386082
0.9999999904158955,3.0544371367484498e-27,9.584104523403102e-09
0.001220751531813867,3.54642329635782e-05,0.9987437842352226
0.9985037057466267,1.3414295885596174e-14,0.0014962942533596087
8.545315044349784e-19,0.9999997065913838,2.934086161763021e-07
0.9993595372957724,7.326276641752356e-16,0.0006404627042269178
6.922885569989545e-06,0.029386199259240398,0.9706068778551896
5.620082911180877e-07,0.15011017265636242,0.8498892653353464
0.9999958259816537,4.038544655763859e-19,4.174018346344999e-06
6.83245570053655e-16,0.9999940700031945,5.929996804797014e-06
0.002030522612925592,4.438534292785857e-06,0.9979650388527815
0.9999989194497144,1.636136828778075e-24,1.0805502856495951e-06
0.003197978883479137,1.4680890695416311e-05,0.9967873402258255
0.9999999669343829,6.485965891576712e-25,3.306561709977765e-08
1.2274752626592277e-12,0.999330371021314,0.0006696289774584832
3.728445107202501e-12,0.9945810704530149,0.005418929543256673
6.884690541851084e-06,0.07648712446434969,0.9235059908451084
1.2473109200424563e-14,0.9999859763452318,1.4023654755847831e-05
1.1669670334298748e-05,0.0005730944262310364,0.9994152359034346
0.999098563729479,1.2659408864827482e-14,0.0009014362705083137
3.1525820885181906e-09,0.9737722360349789,0.02622776081243915
0.0011440154879281423,1.004780615731071e-06,0.998854979731456
0.9999408185775825,3.224101443493213e-17,5.918142241745354e-05
8.064145514416695e-13,0.9970677209496793,0.002932279049514321
2.400544834742755e-21,0.9999999919961736,8.003826468153192e-09
0.006531765161782339,4.823713092348669e-08,0.9934681866010867
1.5634263497028742e-16,0.9999986677390279,1.3322609718745688e-06
1.1819617933191844e-05,0.07165938165700453,0.9283287987250621
0.9999999899166242,1.0573083575482563e-25,1.0083375854430485e-08
0.9980878158281234,6.893197526918024e-16,0.0019121841718759578
0.6366669295605034,9.82653610164447e-10,0.36333306945684307
0.9999999942405706,3.0584452965326533e-27,5.75942930279695e-09
7.29133446706341e-07,0.28045973801860224,0.719539532847951
2.8466907198937515e-23,0.9999999995382003,4.6179964286229033e-10
0.9999981522686026,1.6403702734095027e-21,1.847731397386724e-06
0.9999999999400087,3.518518151048444e-30,5.999135087047171e-11
0.9999999315120764,6.056565260068604e-24,6.848792360390042e-08
1.9630854195817656e-05,7.24367829806085e-05,0.9999079323628235
8.239184680480053e-19,0.999999717914163,2.8208583706191736e-07
0.0014316144201760657,2.3256425490102617e-06,0.998566059937275
0.9999998572497841,1.1556088617367748e-25,1.4275021584182766e-07
6.478471638584456e-05,0.0002240400607992027,0.999711175222815
0.00011235795361184439,0.005093976844830157,0.9947936652015581
1.289853942707371e-05,0.023668179542287147,0.9763189219182857
1.1863984961989775e-05,0.00015180503611082584,0.9998363309789272
0.978728779509464,4.331410763472398e-12,0.021271220486204504
1.5572316274775674e-28,0.9999999999996192,3.8073293488005855e-13
0.9993307722650329,3.66131314681192e-15,0.0006692277349632202
0.9954484538199311,7.213598157910693e-15,0.0045515461800616054
2.1186422686526825e-05,0.006707855177620574,0.993270958399693
7.557769721426178e-11,0.996559072468173,0.003440927456249252
0.9999977120590788,1.3851073823111888e-21,2.2879409212521946e-06
2.7337973696646764e-07,0.01373941006786521,0.9862603165523978
4.422964034160702e-06,0.014307377895158903,0.9856881991408071
1.2573183147408935e-22,0.9999999958246042,4.1753956985582405e-09
0.012383981368595446,7.253309133703985e-07,0.9876152933004912
0.9999999914650896,2.107442907860681e-27,8.534910395085284e-09
6.069886990849167e-07,0.004540385141384847,0.995459007869916
1.1607709331368102e-05,0.008184442134632956,0.9918039501560356
0.9999997802086432,5.125469549846812e-24,2.197913568616353e-07
0.009380454168043235,3.961314791213596e-07,0.9906191497004777
0.999999983241301,1.9142669849157276e-27,1.675869904063061e-08
2.4886515787689207e-15,0.9999966676835111,3.33231648629307e-06
1.3715771385010675e-05,0.03803738926941079,0.9619488949592041
0.9999921822258585,7.952479712953812e-21,7.817774141616074e-06
0.9987505936959654,7.459648325200888e-15,0.0012494063040269766
1.494105231651594e-08,0.3094288125940959,0.6905711724648518
0.999999964580686,3.1294959694107704e-26,3.541931390344982e-08
0.9995019460161803,4.8476914099538e-15,0.0004980539838149842
6.022364020522241e-08,0.6202170414022325,0.37978289837412715
0.9999999245428223,1.3084462815551142e-24,7.545717765283146e-08
2.5738618844471317e-05,0.0022530095635802582,0.9977212518175753
0.9999993539492954,3.3602551079789625e-23,6.460507045482984e-07
0.9999549994488866,3.2620511885087085e-17,4.5000551113354045e-05
1.6528878329072433e-17,0.9999988935453982,1.1064546017723182e-06
1.605727580985364e-17,0.9999990879290924,9.120709075628802e-07
0.999999998685178,1.812061621263467e-29,1.3148221347224314e-09
0.9999999832989518,5.972297674955703e-27,1.6701048364982507e-08
0.019142621887369333,4.8768973024649254e-08,0.9808573293436578
0.9995252136001974,1.2271031611887433e-14,0.00047478639979039197
0.0059014063301101,4.108350997641043e-07,0.9940981828347902
0.10363693523550158,3.2297107300710314e-08,0.8963630324673911
5.277767766328099e-06,0.0012468652222023821,0.9987478570100313
0.9999999900344699,1.4560424807701908e-25,9.965530025861478e-09
5.227860741638967e-06,0.22651159796756434,0.7734831741716941
4.964339881250137e-22,0.9999999977529155,2.2470845834539727e-09
1.228555015891629e-10,0.9923249561518543,0.0076750437252901815
0.0001752640702793816,0.00012178751996733169,0.9997029484097533
1.615574855386616e-13,0.9995255854071454,0.00047441459269301363
4.222058507821478e-06,0.02101117522867784,0.9789846027128144
0.9999977895677031,2.7014792664057286e-21,2.2104322967285583e-06
4.960898115306051e-06,0.16232024513125115,0.8376747939706335
2.0578690093241555e-16,0.9999623428821119,3.7657117887850234e-05
0.999999785825267,2.904362675596521e-24,2.1417473296022263e-07
6.69035691186833e-25,0.9999999999829732,1.702686864760024e-11
1.4730396514857526e-17,0.999998234015064,1.7659849360360212e-06
0.99458771393353,2.786797454672948e-12,0.005412286063683331
4.191085230344712e-07,0.04050408912959672,0.9594954917618803
0.012038965694671055,6.438200496324514e-06,0.9879545961048327
0.9994671050801915,2.5924151816643708e-15,0.0005328949198058115
2.2806525093216683e-07,0.41370934924370883,0.5862904226910403
0.9998684356571987,1.7140710938961961e-15,0.00013156434279953643
6.023050375747391e-06,0.004477575410642188,0.9955164015389819
0.00027485237912266665,6.818514910081084e-05,0.9996569624717765
1.4492947630442054e-05,0.0014578261339539336,0.9985276809184156
9.240005241840671e-06,0.0021189003939308376,0.9978718596008274
2.479924528085015e-06,0.02110111898461394,0.978896401090858
0.9987790783527238,5.806931031124445e-14,0.00122092164721804
8.495480782482759e-27,0.9999999999967104,3.2895841376109595e-12
1.0910784713055532e-24,0.9999999998414528,1.5854710374841353e-10
2.6387267065645775e-05,2.580513245267351e-05,0.9999478076004816
6.479229138716973e-09,0.8733835620743883,0.12661643144638263
0.9992623219912167,1.0475090328378014e-14,0.000737678008773016
9.025416416092862e-08,0.8678271212851784,0.13217278846065747
8.598921760965858e-07,0.055434439913632456,0.9445647001941914
0.9978846524251686,1.5979731323820762e-14,0.0021153475748153963
0.0020606653986667512,7.603491107852655e-06,0.9979317311102255
0.9999982483527913,1.564685128497677e-22,1.7516472088432211e-06
0.0010116797579643498,2.089322773964311e-05,0.998967427014296
5.66975017930697e-07,0.4133671313606244,0.5866323016643576
0.025835275197096528,1.952676784307886e-07,0.974164529535225
0.9854715429534231,1.5257311181069055e-12,0.014528457045051062
5.790458180665748e-24,0.9999999997896529,2.10347038486013e-10
2.1955952307575507e-26,0.9999999999813871,1.8612839833073985e-11
0.9999997654484487,2.6991530579278396e-23,2.3455155135237257e-07
0.01725950674082598,9.759478962405777e-06,0.9827307337802115
5.767074895246934e-10,0.9390089197806847,0.06099107964260785
9.177806453460982e-07,0.013575330034736507,0.9864237521846182
2.4630270296861693e-24,0.9999999999639508,3.604907935940852e-11
0.9993924076008692,1.9379096065937503e-15,0.0006075923991289309
0.9983229517532195,1.465902138653166e-14,0.0016770482467658276
5.824091720955731e-08,0.8906726219534847,0.10932731980559786
7.346300036872939e-21,0.9999999106805859,8.931941402328517e-08
0.0010854553006596419,5.0342901139068464e-06,0.9989095104092264
0.014784683616978073,3.152819486935311e-07,0.9852150011010731
0.0005236944426712396,5.178293946418645e-08,0.9994762537743893
0.9999444706196463,1.4815389004241128e-19,5.552938035376276e-05
7.365106527147407e-12,0.9911489566120112,0.008851043380623752
1.0121562340358796e-11,0.9896930045953405,0.010306995394537935
0.9999993846752606,1.3357569361964276e-21,6.153247393572312e-07
0.057478693022120116,5.07775539981508e-07,0.9425207992023398
3.676836262188052e-27,0.99999999999827,1.7298685078313364e-12
1.2913400851670624e-07,0.4467329846237487,0.5532668862422429
0.9991218795029786,4.019738545872614e-15,0.0008781204970174609
4.6457554581350705e-25,0.9999999999637457,3.62542730534469e-11
9.28265226867801e-24,0.9999999997293456,2.7065442138933414e-10
0.004412255178587826,3.694336287783848e-07,0.9955873753877834
2.325395006269497e-21,0.9999999934979689,6.502031044653333e-09
0.9999999999874976,2.316093400633413e-31,1.2502471999502222e-11
3.602617995425248e-17,0.9999989406028035,1.0593971965222491e-06
0.9999999981322423,5.857237362424287e-29,1.8677576417636136e-09
0.0003898294266514471,0.0002749981088421067,0.9993351724645064
7.665015933166097e-22,0.9999999992312745,7.687255610680964e-10
0.9999990572450889,2.5064070027909857e-22,9.427549111379989e-07
2.2051494262215206e-21,0.9999999903375149,9.662485176929201e-09
0.021631465087888175,1.3283174098074763e-08,0.9783685216289378
0.00021941681519327237,3.3858747312191803e-06,0.9997771973100754
5.681548029681781e-16,0.999995460158411,4.53984158828969e-06
0.9999776581631726,1.339299862538033e-18,2.234183682733347e-05
0.012346537161137556,1.2283008839644716e-06,0.9876522345379785
0.9999997752319244,3.8533438166927053e-23,2.2476807548925753e-07
3.8103088604238746e-20,0.9999999809108552,1.908914479995416e-08
3.937305326113795e-06,0.05994518283936376,0.9400508798553101
3.8223866285412385e-12,0.9989306816718057,0.0010693183243719055
1.1991479330082488e-06,0.01623788479218434,0.9837609160598828
0.9999996669392325,7.848394784143513e-24,3.3306076745689494e-07
4.259395887084436e-28,0.9999999999995062,4.937454086494007e-13
4.055403329553193e-06,0.00501931818640685,0.9949766264102636
0.9859062816733157,7.498302023288131e-13,0.01409371832593445
0.8775753621234427,5.048705294030898e-12,0.12242463787150869
0.9999999344848068,1.7089303980383898e-25,6.551519321948098e-08
4.994637381901888e-13,0.9992223201049277,0.0007776798945728588
0.9999851438398397,1.4085136834138559e-19,1.4856160160226323e-05
0.0002415366266544535,0.0004414138252150315,0.9993170495481304
0.0016629854377485723,1.843526148427969e-07,0.9983368302096365
1.1498918737763287e-05,0.0022763190155350144,0.9977121820657272
5.770290087059577e-26,0.9999999999972822,2.7177649963237787e-12
2.2679136414312945e-06,0.0025933876817953168,0.9974043444045632
3.126703560386328e-05,0.0008295660090182699,0.999139166955378
2.5858819057538703e-05,0.00020081277675099146,0.9997733284041914
2.4675500841506204e-05,0.0017372517786405062,0.998238072720518
0.07132369382303708,5.47259967138323e-09,0.9286763007043631
4.872668892913453e-05,5.8610982891083406e-05,0.9998926623281799
0.9856214897112063,1.790715809271686e-11,0.014378510270886505
5.332659989226194e-07,0.16411681375432957,0.8358826529796716
1.6699645858535813e-08,0.36557657242163016,0.6344234108787239
8.914272171109127e-11,0.9794738416728868,0.020526158237970545
2.0502199359157777e-10,0.9062378754912425,0.09376212430373558
0.001009458895992064,7.757747096263753e-05,0.9989129636330453
0.00013223862717019118,0.0002392881900861574,0.9996284731827437
6.575323599288507e-17,0.9999989409786534,1.0590213466617156e-06
0.9999894976362472,2.625163625726642e-19,1.050236375271501e-05
6.060122926465896e-20,0.9999999861861022,1.3813897843947056e-08
0.9999999805958742,1.9408541235392035e-25,1.940412570647068e-08
9.067795473675839e-10,0.8829440328657812,0.1170559662274392
0.9999962537818351,1.219500996916693e-21,3.7462181648757788e-06
0.9927299893663823,1.2865481809003374e-12,0.007270010632330943
0.0021808022369839614,1.5197325880567117e-06,0.9978176780304281
9.470231278229347e-06,0.0001086288983130806,0.9998819008704086
1.5182508636269781e-10,0.9049887385286344,0.09501126131954057
0.9976261695314196,2.9232235265821544e-15,0.002373830468577493
0.9999999993072992,8.411677046929644e-30,6.927007551495225e-10
1.3924260421276638e-19,0.9999999926856562,7.314343790383648e-09
1.8212647684113527e-15,0.9999614041835556,3.8595816442702235e-05
0.9920396229736532,5.64315742602073e-13,0.00796037702578248
0.9999994912493225,4.700415421569112e-25,5.08750677459542e-07
0.9999999578186689,1.43331384634538e-25,4.218133117763284e-08
0.9999915654066279,2.998614941338469e-20,8.434593371994742e-06
0.999988104852012,1.8769019311352368e-19,1.1895147988082714e-05
0.9999999999514988,2.8919276932608896e-30,4.8501193917231104e-11
2.434061231449325e-16,0.9999993171177182,6.828822816349204e-07
0.9994622564528589,3.198942656765803e-15,0.0005377435471379394
0.00016385299329365406,4.174723802562628e-06,0.9998319722829038
0.999999997764285,3.289775863536243e-26,2.2357149330205395e-09
1.0572579527130688e-17,0.9999990735649548,9.26435045278633e-07
0.9999986513717103,2.14448044996434e-19,1.3486282896230452e-06
1.6922088930413906e-15,0.9999571327266398,4.286727335838112e-05
1.7258427340531565e-19,0.9999997185102554,2.814897446956693e-07
2.3126296920569444e-13,0.9994650463763315,0.0005349536234371854
0.00041032737261273807,3.26951330076032e-06,0.9995864031140865
0.9998963980633094,1.0850626167902189e-16,0.00010360193669062995
1.981544878522403e-12,0.9961641904013772,0.0038358095966414766
0.8764492820829712,3.427229328776235e-11,0.12355071788275651
0.001536935539711641,2.3408991260961453e-05,0.9984396554690274
2.1268069989201726e-10,0.9087597900927648,0.09124020969455472
1.5975710394882514e-06,0.25426786718367145,0.745730535245289
1.1826215134652522e-11,0.9970311539893452,0.0029688459988285593
1.2383773151118813e-06,0.06496962156834715,0.9350291400543377
5.508836557333508e-10,0.991139632103045,0.008860367346071294
0.9972273522971303,5.474051384162062e-14,0.0027726477028149656
8.498920186053187e-05,8.54685489228856e-05,0.9998295422492165
5.863690102634208e-05,3.8082403971130307e-06,0.9999375548585766
2.445400701199615e-05,0.0005256841181996311,0.9994498618747883
0.9999999370246977,1.1975432115646727e-23,6.297530226183728e-08
4.8179212946372665e-15,0.9999601123132786,3.988768671651511e-05
0.005884006807839781,7.504504947412024e-06,0.9941084886872128
0.00021326421542856557,0.0028759223852252865,0.9969108133993461
8.584962929134094e-16,0.9999663500354097,3.364996458941013e-05
0.896527462380399,2.2053255513924254e-10,0.10347253739906853
2.114376141055004e-07,0.3530912593062373,0.6469085292561485
2.0290039649102293e-05,0.00010837398435311753,0.9998713359759978
0.999999999567597,3.4222148319947806e-29,4.3240302778929967e-10
4.4221009829466706e-07,0.25289797916946644,0.7471015786204354
3.3569920755616107e-06,0.0005736671285155565,0.9994229758794089
9.678308400549797e-23,0.9999999981057983,1.8942017514959463e-09
5.63243917591185e-13,0.999547677375087,0.00045232262434978147
2.1783357583908877e-19,0.9999998299909787,1.700090213063424e-07
0.0020620463236436016,5.36834071494789e-07,0.997937416842285
1.9221383942463825e-18,0.9999987994382303,1.2005617697565284e-06
0.012256183906011589,1.7494281578840413e-07,0.9877436411511726
4.547452812108066e-12,0.994112906739489,0.0058870932559635
0.9652116967175983,1.3995551200813736e-12,0.034788303281002186
3.7054133376053825e-11,0.9949598032409054,0.005040196722040569
0.9995097414589951,2.3925903384466646e-16,0.0004902585410047448
0.999991182078575,2.189325128878959e-21,8.81792142510884e-06
0.005730986076301036,1.2492890268809778e-08,0.9942690014308088
9.577174065066112e-15,0.9989697096021041,0.0010302903978863785
0.00036697195948410887,3.9639834508119126e-05,0.9995933882060078
2.4104689252289727e-19,0.9999999056148652,9.43851348784649e-08
0.041087781730424794,3.0937338768845063e-09,0.9589122151758412
5.639185747907513e-15,0.9999612285386298,3.877146136456685e-05
0.9999955377130447,4.3333790676483996e-20,4.462286955262178e-06
0.9999783811036673,1.2889638124921234e-18,2.1618896332661155e-05
0.005396936982059049,6.092525872572031e-07,0.9946024537653536
1.987742894430843e-12,0.9989028131817843,0.001097186816227877
7.611110235462376e-07,0.3021386515086295,0.697860587380347
0.01113657505910455,2.1676127080387177e-07,0.9888632081796246
1.1047472607667813e-17,0.9999987380932299,1.261906769977508e-06
0.006270465177205498,5.800588834295419e-07,0.993728954763911
3.239696185767352e-10,0.9821454827582389,0.017854516917791472
5.7648540561915803e-11,0.9703297628347543,0.029670237107597027
0.9999973179901459,2.936117311771385e-21,2.6820098541950487e-06
7.699182307820157e-16,0.9999922563990631,7.743600936319337e-06
1.1676683101824684e-19,0.9999999683481641,3.165183595203077e-08
1.5771441441619172e-12,0.9977076642242356,0.002292335774187328
0.9999967424284698,1.2150818226640995e-21,3.2575715303368593e-06
1.697980655437209e-09,0.9542498628625565,0.045750135439462755
7.437375101734032e-08,0.8604871697935991,0.13951275583264997
0.999999782877172,1.9563822757751795e-24,2.1712282803786803e-07
0.9999940127303887,2.0029654519027256e-19,5.987269611260259e-06
1.4398431614545195e-11,0.9983749735025605,0.0016250264830410604
0.9999332793624754,4.799122590348419e-18,6.672063752453076e-05
5.8826576132905735e-08,0.9334436509135248,0.06655629025989916
0.9999999998884161,5.673541193903356e-30,1.1158384760879942e-10
1.1023761232510795e-13,0.9998539753781498,0.00014602462173991272
0.999999990837993,8.431699828027425e-27,9.162007051230055e-09
0.999813582163822,1.4721600708121873e-17,0.0001864178361779153
4.722263965113059e-08,0.3091004008499275,0.6908995519274328
0.9999999705241323,2.1878654712064073e-25,2.9475867701748367e-08
0.0004540625908805069,8.978331141035291e-05,0.999456154097709
3.0210231342971734e-16,0.999997634893345,2.3651066548351646e-06
3.845014424939202e-05,0.001293838198584173,0.9986677116571664
1.6594266376872908e-15,0.9999620712895843,3.792871041420968e-05
0.9999999178425795,5.066864245034028e-24,8.215742044948052e-08
7.289509123633111e-19,0.9999999610061836,3.899381647745155e-08
3.808114246429076e-16,0.9999788690604338,2.113093956581899e-05
0.0004026020516415104,1.6498574405258324e-06,0.9995957480909179
0.9970106025538383,2.7751762349105335e-14,0.0029893974461340316
0.015734566494762695,4.004164919705461e-06,0.9842614293403177
1.35835701127887e-14,0.9998149966990024,0.00018500330098410918
5.5615164417993545e-05,0.0009532540256512384,0.9989911308099307
0.015182440391696873,9.116856830357841e-07,0.9848166479226201
0.9999999757896344,2.280864087493815e-26,2.421036565368521e-08
1.3739656816953512e-11,0.9987866180415007,0.0012133819447597552
0.9999999248660786,1.3891054130926153e-24,7.513392143699949e-08
0.9957718878328897,5.16593559143219e-16,0.004228112167109845
3.8533390545169943e-07,0.009992349383560164,0.9900072652825345
0.9999999997769042,4.489207545811132e-28,2.2309577261017117e-10
1.3946240879684242e-10,0.9965878417322506,0.00341215812828704
0.00012207379380615974,5.901881290191142e-05,0.9998189073932919
0.00035670285805394086,8.627037100297478e-06,0.9996346701048456
0.9999992735023568,5.193916229609275e-21,7.264976432615858e-07
2.2991358096942568e-14,0.9999879918443537,1.2008155623140708e-05
0.0006258775552251378,0.00011908880872365449,0.9992550336360513
0.9999999967706088,9.295317981365913e-28,3.229391229772436e-09
9.543779574282247e-11,0.9909239310622213,0.00907606884234091
6.18199747145394e-08,0.814651433241308,0.1853485049387172
1.1867755322460101e-06,0.024424283411842693,0.975574529812625
0.9999999972198317,9.56156404721811e-28,2.7801683726814167e-09
0.010273194818068128,1.8082524719984026e-06,0.9897249969294598
0.9999995575308943,2.1969215174129615e-21,4.424691056215417e-07
8.870949850371004e-25,0.9999999998966853,1.033147343373182e-10
1.2931214541251017e-21,0.9999999976388905,2.3611095180786686e-09
0.9999999999838407,1.4955368377402053e-30,1.615926135897176e-11
8.342862275178625e-22,0.9999999928234566,7.176543233905697e-09
0.9999992133857535,5.555292930092694e-22,7.866142465690069e-07
0.00937903572928929,2.0610151179304025e-06,0.9906189032555929
7.405070707167826e-17,0.9999996673339197,3.326660802786436e-07
3.721424609967571e-08,0.3241618460402974,0.6758381167454566
0.0010486970700530247,9.242581003532527e-07,0.9989503786718467
0.9999999986529982,2.2785751578479213e-29,1.3470017357786404e-09
0.9584952930030887,2.904140421959895e-12,0.041504706994007386
6.180143671967531e-10,0.946528995780755,0.05347100360123057
0.9980130448081702,2.64435802357487e-13,0.001986955191565423
0.999593376031158,6.245743276740019e-14,0.0004066239687796059
5.089477186978014e-16,0.9999768069464775,2.3193053522002222e-05
6.510679898943109e-10,0.967294155154282,0.032705844194650086
0.01336675466767568,8.795041793563686e-07,0.986632365828145
0.0003031087061999805,2.5155078803139665e-05,0.9996717362149969
0.9996253125189091,3.3400080518618873e-16,0.0003746874810905127
4.078640156062496e-10,0.9527500694670878,0.0472499301250481
6.1033766052676944e-15,0.9996329425811763,0.0003670574188177602
3.044934529413203e-05,0.026821592080433793,0.973147958574272
0.0008119572771853135,4.305994066239146e-06,0.9991837367287485
0.035204026519348286,2.1485630048038566e-07,0.9647957586243513
3.660519957835534e-15,0.9999800613956086,1.993860438797455e-05
4.013433652648729e-10,0.996449644910466,0.003550354688190644
7.76940017604573e-21,0.9999999874228954,1.2577104565914113e-08
6.791509434865706e-06,0.009766876815521134,0.990226331675044
0.9999999385919409,2.662931699177607e-24,6.140805913362037e-08
0.9999997486127884,1.1268896211730556e-23,2.5138721153047347e-07
0.9327167181061734,1.3896953172966846e-12,0.06728328189243701
5.8256208682719515e-22,0.9999999964484461,3.5515539075746862e-09
0.0003053061127248982,4.647424615590687e-05,0.9996482196411193
0.9999728514912014,1.8093932900593552e-19,2.714850879863322e-05
8.334440235040199e-07,0.692782347154348,0.30721681940162837
0.00031514161862591456,0.003780907621705706,0.9959039507596684
1.7711903025136876e-10,0.9926603354088437,0.0073396644140373635
1.4318491601967076e-07,0.053116188475362515,0.9468836683397214
3.4123174914572857e-09,0.9896991611236685,0.010300835464013947
5.211950783850121e-17,0.9999965718581896,3.428141810371553e-06
0.9999890233924525,3.323984760575488e-20,1.097660754756652e-05
0.9940863255423599,2.3725994109911833e-12,0.005913674455267445
0.9993656413692183,2.0484519232904635e-15,0.0006343586307795592
3.5730685261655883e-06,0.0022554993361282513,0.9977409275953455
0.998580883954509,3.4782171100192396e-13,0.0014191160451432505
5.516537960357432e-05,0.0012803726038768705,0.9986644620165195
0.9801131303290167,3.937815987372324e-11,0.019886869631605162
7.65583433249039e-15,0.9999805677903364,1.9432209656118204e-05
0.0009671103091197081,1.7353639097996677e-05,0.9990155360517823
4.019980989242436e-11,0.9957224995618255,0.00427750039797453
0.9997534024798396,1.5001770354921983e-15,0.00024659752015890644
0.9999999985764312,2.7228255748808904e-28,1.4235688236318616e-09
0.9999999552106198,3.1972913754083418e-24,4.478938025820418e-08
0.9999993043926101,1.3943637362436976e-20,6.956073898272084e-07
2.2056169797851114e-15,0.9999942642316391,5.735768358657026e-06
0.00010275233136395148,0.0006583432640869191,0.9992389044045492
4.190118068898348e-06,0.01660445908019265,0.9833913508017383
4.845498494759369e-15,0.9999560826205933,4.391737940178659e-05
2.324518236780359e-14,0.9999320079175869,6.799208238975425e-05
3.775008082992087e-05,8.063078346501833e-05,0.999881619135705
4.032670299495754e-14,0.9999228335863727,7.716641358694295e-05
5.234979246065429e-13,0.9991975279975042,0.0008024720019722549
9.827407213892058e-28,0.9999999999978326,2.167300703263699e-12
5.570064612611287e-06,0.004848705587439637,0.9951457243479477
9.886578316252277e-25,0.9999999999868179,1.3182129829170673e-11
1.4446913354538535e-05,0.006208126357910645,0.9937774267287347
0.9999998922085415,9.298997149876393e-26,1.077914586047343e-07
0.9999826434987468,1.007119995512937e-18,1.7356501253313838e-05
0.9579963938380817,2.2134508591518042e-11,0.04200360613978376
6.849092849228362e-12,0.9983204235955654,0.0016795763975856147
1.9615443658773743e-08,0.8886823360660742,0.11131764431848215
2.270962353624894e-28,0.9999999999986273,1.3725858856137315e-12
0.9999961625087372,4.9378080597959853e-20,3.837491262739683e-06
0.9995779585461391,3.1037791009120865e-17,0.0004220414538609635
1.6835938929013957e-22,0.9999999984390266,1.5609734145535144e-09
6.643202459232696e-05,0.00022777445333614556,0.9997057935220716
5.922491026754248e-12,0.9992513737653647,0.0007486262287127699
2.106844718710008e-11,0.9905588406170677,0.009441159361863878
0.997803021683,5.627833201508101e-14,0.00219697831694376
5.273228292730269e-18,0.999999214509424,7.854905760514111e-07
0.9999996904105827,1.4678704147417691e-22,3.0958941732948397e-07
4.4966316930594483e-17,0.999995741198247,4.258801753115377e-06
0.9971421413521616,1.720448868298146e-15,0.0028578586478365704
0.9999999239651298,7.8209476577739725e-25,7.603487018495161e-08
4.819226515256439e-16,0.9999971067529414,2.8932470580506122e-06
0.0003351520067280001,0.00018509615950201968,0.9994797518337699
0.9999998325881687,8.324694262504205e-24,1.6741183118947805e-07
0.9999999977601437,2.6641054524119566e-26,2.239856363587903e-09
0.9999999921169805,9.658329517359414e-27,7.883019431227416e-09
0.9960795979357172,2.943074588711412e-13,0.003920402063988416
1.6710645377300193e-06,0.00751679198388858,0.9924815369515736
1.548036163006936e-08,0.89294602276629,0.10705396175334833
3.390437662335341e-16,0.9999873488927308,1.2651107268727337e-05
9.16985735778876e-06,0.004863261297254727,0.9951275688453874
2.616132234552596e-28,0.9999999999972449,2.7551783155925236e-12
0.0004489743292907563,6.409873825659934e-07,0.9995503846833268
0.11515334740631758,1.543302857055612e-08,0.8848466371606538
1.0892337670461529e-16,0.9999992205872923,7.794127076360058e-07
1.0603387081385111e-16,0.9999986314870827,1.368512917390105e-06
0.9999942144232309,2.4895084674801738e-20,5.785576769087411e-06
5.05264583216496e-06,0.04388935906538099,0.9561055882887868
0.9999992558979213,1.9431521427090712e-20,7.441020786861655e-07
1.919788712394294e-05,0.05363637788540768,0.9463444242274685
5.774672564774703e-13,0.994687476176348,0.005312523823074453
0.9999995213650178,7.138143310199798e-23,4.786349822458982e-07
1.9266040007111495e-08,0.6369912198878598,0.36300876084610023
1.0067309087494718e-08,0.928776824381591,0.07122316555109987
8.152888267437314e-21,0.9999999169977409,8.300225912383363e-08
7.789775723340649e-10,0.9722389322887649,0.027761066932257637
0.9916293881891244,1.0567256689527574e-13,0.008370611810770015
0.9405352703111879,1.5367103756482415e-11,0.05946472967344504
4.693040312200033e-06,0.0004498866174976965,0.9995454203421901
2.999730219109418e-27,0.9999999999989098,1.0903121193283433e-12
1.640832905940128e-18,0.9999993541648523,6.458351476770278e-07
0.9988478738121713,4.747892897830372e-14,0.0011521261877811188
2.203696596051831e-21,0.9999999972676232,2.7323767370508376e-09
0.9999355252341204,5.837239598465624e-20,6.447476587942576e-05
2.7659284372287417e-05,0.014519554056832083,0.9854527866587957
1.1461330595305135e-12,0.998033941811677,0.0019660581871766875
0.9999872443013261,2.1221589947662859e-19,1.2755698673955092e-05
0.9999914470401099,2.008214975810584e-18,8.552959890068078e-06
8.451132327354621e-09,0.6555848040085726,0.3444151875402951
1.7423715439674486e-05,0.006392403261748787,0.9935901730228115
2.5002354854379687e-09,0.9298179478987101,0.07018204960105431
0.9971894105933966,2.577161099651391e-14,0.0028105894065776635
1.0276699203060231e-06,0.02265504185397182,0.9773439304761078
1.7033331045421247e-09,0.867259156505398,0.13274084179126897
0.9994947365777558,3.043151972565974e-15,0.0005052634222410756
0.0427355364166849,1.931169116538092e-08,0.9572644442716238
2.9001409697692144e-24,0.999999999878713,1.2128689314652053e-10
3.0671164665622355e-06,0.08650389313009924,0.9134930397534342
0.9999999998685465,3.4569022561801395e-29,1.3145355887723514e-10
0.99859298079113,1.611582936586866e-14,0.0014070192088537197
2.897556731554197e-11,0.9992190302603949,0.0007809697106296161
1.0989098441266795e-05,0.0011590758389310766,0.9988299350626275
0.9999561943897756,4.781293499526614e-19,4.3805610224476945e-05
2.7076705330589615e-17,0.9999996036592661,3.963407339368566e-07
1.394303404532163e-09,0.9686341311177167,0.03136586748797997
0.004269664007616366,1.0062816718893646e-07,0.9957302353642163
0.00027532146124856243,1.5726970585012575e-06,0.9997231058416929
0.03283579407425512,6.955808611542583e-09,0.9671641989699362
2.743441562493266e-13,0.9920753384312684,0.007924661568457416
4.0183486774386886e-12,0.999805378713279,0.0001946212827024624
7.064997350039054e-06,0.03477728779895964,0.9652156472036902
3.150955395791239e-08,0.8194951781970979,0.180504790293348
7.754004853490695e-18,0.9999984200564569,1.5799435431572256e-06
0.019211385601667484,3.126254727619794e-08,0.9807885831357853
0.9972013478864552,7.448001411259534e-15,0.002798652113537226
7.246827375567937e-20,0.9999998207385884,1.7926141150580733e-07
5.58306076331281e-05,0.00010666847429835739,0.9998375009180686
0.37159489335726537,3.832261979661359e-09,0.6284051028104727
0.9999996929363312,1.0092597509538012e-22,3.0706366879786604e-07
2.613762008565082e-16,0.9999928752218955,7.1247781042095425e-06
0.9998715544913394,7.864620443373342e-16,0.0001284455086597735
1.0675789712056323e-05,0.0034480047728048663,0.9965413194374831
0.9990558840201246,1.4661804141883015e-14,0.0009441159798609225
0.9999999998642926,8.801679700105136e-31,1.357075309722664e-10
0.00227904902797578,2.857355320323439e-07,0.9977206652364923
0.9999938131048035,6.925978732019844e-19,6.186895196506073e-06
0.9999999818824025,1.7642066413483527e-26,1.811759746969922e-08
3.396030738559236e-14,0.9994571139307195,0.0005428860692465126
0.9958545055299614,3.540399319621645e-12,0.004145494466498153
0.9999925875687989,4.675868838747367e-19,7.4124312010733805e-06
0.9999734672467958,1.9328973306210622e-16,2.6532753203968006e-05
9.744621231506246e-06,0.002067628024109095,0.9979226273546593
4.729241562281311e-10,0.9730981310911738,0.026901868435902147
0.9995557435264059,3.255992872087822e-15,0.0004442564735907288
0.9935551309905858,9.834511360899895e-14,0.006444869009315694
4.824678398191229e-19,0.9999997639243992,2.3607560078212516e-07
0.9995007433443186,7.180689108304862e-16,0.0004992566556806462
0.0001785407240811659,0.00010392446777490848,0.9997175348081438
0.00025028215904572776,4.113084230097318e-05,0.9997085869986533
6.132327904855248e-17,0.9999970732713805,2.9267286195736162e-06
0.00012461429710202148,5.079126032729673e-07,0.9998748777902947
0.0013350073946992841,8.225816902196379e-07,0.9986641700236105
0.003978646042541755,8.738348122480875e-06,0.9960126156093358
3.520241578656962e-20,0.9999999418587511,5.8141248843597836e-08
6.403258761467098e-15,0.9998972496028804,0.00010275039711313136
9.449744554676216e-19,0.9999970391803804,2.9608196194467042e-06
0.9999999999101876,6.046816684789138e-30,8.981227672725913e-11
0.9958042577879337,1.4161126013368886e-14,0.004195742212052257
0.0002916575021969796,5.377237450458028e-05,0.9996545701232984
3.611371233172575e-08,0.5698864867739751,0.43011347711231257
0.9990755334438988,9.439325120890774e-14,0.0009244665560067557
5.843404728953553e-06,0.0019134488265298909,0.9980807077687412
0.00034684248734062953,4.601847656115663e-05,0.9996071390360982
0.9964600690291403,1.7999058624914684e-14,0.0035399309708418624
7.258188372443807e-20,0.9999999725677572,2.7432242850041888e-08
0.9999990558943592,7.673272250472613e-23,9.441056406419721e-07
0.9997857315781652,1.096227383269833e-16,0.0002142684218348803
0.000642125723951172,2.1967022910682933e-06,0.9993556775737579
1.731755527808891e-13,0.9997196154569685,0.0002803845428582436
4.203748708026176e-20,0.9999999914132861,8.586713992490971e-09
0.00014740394747304324,6.202036950136612e-06,0.9998463940155767
0.9999955758333218,1.637311237071297e-21,4.424166678162812e-06
0.9950858539996416,1.4255807649388606e-12,0.0049141459989328175
0.9981229913186024,2.6307776363007403e-14,0.00187700868137125
3.500428702414676e-07,0.07496253655908429,0.9250371133980455
0.9999999933208843,1.411261393897172e-27,6.679115556096775e-09
0.9999519794980778,1.6375512156334042e-17,4.802050192222203e-05
3.765320216279356e-12,0.9975224653187686,0.0024775346774658755
0.048332977332784965,3.9492856294721326e-07,0.9516666277386522
0.9999834941362336,4.836727013727827e-20,1.6505863766549475e-05
6.62015609307228e-06,0.00046009246898327685,0.9995332873749238
6.926045388632437e-05,0.013177081461552817,0.9867536580845607
0.9999972284709098,4.72023731001844e-20,2.7715290903545438e-06
0.999739744916314,9.110946082503306e-17,0.00026025508368610664
0.00022245077488285356,4.35525337933799e-05,0.9997339966913237
2.6237590075102286e-22,0.9999999952308103,4.769189576358287e-09
0.9999999920939983,2.154023372082163e-27,7.906001690220279e-09
0.9999999638919739,4.5138600961615707e-26,3.6108026073900875e-08
1.6568146675573204e-16,0.9999890063128053,1.09936871945488e-05
0.0002884953440683608,0.0009028842007252182,0.9988086204552065
1.4582433622285627e-09,0.9797348248588557,0.020265173682901136
1.0615909596008014e-13,0.9999000228186378,9.997718125612473e-05
7.71422231762414e-27,0.9999999999965203,3.479749616271424e-12
3.259781042747256e-20,0.999999980375147,1.9624852906341302e-08
2.0026659127783089e-16,0.9999808912697981,1.9108730201727162e-05
0.999999999951825,3.0815619934681705e-30,4.817505211980763e-11
1.4779512657963e-10,0.99633170332136,0.0036682965308446848
0.00039347248453871635,4.663603003312205e-06,0.9996018639124581
0.7460522067941533,2.317714244624055e-11,0.2539477931826695
0.0012224587909343554,2.1952249956803274e-06,0.9987753459840699
0.0006823387443973003,2.139851616320419e-05,0.9992962627394395
5.423351879315276e-08,0.6704713605482282,0.32952858521825307
5.923713203335995e-13,0.9995962669474738,0.0004037330519337723
0.004268099923389677,2.3242178863732095e-06,0.9957295758587239
0.00038299635244837385,1.0255386658150303e-06,0.9996159781088859
2.4039046456150144e-21,0.9999999914246799,8.57532010760578e-09
4.190235813199673e-10,0.8792026660772804,0.12079733350369608
1.3537068309449254e-18,0.999999909405114,9.059488600155251e-08
1.5452961072093535e-15,0.9999149595287082,8.504047129031599e-05
1.6897910298998687e-15,0.9999954046569499,4.595343048424304e-06
1.0498778308691996e-12,0.9966118932096935,0.003388106789256633
1.9668421180006904e-06,0.0662418360538916,0.9337561971039904
0.0001751508334560302,3.0289879196254293e-05,0.9997945592873476
7.964777475013071e-13,0.9997271401327049,0.00027285986649864825
0.9971175897991834,6.661636706631483e-13,0.0028824102001504194
0.9999999720783789,2.0113136356067837e-26,2.7921621232051153e-08
1.1287893019338711e-07,0.6744740165042178,0.32552587061685206
0.0029778672620860737,3.269799778126868e-08,0.9970221000399161
0.7140637593453673,1.439905064779028e-10,0.28593624051064237
0.9991399125343199,1.1335274392436942e-15,0.0008600874656788928
0.9999968147153684,1.2097577169182187e-21,3.1852846316695923e-06
0.9998658377637428,1.8450948569745355e-16,0.00013416223625695633
0.001351008058663379,3.809255977380796e-05,0.9986108993815629
0.003871876069107101,1.3799664480602082e-07,0.996127985934248
0.001470377197317557,4.134971191531857e-06,0.998525487831491
3.856467636265394e-17,0.999998397634393,1.6023656069941779e-06
0.999999820595677,8.730879491168205e-25,1.7940432298994854e-07
2.1721769364895281e-13,0.9997784346863052,0.00022156531347769263
9.472334276204668e-14,0.9998607785198896,0.00013922148001543013
0.0007986947417096701,1.3061738772282676e-06,0.9991999990844131
0.029277443535501203,1.761443797531182e-07,0.970722380320119
7.185988181516328e-12,0.997320467738803,0.0026795322540109686
1.4533113736287073e-18,0.9999996054411513,3.945588485939967e-07
2.3445277174707595e-17,0.9999986290936953,1.370906304676028e-06
0.0002055389695459672,8.413033672430881e-07,0.9997936197270867
0.9973679214113319,3.2374048119424444e-13,0.002632078588344263
6.626184239223863e-18,0.9999992538664708,7.461335290425136e-07
1.905528642428485e-11,0.9978569207837744,0.002143079197170192
4.379415146155823e-09,0.5539688997475489,0.44603109587303585
0.9999100240112645,1.2188427152827812e-16,8.997598873530608e-05
0.999999995019063,1.2454664274642869e-27,4.980936964559929e-09
6.772150543861204e-10,0.9883474366203393,0.011652562702445454
8.924384974157162e-12,0.9994597785218452,0.0005402214692303313
0.0009827578830219584,8.69232276694464e-05,0.9989303188893087
5.379719036455258e-06,0.04514919132177786,0.9548454289591858
1.4277002107228575e-09,0.9874200964065815,0.012579902165718216
0.999999980095136,1.7763273351712305e-26,1.990486399939733e-08
0.999994842885438,1.4972638125526538e-20,5.157114561867991e-06
1.2632682624542356e-12,0.9995506729747179,0.00044932702401883907
0.9999955705255974,1.3144999913034155e-19,4.429474402619044e-06
0.99999999768176,2.3498422755504925e-28,2.3182401339990365e-09
0.9987838787780365,1.0830457577322707e-15,0.0012161212219623982
8.745859065448526e-06,0.056226645561383605,0.943764608579551
6.5280376628084045e-06,0.0006087850081732621,0.9993846869541639
6.355216158970997e-14,0.9998856870895654,0.00011431291037121784
0.9999999985959551,1.1241580878735502e-28,1.4040449016665704e-09
0.7612252546462774,1.9671744359796718e-10,0.2387747451570052
6.813882042039935e-19,0.999999770880258,2.291197419947409e-07
0.9999999365923902,1.169804108062361e-24,6.340760987581872e-08
0.9954933313372154,1.6091356937537988e-13,0.004506668662623734
8.524990611484096e-06,5.9629680618048996e-05,0.9999318453287704
3.431145181427894e-05,0.00022259298360125657,0.9997430955645844
2.4160792403985173e-06,0.17367671923685413,0.8263208646839055
1.8179183781544744e-18,0.9999999190624361,8.09375639497639e-08
4.151196844468082e-27,0.9999999999990381,9.6192538429336e-13
0.9978333982280458,1.2277591724683689e-15,0.0021666017719528903
1.2926939539426017e-17,0.9999962352899026,3.76471009752198e-06
2.3153217895028317e-11,0.9970027575857415,0.0029972423911052842
0.9999999781365421,1.042708316419389e-24,2.186345786333269e-08
5.498960748531991e-06,0.0634040225072662,0.9365904785319852
2.781124044108877e-06,0.27202068928344625,0.7279765295925097
0.9992932195348025,5.101178013543712e-16,0.0007067804651970333
2.7563827816389437e-15,0.999863763275043,0.00013623672495422382
6.469325814576523e-15,0.9999012560525887,9.874394740485624e-05
1.701619576190241e-23,0.9999999997295301,2.704699082536851e-10
1.727440412839917e-16,0.9999897846202536,1.0215379746353749e-05
6.975262302533385e-07,0.12732264720982553,0.8726766552639441
1.5565740708752327e-10,0.9828685957170704,0.017131404127272192
0.9999999983233627,5.0412212262214063e-29,1.6766373701528191e-09
0.9999999851033705,9.089798233926845e-25,1.4896629429570357e-08
4.528692382027839e-13,0.9992825377778876,0.0007174622216594724
0.9999980233875899,2.4273727578869514e-22,1.9766124099667995e-06
3.028698880573955e-05,0.00022005045679559948,0.9997496625543987
0.005590163028360723,5.565363532111477e-06,0.9944042716081072
5.220693073338854e-12,0.9984668066602354,0.0015331933345438934
1.2312833847903359e-05,0.0771352663585441,0.922852420807608
1.2186378708845665e-14,0.999986326967175,1.367303281279676e-05
1.2985034065107782e-20,0.9999999878897577,1.2110242284817193e-08
1.79806705442643e-05,0.008125775765061773,0.991856243564394
5.416190172300579e-07,0.020921664418097338,0.9790777939628853
0.9999999870955961,2.129721682462619e-26,1.290440386365588e-08
0.9803545954068411,1.25061094617805e-11,0.019645404580652802
0.9999998206776788,6.684215478124057e-23,1.7932232116460873e-07
4.867322942220745e-24,0.999999999937452,6.254798222662694e-11
2.2842502170269632e-07,0.12117021137328132,0.8788295602016971
1.801268889725505e-18,0.9999994925456591,5.074543407737556e-07
2.3200053248603345e-27,0.999999999994517,5.482912891596872e-12
2.316940467491031e-07,0.35696515855509625,0.6430346097508569
2.2391712639572385e-11,0.9634291287426573,0.036570871234950945
0.999435344887543,5.9339464735649e-16,0.0005646551124563759
1.8441460903213973e-12,0.9991142892105426,0.0008857107876132877
1.447248823636715e-19,0.9999999410196588,5.8980341142358255e-08
0.9999998404690408,1.056742771055694e-24,1.5953095911313807e-07
0.00018295355521840513,1.7899941532195215e-05,0.9997991465032494
1.5136572886137186e-05,0.0396096651651986,0.9603751982619152
0.9997913333336822,3.801650814539196e-16,0.00020866666631727673
4.750581146661978e-21,0.9999999609992927,3.900070745254763e-08
3.6296218780967015e-20,0.9999999778645341,2.2135465816912987e-08
0.9999999990418427,6.946167346267624e-28,9.581572249403955e-10
0.9971850643646222,2.2944915016068025e-13,0.0028149356351484904
0.999274181187381,4.660663321048518e-15,0.0007258188126143345
1.0414263478195431e-23,0.9999999996489513,3.510487157954992e-10
4.941094761715329e-17,0.9999962439526858,3.756047314122463e-06
0.9991282199623006,8.60512733392566e-16,0.0008717800376985916
0.9889395967896859,5.881913019600983e-13,0.011060403209725784
2.8121514390713474e-06,0.025647317118615794,0.9743498707299453
5.612318281646365e-05,3.6410950438705615e-05,0.9999074658667448
0.0001588530984014697,0.0006803898788829566,0.9991607570227156
0.9996421320977712,1.1860066502019388e-16,0.0003578679022286221
8.494254262584791e-06,0.020523721701234055,0.9794677840445033
0.9995268534026505,2.0005734352180102e-15,0.00047314659734748986
0.0009609940618142701,2.0592476646325403e-06,0.999036946690521
7.690284711365622e-08,0.45538616822899214,0.5446137548681608
7.478405786698228e-06,0.00030587377760557055,0.9996866478166077
9.7088028701608e-11,0.9964617713934965,0.0035382285094154313
2.2078643700186382e-20,0.9999999839642957,1.6035704395072525e-08
0.9999999816836108,1.2758148993095076e-26,1.8316389248494362e-08
7.486333089106284e-23,0.9999999998211442,1.788557919362993e-10
0.998860948997163,5.491701191499612e-15,0.00113905100283126
0.9999799713881452,1.515733191038999e-18,2.0028611854888504e-05
0.004916768278089503,0.00023686504270137534,0.994846366679209
0.999999993074095,1.0630787309328455e-26,6.925904903921225e-09
0.003651590706482357,1.699512473248352e-05,0.9963314141687852
0.0025185728226976636,7.23598413656058e-07,0.9974807035788887
0.008808599534264121,8.925795553768545e-07,0.9911905078861805
5.723327103239812e-16,0.9999926108623115,7.389137687877142e-06
0.9999836031316734,5.8242293145097016e-18,1.639686832651451e-05
7.816342610831515e-16,0.9999952705296774,4.729470321812751e-06
0.0015808474701597477,2.0381255224468845e-05,0.9983987712746158
0.9989329520358177,6.419458351373951e-16,0.001067047964181596
0.0001883039534601027,0.00021278187222725157,0.9995989141743127
0.9999999996775064,1.776194849881855e-30,3.224935788950555e-10
3.698232840057293e-27,0.9999999999978946,2.105432339892127e-12
0.9996121559153297,1.7918215571435123e-15,0.00038784408466851583
1.90935492961489e-15,0.9999745639623754,2.5436037622548545e-05
0.9999937204871739,8.779826032167181e-20,6.27951282603963e-06
2.4059519594824792e-11,0.9735562809633796,0.026443719012560835
2.567706295100403e-16,0.999996770661801,3.2293381988374047e-06
2.1923390465277792e-07,0.11496965894672576,0.8850301218193696
2.2684175674863225e-14,0.9999560265963351,4.397340364233945e-05
0.9999999528215564,1.2443124723743823e-26,4.717844366527889e-08
0.9994624957696213,5.338931516355101e-15,0.0005375042303734381
0.0962885024096148,3.121412383855524e-08,0.9037114663762614
8.820664758351939e-07,0.012423416912366769,0.9875757010211574
0.9908271465387943,5.193958432032942e-14,0.0091728534611538
0.999999644111525,2.0268209879380955e-24,3.5588847510379787e-07
7.543386258602178e-16,0.9999983423646988,1.6576353005776682e-06
2.177663714741187e-10,0.9751162923170703,0.024883707465163215
0.9999944442872984,2.340265653896621e-18,5.555712701424809e-06
0.9912952664081961,9.340744893722975e-13,0.008704733590869727
6.976209208426332e-07,0.09370335737382414,0.9062959450052551
1.500967505952747e-11,0.9946496929934843,0.005350306991505982
2.5979597701063862e-24,0.9999999982799761,1.720023872000202e-09
6.9013123202050554e-15,0.9997262132200375,0.0002737867799556202
0.9999999949425846,2.5450821180390146e-27,5.057415300071172e-09
7.398900236071557e-13,0.9938054395932002,0.006194560406059834
4.337125648570374e-05,7.987622130022785e-05,0.9998767525222141
0.9993507945775016,1.4670008190151078e-15,0.0006492054224967862
0.0013690189132290222,2.6954596519468483e-06,0.998628285627119
0.9985950251655376,1.3795639591139943e-13,0.0014049748343245936
2.343328986462745e-10,0.9849664831113103,0.015033516654356852
0.9956736453492459,5.3386115646877196e-12,0.004326354645415696
1.6209455878601418e-12,0.9914856555262073,0.008514344472171795
9.301072084037417e-05,0.0013664864084614935,0.9985405028706982
0.9977569968356069,1.547361067306607e-14,0.0022430031643776256
2.4458266514543507e-16,0.9999985765355964,1.4234644033941786e-06
0.0007590343391411683,1.173647138479689e-06,0.9992397920137203
2.915162159327902e-18,0.9999997607855705,2.392144293553874e-07
1.6227665446059504e-20,0.9999999881306249,1.1869375158498415e-08
0.9951314647824946,1.164300357961965e-14,0.004868535217493634
0.9999431458315462,1.6260886247972332e-18,5.685416845379428e-05
0.004296108445984906,1.5778238879580604e-06,0.9957023137301271
2.8860518016082187e-16,0.9999818461658783,1.81538341215106e-05
5.0821370108758574e-11,0.9827226905119903,0.01727730943718826
0.9999999838232096,3.7748743584685597e-26,1.617679040048287e-08
0.0007929253293747048,3.5838109663668377e-07,0.9992067162895286
2.026490435518552e-11,0.9960114218657854,0.003988578113949801
1.6135855541985328e-17,0.9999990647002438,9.352997561819432e-07
0.04657185243267096,9.117859410237773e-07,0.953427235781388
1.0873717087104152e-21,0.9999999912007252,8.799274711561703e-09
4.639870066547782e-19,0.9999997136215336,2.863784664570024e-07
3.028973253338743e-06,0.19790251502971043,0.8020944559970363
0.9999999319061852,8.599296235508928e-25,6.8093814766862e-08
0.9999999973819444,1.3574817565673908e-27,2.6180554354065154e-09
0.0071547364159632205,9.082108817029522e-07,0.9928443553731551
0.0017732066387312999,9.734340795305097e-05,0.9981294499533155
0.9999999880911475,5.421893794288005e-28,1.1908852324084072e-08
0.0007715815019007706,0.00018497360432115579,0.999043444893778
0.9998203857654976,4.450347134628479e-20,0.0001796142345025224
0.002350036327822389,9.193433635542552e-08,0.9976498717378413
5.0447892280252455e-22,0.9999999864842037,1.3515796308086876e-08
0.001738555993688172,7.319628198154838e-06,0.9982541243781138
5.043625546054025e-11,0.9923515109501876,0.007648488999376206
1.4484272966058775e-15,0.9999782457717095,2.1754228289021657e-05
7.88076958308283e-24,0.9999999999522826,4.771747989751008e-11
8.799760949553291e-06,0.23655741260388735,0.763433787635163
0.9913632385968786,3.2613075138187914e-12,0.008636761399859992
2.557018282783691e-15,0.9999369621176051,6.303788239234348e-05
0.9999995466891872,2.1245776033734382e-24,4.533108126938968e-07
7.433826933478737e-14,0.9996618205358686,0.00033817946405688724
0.9999797087479831,6.281446741550699e-19,2.0291252016833406e-05
0.9999999958055195,2.6690343374749906e-26,4.194480441655469e-09
1.5361959332921527e-05,0.00044965580419502836,0.9995349822364721
0.9971073760728896,9.244208679689954e-15,0.0028926239271010942
1.3648751191993819e-18,0.9999996976261076,3.023738924756514e-07
6.4730768489030465e-12,0.9971167640959453,0.0028832358975816015
1.5440001997071687e-10,0.9799350696015571,0.020064930244042815
2.0865443320443702e-16,0.9999801569033119,1.9843096687812893e-05
4.038749580966516e-06,0.20063016298765018,0.7993657982627689
2.983381118661204e-09,0.6954178280772249,0.30458216893939394
2.050328177096852e-27,0.9999999999922331,7.766878338611363e-12
0.9998227085173403,5.112170234168512e-16,0.00017729148265920177
0.9999729120127582,1.7947883982741064e-19,2.7087987241825653e-05
0.00024573569867303215,0.0004164787337314154,0.9993377855675957
0.9999999374228964,1.4165831241592005e-23,6.257710357967644e-08
0.030942086645958725,1.00637538905935e-08,0.9690579032902874
0.9999999998571909,2.0116194782289043e-30,1.4280898913015806e-10
1.0488483329892079e-06,0.2258565200619682,0.7741424310896988
0.9999998293163186,2.4206566404223752e-24,1.70683681457938e-07
1.9612066221809657e-05,0.0003488397426105234,0.9996315481911676
0.0020580128874251864,2.1434967635247442e-06,0.9979398436158112
0.9999999893171957,5.0956795816351336e-27,1.0682804226147008e-08
1.3723507545455143e-06,0.094436868666885,0.9055617589823605
0.9999999406920794,2.305964338084573e-25,5.930792052052015e-08
7.683354604440446e-07,0.024971770712055273,0.9750274609524843
2.5613874207001194e-07,0.1292699066932183,0.8707298371680396
0.9979701729127683,1.6992296386201922e-14,0.0020298270872144944
7.087652141900898e-13,0.9993136799641495,0.0006863200351417247
6.785898806258846e-11,0.9853617701855191,0.014638229746621803
1.0976118851955044e-21,0.999999985349403,1.4650596906969978e-08
2.0082718043246815e-05,0.000662111557135428,0.9993178057248212
4.4987407465425187e-10,0.9899275556317594,0.01007244391836659
0.9999516468998014,2.794963399581464e-17,4.835310019862358e-05
0.9999998400623233,1.3100572899473684e-24,1.5993767663290114e-07
0.9999999998807405,2.656725592364138e-29,1.1925959932062285e-10
1.7559930243706992e-07,0.684686710713608,0.31531311368708964
2.1161472692793374e-16,0.9999919653190728,8.03468092689489e-06
0.009892194577453382,1.5072618859465427e-06,0.9901062981606606
7.741462923956771e-06,0.015795048143218263,0.9841972103938579
0.9995077057506577,1.3717073672898037e-15,0.0004922942493409251
6.081113641453332e-09,0.9448341510689507,0.055165842849935615
0.9973875426340727,7.527363768343624e-18,0.002612457365927214
4.941955243907908e-05,3.0612147911382934e-05,0.9999199682996495
6.631084197251731e-14,0.9997733556010185,0.000226644398915081
9.619090071709738e-13,0.9978552140250508,0.002144785973987363
0.00016253034763915445,9.130577073205014e-05,0.9997461638816287
0.0037223594943300528,2.1830036569756473e-08,0.9962776186756334
1.3325517132883597e-08,0.6372994489620922,0.36270053771239064
0.986622111799373,8.896955081505785e-13,0.013377888199737424
0.9672041113627013,3.0878115575358133e-12,0.03279588863421074
0.9991428400989585,5.677365146178612e-15,0.0008571599010357493
3.2029209311598135e-13,0.9994922178744301,0.000507782125249787
8.098438201333554e-10,0.9796039574394805,0.020396041750675706
0.9863353515719113,1.1158155178301726e-11,0.013664648416930622
0.00032646545350201677,6.648417510166897e-05,0.9996070503713963
2.479788586161679e-21,0.9999999955913108,4.4086892100188754e-09
0.9992155162364574,6.354813781929598e-16,0.0007844837635419092
0.9999997928107621,3.537355039707492e-23,2.0718923780485944e-07
0.21678409492656134,4.091987067079965e-09,0.7832159009814516
1.3055466730099037e-12,0.9970889492980736,0.0029110507006208045
1.6982983694737753e-26,0.9999999999967415,3.2585623004807498e-12
0.9999999912263332,8.288461749845099e-27,8.77366683020704e-09
0.9999956215753179,7.303610515053269e-20,4.378424682044467e-06
1.0827321782671307e-15,0.9999969021880463,3.0978119525169323e-06
0.999988866180173,3.2609734829884747e-19,1.1133819826849913e-05
9.377296304637506e-20,0.9999999507281991,4.9271800861945235e-08
0.9999999994620838,3.545226555859696e-30,5.379161459252713e-10
0.0004129211580136334,4.741376377187665e-06,0.9995823374656092
1.4117494241326222e-06,0.11471270431900767,0.8852858839315682
0.9995327752809835,1.227524312286032e-17,0.00046722471901657477
0.0032729752728652413,2.0619198463822984e-07,0.9967268185351501
5.993105740284214e-14,0.99993817723296,6.18227669801299e-05
0.00018045461607649587,0.0019497574842375174,0.997869787899686
0.9999998643317609,8.1062293336284075e-25,1.356682390220508e-07
4.583310303679371e-06,0.04782131880437074,0.9521740978853255
4.634389157069086e-09,0.9654742965087311,0.034525698856879936
0.999948526576452,3.740885497048439e-17,5.147342354802646e-05
1.142095401856688e-12,0.9989091070528007,0.0010908929460572583
5.84600797520364e-29,0.999999999999736,2.640405972249256e-13
8.112269683951051e-08,0.6823417660617517,0.3176581528155514
0.0065277736474610585,2.1206673520768517e-06,0.9934701056851869
1.1167249174849898e-15,0.9999771411059059,2.2858894093119285e-05
6.765530610009111e-27,0.9999999999983131,1.6868877205760513e-12
8.561820848031692e-10,0.9532190269960742,0.04678097214774361
0.9613181710117845,5.012247404434349e-12,0.03868182898320345
0.00035743309680921645,2.7671275798870615e-05,0.9996148956273919
0.0004418417573177115,6.327629356047825e-05,0.9994948819491218
0.8368720074589997,6.14572191692617e-11,0.16312799247954307
3.936795602187801e-20,0.9999999761950308,2.380496913743144e-08
0.0006590058385845137,1.5129174068699725e-05,0.9993258649873467
0.00011113626831912775,0.0012923698651498411,0.9985964938665312
1.5273875635941874e-11,0.9974794144739763,0.0025205855107498566
0.0003146794372025872,0.0006935999156271538,0.9989917206471702
0.9999999925838301,6.286528291038361e-26,7.416169903479604e-09
7.442045671676552e-06,0.037019216986247175,0.9629733409680812
2.827579616529345e-06,0.008908282214938707,0.9910888902054447
0.001265084289766261,9.721451678684532e-07,0.9987339435650658
5.03038310624982e-05,3.850399599875757e-05,0.9999111921729387
6.5585684769490204e-12,0.9942436527519706,0.005756347241470892
1.0076920865928122e-20,0.9999999956922792,4.3077208230751296e-09
0.9988639494922108,6.339269333428037e-16,0.001136050507788553
5.13105974287877e-16,0.9999984790179198,1.5209820797859352e-06
4.0603554075184663e-19,0.9999998937553798,1.06244620347652e-07
1.6264232312433431e-18,0.9999994551862534,5.448137466329966e-07
3.6126009345791615e-19,0.9999998658824993,1.3411750073406448e-07
0.009448606386900173,5.6150632949572625e-08,0.9905513374624668
0.9999526584184378,6.5443941291730646e-18,4.734158156215951e-05
3.489072509575431e-19,0.9999998965512091,1.034487907461544e-07
3.8960945643245004e-22,0.9999999973487412,2.6512587313385136e-09
0.9965618586423488,2.689404690932628e-13,0.0034381413573823286
2.4973863140118056e-06,0.06722775757698378,0.9327697450367022
0.999637828815511,1.113327674186218e-15,0.0003621711844879646
0.00010791338409914226,0.00835140051461717,0.9915406861012835
6.793739349225249e-06,0.0007291212948466871,0.9992640849658041
0.013719349763426533,7.968908994131651e-08,0.9862805705474835
3.318538000615507e-05,0.0041536386933549935,0.9958131759266389
0.999941664372858,3.449710497657955e-16,5.8335627141484045e-05
5.648022329553462e-19,0.9999999211434132,7.88565868518528e-08
0.9999999639838006,9.530488082316153e-28,3.601619937735948e-08
0.9999999150349451,3.104814366232947e-24,8.49650549532056e-08
1.7479638005071594e-12,0.9985616060031214,0.001438393995130769
0.9999255024706732,1.8227993341184866e-17,7.449752932668324e-05
1.475263348713941e-06,0.004021103376759272,0.995977421359892
3.0659157430257335e-15,0.9999949492312145,5.0507687824566e-06
0.9999999926572702,2.11383888044647e-27,7.342729671337664e-09
6.637709593142526e-05,0.00028909569134104714,0.9996445272127276
0.000697639641863027,2.050133744448558e-05,0.9992818590206924
6.30434655750096e-15,0.9999827887376439,1.7211262349973968e-05
0.999999992503387,4.266715346074949e-27,7.496612967219052e-09
5.109622571762958e-27,0.999999999997192,2.80792411095576e-12
0.9999994012528047,2.781389115448115e-23,5.987471951609065e-07
7.884916253195424e-28,0.9999999999974907,2.5092251726974897e-12
1.0009101409398248e-09,0.9139085833698388,0.08609141562925102
2.4497816005416628e-19,0.9999995612641213,4.387358787712008e-07
2.3615834391158885e-12,0.9948811969781183,0.0051188030195201215
7.899709726905875e-21,0.9999999901753437,9.824656260378065e-09
0.0015852547630014293,7.234139611813136e-05,0.9983424038408804
0.999999935265353,5.617729655949306e-26,6.473464690987284e-08
2.6411881817667597e-05,0.008893540689160975,0.9910800474290212
3.32707079571695e-10,0.9936697068857481,0.006330292781544863
5.92450576438811e-05,0.0015592910325067085,0.9983814639098494
1.9863869627461984e-06,0.04997025443909971,0.9500277591739374
0.00016029273221628153,3.830859167408104e-06,0.9998358764086163
1.2580838704135107e-14,0.9999868839521334,1.311604785397067e-05
2.864375672732682e-15,0.9999902424016653,9.757598331784737e-06
6.479047716482931e-06,0.03453634406049622,0.9654571768917873
0.9957419927934706,2.9881501731072854e-13,0.004258007206230749
0.9991393221234482,1.5610348651213477e-14,0.0008606778765362273
4.558261482534759e-25,0.999999999957534,4.246612538745403e-11
3.517454681496804e-28,0.9999999999992311,7.690097089208515e-13
0.00018376446542825117,9.990030931387819e-07,0.9998152365314786
0.9997963643861297,1.0202725311178698e-15,0.0002036356138691586
2.0241201570835624e-07,0.5083059368954874,0.4916938606924969
1.8172978005202824e-12,0.9994910313389975,0.0005089686591850663
0.00046326205984496713,0.0007134625904132848,0.9988232753497418
2.56655522092746e-05,0.029147819142968448,0.9708265153048223
4.34255246177941e-15,0.9999469072901681,5.3092709827393315e-05
1.0594565174705197e-16,0.9999932575238372,6.7424761629053715e-06
0.9999441636310749,1.3348640371679503e-16,5.5836368924853075e-05
0.07242186117727831,6.010461861084269e-08,0.9275780787181029
1.4932806833617056e-10,0.9665123114305043,0.03348768842016771
0.00034076387959155275,1.330251664605583e-06,0.9996579058687439
0.9999810645546698,5.818081797587454e-19,1.8935445330168674e-05
0.9891681054913186,2.2336508487005016e-12,0.010831894506447573
1.7271837992502863e-18,0.9999994693918894,5.306081105547762e-07
3.799929008348197e-18,0.9999993290577961,6.709422039703746e-07
0.9999984717000971,3.236816232828668e-22,1.5282999028311495e-06
0.999999999642845,2.6432731154774817e-30,3.5715493214665207e-10
4.2897326381575575e-16,0.9999946673873844,5.332612615126037e-06
6.8272265559003e-16,0.9999905695788013,9.430421198094207e-06
0.19784721003999156,2.1421773624815834e-08,0.8021527685382347
1.6215281929405147e-12,0.9962840480827863,0.0037159519155922217
8.099393982737205e-06,0.0896530977156731,0.9103388028903443
0.9999999907652254,1.8628822337593472e-25,9.234774526827362e-09
0.00011437240014688269,2.3416444284915797e-05,0.9998622111555683
1.3544089102093167e-29,0.9999999999978795,2.1205301787098616e-12
0.9999800723586001,3.1523688332727836e-18,1.9927641399840657e-05
0.00011455217564653869,0.00015948976513807152,0.9997259580592155
0.999999999702188,4.765424150933393e-30,2.97812098715431e-10
2.0213775149499706e-08,0.8922288844189599,0.10777109536726492
2.7341279032269288e-08,0.7986827260908327,0.20131724656788832
3.775761200358434e-27,0.9999999999920386,7.961298363229913e-12
2.2953461953765383e-12,0.9997270081667575,0.0002729918309471832
0.0002630753696067569,2.787213758601385e-05,0.9997090524928073
0.0001458918388630426,4.2952381087267235e-06,0.9998498129230282
6.9202981365363375e-06,4.089069929690001e-05,0.9999521890025664
5.636929952731558e-20,0.999999891696314,1.0830368601835657e-07
3.964777363353357e-13,0.9998766590996928,0.0001233408999106332
3.709832368072519e-07,0.4449603452261393,0.555039283790624
0.9999999937648327,8.56721555635198e-28,6.2351673202357805e-09
6.018184838401182e-09,0.9049803589364115,0.09501963504540366
0.0009479111679165167,0.000136221325143722,0.9989158675069396
0.99999999975613,6.864105688511587e-30,2.4386999327571036e-10
4.4640881893345565e-25,0.999999999913534,8.646590478243486e-11
0.00026787671995338126,8.49339869850815e-05,0.9996471892930614
0.9995022079643435,1.079261239616591e-13,0.0004977920355486897
5.295358701116202e-18,0.9999998955632037,1.0443679628049446e-07
0.9999999969354461,1.464698066767525e-25,3.0645538951235583e-09
0.005294468219777108,8.805588204231423e-07,0.9947046512214025
0.999938072846219,1.9151112300253267e-16,6.192715378078615e-05
3.5037673550379366e-26,0.9999999999848184,1.5181533458643415e-11
2.2887990838745714e-15,0.9999477575233819,5.224247661584811e-05
0.999999999581054,1.1699998320768584e-27,4.18946077897016e-10
0.0001511976186731185,0.0014414849620200862,0.9984073174193069
2.5697655173312055e-13,0.9998594673081741,0.00014053269156898872
8.442723721783312e-25,0.9999999999876938,1.2306138315832726e-11
1.0492114074507724e-19,0.9999999488973756,5.110262445369003e-08
9.394078616307991e-09,0.9360464162523929,0.06395357435352869
0.9999824281388497,2.1713355442158877e-18,1.7571861150395013e-05
8.399937160314707e-06,0.05119904167584729,0.9487925583869924
4.699019042991963e-06,0.1930939433610143,0.8069013576199427
0.999999999201904,2.4832128451514557e-29,7.980959844938681e-10
0.00038199525025440904,0.00011325061157532902,0.9995047541381702
2.164287230463168e-06,0.06911174885100878,0.9308860868617607
0.001701014170046008,1.3480746982455699e-07,0.9982988510224841
0.9999999825556066,6.532185803150788e-26,1.7444393332004573e-08
0.006215139135491717,7.493499551144182e-06,0.9937773673649571
9.925643095886763e-22,0.9999999987613126,1.238687457659105e-09
0.9999999883093776,5.735791158135234e-26,1.1690622252239456e-08
4.684286205578892e-09,0.4595245795660227,0.540475415749691
0.9999829651330392,1.9332285923653996e-19,1.7034866960895672e-05
0.9987581237374327,5.2647216469313937e-14,0.0012418762625147092
2.5530404167189576e-11,0.9924144274466322,0.007585572527837261
0.9999092356517104,1.0442242524431406e-18,9.076434828970432e-05
2.0849529528416842e-08,0.754236385763241,0.24576359338722958
0.9999999978598053,9.256217409770163e-28,2.140194679563761e-09
0.9999975131690464,5.449330594497717e-20,2.486830953617919e-06
1.902973283095108e-06,0.0003334520138215852,0.9996646450128953
9.155511741839429e-15,0.999854731164935,0.00014526883505600781
0.0004926467903582729,0.0004047217480285625,0.9991026314616132
0.9999999786240228,1.8843542828152397e-26,2.1375977265884805e-08
0.999901594673138,2.698129107099729e-17,9.840532686201053e-05
0.0005353602292491948,6.260611648178086e-05,0.999402033654269
5.917577933422903e-05,2.2765278622496717e-05,0.9999180589420432
0.9999828323636543,9.072975033768817e-19,1.7167636345842014e-05
0.0809604676042823,3.066988501202943e-08,0.9190395017258326
0.9998369934109752,1.1672819949272701e-14,0.00016300658901294613
0.007371948381916624,2.109065250304541e-05,0.9926069609655802
2.885163147473063e-06,0.13999570879066744,0.860001406046185
0.010749010098856279,5.176600750141894e-06,0.9892458133003935
2.7519736746194114e-12,0.9985873727799137,0.0014126272173344957
0.019317655103607737,3.228472861424882e-07,0.9806820220491062
8.01271099926531e-10,0.9486759234826557,0.0513240757160733
4.918908594196717e-21,0.9999999545917558,4.5408244317248736e-08
2.6950101475691304e-10,0.9632890262671667,0.036710973463332255
0.0010766606170845936,8.231726218461098e-08,0.9989232570656533
0.9999999994155904,1.0778181336692e-28,5.844095613450406e-10
0.9974754769339652,4.5887301562133844e-14,0.002524523065989024
5.890782811109294e-06,0.03068767966194464,0.9693064295552443
3.464525227880021e-11,0.9918889951444869,0.008111004820867901
9.385524933320445e-16,0.9999846612101987,1.5338789800401543e-05
9.270313051720037e-09,0.38620358924997167,0.6137964014797153
5.1338804000597085e-05,0.00020060443204377928,0.9997480567639556
0.0017021423943203342,5.4412513406047874e-06,0.9982924163543391
1.2524171129344145e-24,0.9999999999253224,7.467756243718481e-11
1.7148125514813903e-17,0.9999979515112224,2.0484887776017053e-06
8.927830449119113e-05,1.4990222984189485e-05,0.9998957314725248
0.9894229118735072,2.755731272811731e-12,0.010577088123737104
1.3351722416434722e-05,0.16557293351323166,0.8344137147643519
3.2039034954636416e-16,0.9999953781916687,4.621808331193613e-06
2.097926299019838e-05,0.002730248556162017,0.9972487721808477
0.9999996442967884,3.1618237608160817e-24,3.557032115853462e-07
0.9999997805402994,6.19466084185008e-23,2.194597007343842e-07
0.9974600820616771,3.196180408066911e-13,0.002539917938003232
5.914690170658773e-06,0.14149747113396308,0.8584966141758663
7.13269671329381e-07,0.16024790146505535,0.8397513852652734
1.729640632666316e-17,0.9999967383547945,3.2616452054316474e-06
0.9999999999381255,1.1378039803479998e-30,6.187452913259659e-11
0.004797424837508603,3.538056671925564e-07,0.9952022213568242
2.2383117573171948e-17,0.9999977208134032,2.2791865967898055e-06
3.0224119031222765e-13,0.9990095105365683,0.0009904894631293068
0.012738739633719588,9.636264431831443e-07,0.9872602967398373
2.450640804657563e-19,0.9999999396692792,6.03307208541615e-08
0.005560139435485177,2.453252333031997e-06,0.9944374073121818
1.9820948915114842e-20,0.9999999208975057,7.910249440239247e-08
1.4658092188607986e-16,0.9999955815031306,4.418496869169217e-06
1.7684750676182186e-06,0.3040346307609401,0.6959636007639923
2.7918115692612396e-13,0.9999713179296763,2.8682070044720367e-05
3.244424539237612e-17,0.9999996537323508,3.4626764918545594e-07
4.574989099455651e-08,0.7026622132816356,0.29733774096847354
0.9996510886005392,6.719226697890146e-15,0.00034891139945417604
1.196177045232546e-20,0.9999999924127064,7.587293650036302e-09
0.9456700321972232,6.1060689080023894e-12,0.05432996779667073
0.999999999965681,1.0640574836331022e-30,3.431904284685149e-11
1.3162099326799455e-11,0.9798558007474785,0.020144199239359426
0.9999889496373233,1.3092162932641052e-19,1.1050362676676774e-05
0.999980951979371,3.217998681806803e-19,1.9048020628999076e-05
0.08502986263588364,2.3596210257162178e-07,0.9149699014020137
0.9999922196141735,3.5806677363779663e-22,7.780385826468283e-06
9.539840472105118e-14,0.9996973567870576,0.0003026432128469213
0.9999999996708981,1.3830357030274837e-29,3.2910192635131934e-10
0.0012761030191453112,1.8540061192662227e-05,0.998705356919662
0.9999999988611392,7.388776478609882e-29,1.138860721491197e-09
3.043643349421296e-05,0.0036907029433810626,0.9962788606231248
2.5628435491589202e-20,0.999999905875157,9.412484306068852e-08
9.174385083105505e-17,0.9999962679076148,3.732092385144292e-06
4.952802737113624e-13,0.9995713609673872,0.0004286390321173142
2.1734298161274178e-07,0.06931906280108284,0.9306807198559355
0.9999673026197065,4.558436231251609e-18,3.2697380293634523e-05
1.1960113846354028e-20,0.9999999614330816,3.8566918384081224e-08
0.9999240844590935,2.9816480394313165e-19,7.591554090656545e-05
2.984340246405733e-11,0.9853423869094562,0.01465761306070043
5.932611429924292e-05,0.00756102025482,0.9923796536308808
9.439622178421946e-06,0.0006849681839305175,0.9993055921938909
1.103856847690207e-05,0.0015734850057835088,0.9984154764257396
0.9999999994614612,1.1334354089448997e-29,5.385386924833094e-10
0.11617033235806988,4.7594643573500353e-07,0.8838291916954943
0.03885169945996769,1.297636060581618e-07,0.9611481707764261
0.003576658179071041,2.988729409282932e-07,0.9964230429479881
1.0291380511556494e-10,0.9924450076067052,0.007554992290380912
0.0022245147093857493,1.995662097073844e-06,0.9977734896285172
0.9997996268100763,6.221636543595459e-16,0.00020037318992297841
1.0162736156770254e-07,0.22864296551410582,0.7713569328585326
1.2889975174604528e-05,0.002086764946186751,0.9979003450786387
0.9999928280670457,7.741120626227165e-21,7.1719329543213234e-06
3.1457213114601578e-15,0.9999882524560556,1.1747543941231173e-05
0.999302632088373,2.3917603151396475e-14,0.0006973679116029572
0.9986176472960646,1.430364377459235e-14,0.0013823527039210002
0.026126688757680136,1.6659219653757665e-08,0.9738732945831003
8.152423851439662e-05,0.025496618367616984,0.9744218573938686
4.69390187856211e-05,6.675934351098358e-06,0.9999463850468633
7.204686022172712e-07,0.3495287405800663,0.6504705389513316
1.0888842263695113e-12,0.9945542636382297,0.005445736360681345
0.9999776617186076,8.27411975080499e-20,2.233828139243189e-05
0.00020491869991646163,9.885252053881285e-05,0.9996962287795447
0.9999999759301269,4.184691425870325e-27,2.4069872965230733e-08
1.9553290828065647e-07,0.0023961472568658788,0.9976036572102259
0.9997831947549721,6.234937378792928e-16,0.0002168052450273111
2.2420262691605748e-05,0.0013314934568534223,0.998646086280455
1.0965349357637528e-07,0.5994795051974169,0.4005203851490896
0.00011500638026827004,6.057905400444203e-06,0.9998789357143314
0.9927923267424683,1.2340797982155528e-13,0.007207673257408234
0.03292653784154736,2.991495449367743e-07,0.9670731630089078
2.4255764538631613e-28,0.9999999999961275,3.872391071670545e-12
8.955122855912147e-05,0.00016518415346537162,0.9997452646179755
1.787821593247439e-05,0.008518828743668667,0.9914632930403988
0.0009327325125850312,1.8745461319930648e-06,0.9990653929412829
4.1208641884524165e-26,0.9999999999150198,8.498013494033088e-11
2.061454668606788e-06,0.04675685238706099,0.9532410861582705
2.3429788717927047e-27,0.9999999999987985,1.2015220198022372e-12
9.79946859288493e-23,0.999999999680842,3.1915801177209326e-10
4.51994224953197e-10,0.962923188446304,0.03707681110170168
2.85990170313567e-09,0.9366633806090688,0.06333661653102951
1.5278864623346348e-13,0.9997345769070326,0.0002654230928146521
0.9999999958065178,6.743548076945816e-26,4.193482265494406e-09
9.482263992662313e-16,0.9999396893119739,6.0310688025118124e-05
1.439011370843002e-19,0.9999994985572055,5.014427945573204e-07
1.1546660433026915e-16,0.999992213953114,7.786046885731002e-06
2.0038013291524165e-05,0.008389423804930083,0.9915905381817786
8.35466091950628e-24,0.9999999999311087,6.889134133246763e-11
5.563750540143937e-12,0.9921815433937577,0.007818456600678661
2.208246215831024e-06,0.12447967873195487,0.8755181130218292
4.228027839195842e-12,0.9990184237939234,0.000981576201848657
0.9999999936748216,5.670618223899846e-28,6.325178451292826e-09
9.062914419261265e-05,6.8576491149672255e-06,0.9999025132066924
3.5201872520872756e-05,0.0013133852655078996,0.9986514128619713
6.450289656463003e-08,0.5191664383588356,0.4808334971382678
0.9732567832509774,2.1665480997883367e-12,0.026743216746856095
9.286487049113876e-26,0.9999999999887075,1.1292503562655298e-11
1.8933397475738568e-29,0.9999999999995246,4.754207358696124e-13
8.139480623782731e-10,0.8669048404942505,0.13309515869180158
0.9999979927469403,7.847966191544365e-21,2.0072530597128103e-06
4.970760860671399e-07,0.041216310007452225,0.9587831929164617
0.9527250299689662,7.309327994043817e-12,0.047274970023724376
0.9999999317486077,6.073242658681756e-25,6.825139236002263e-08
0.9999999790078073,1.372683504375551e-25,2.099219259925935e-08
0.9999999893700257,3.3440192217758916e-26,1.0629974417723071e-08
0.0011083425323685763,5.232749161541768e-06,0.9988864247184699
1.8042989927668743e-27,0.9999999999979268,2.0731572006972697e-12
0.9999999581345504,7.24026500975134e-27,4.1865449535920656e-08
0.0006328842448090646,3.787911430680034e-05,0.9993292366408841
0.9999675164683661,2.8714010419241405e-16,3.248353163357888e-05
4.4165154120397326e-17,0.9999972531772416,2.7468227583704853e-06
0.9999999360490773,1.6005732452593326e-26,6.39509226749803e-08
4.263875829896706e-06,0.0005210118088370779,0.9994747243153329
0.9817391432897538,1.2268994959844566e-12,0.018260856709019356
4.7833954657363524e-12,0.9945299180990692,0.005470081896147527
0.9999998817185709,3.154917489396844e-24,1.1828142907385011e-07
3.3469254527473866e-05,0.000588135198316994,0.9993783955471555
0.9999853513408139,7.739872464941561e-19,1.4648659186085968e-05
0.9999999894817667,3.998148477848227e-27,1.0518233365991919e-08
0.9499761146722083,4.4707342023468947e-13,0.05002388532734468
0.999771334758084,1.5340644385310416e-17,0.0002286652419159699
2.513482877115462e-12,0.9975189069007092,0.002481093096777181
0.9774268404319388,9.73153290517275e-12,0.022573159558329604
1.1723985789038972e-05,0.001678501064589428,0.9983097749496215
0.9999052649603906,2.912134846075861e-16,9.473503960914556e-05
0.9874328499117271,9.771188351137929e-13,0.01256715008729576
0.9999999998215767,2.394235976654026e-30,1.784232427934639e-10
5.437111832872654e-09,0.8810583031724238,0.11894169139046437
9.341799468974224e-13,0.9997452960294732,0.00025470396959264777
0.013100747185050589,1.4885002291907213e-07,0.9868991039649264
0.9998080548637168,2.5586750314856087e-16,0.00019194513628294883
0.0002646207017063801,0.00017408740294678582,0.9995612918953468
4.236438343938448e-22,0.9999999986836199,1.3163800691984498e-09
7.311789277449105e-05,0.003340197709462131,0.9965866843977633
0.9999998258335746,1.6445768747062664e-23,1.741664254044551e-07
1.9854986271456485e-25,0.9999999999968161,3.183961531993055e-12
7.367563911826199e-06,0.0002979468731414888,0.9996946855629466
0.9834337507855322,3.264835418676894e-12,0.016566249211203043
0.96892212733939,2.2758041031156753e-13,0.031077872660382314
4.29643749768709e-05,0.00047194830150837754,0.9994850873235148
6.225435203663656e-19,0.9999996677684924,3.322315076677997e-07
2.425881090271788e-11,0.9968940281033336,0.0031059718724075797
0.9978570216834062,2.054422088567444e-14,0.002142978316573058
0.9972350574206515,2.070476576358112e-13,0.0027649425791413432
0.9999154738965388,8.068919195389515e-15,8.452610345323397e-05
4.442891393334273e-17,0.999996245003884,3.754996116121555e-06
0.9973388853756777,2.9996145481589446e-14,0.002661114624292496
2.021826437051531e-11,0.9975604766327714,0.002439523347010266
6.815500792047208e-18,0.9999990535700005,9.464299994952165e-07
0.9999998355708626,1.3779728182588608e-25,1.6442913748400875e-07
0.9999945949891841,2.2604634298018693e-22,5.4050108160151045e-06
0.000536286257578738,0.0017628195991077882,0.9977008941433134
1.6273391084401423e-05,0.0006321777245817069,0.9993515488843339
0.9998730784601318,4.543084285012917e-17,0.00012692153986807394
4.305357706962602e-27,0.9999999999992146,7.854068131152807e-13
0.00037186311049410735,1.7181905703185128e-06,0.9996264186989356
0.9999722494578114,1.1161569920448526e-18,2.7750542188707014e-05
0.00054930681646255,1.3790036747763829e-05,0.9994369031467897
1.5808774299230719e-15,0.9999484937355975,5.1506264400867483e-05
5.272578395339692e-26,0.9999999999729279,2.7072155068445835e-11
2.2392949235372695e-11,0.9919659098543401,0.008034090123266995
0.003379609674219856,1.0632282319842176e-06,0.9966193270975481
0.9999837011497437,2.860155523965219e-20,1.6298850256312086e-05
0.9999045882806545,5.543268855780521e-18,9.541171934551824e-05
1.7208349932974936e-05,0.0560139862562618,0.9439688053938053
7.953070254491129e-10,0.8559468439588196,0.14405315524587334
0.9916256737969172,1.3650368200831342e-12,0.008374326201717975
2.7140184232286267e-07,0.05146561286239083,0.9485341157357668
0.999991493751245,5.837768744226759e-20,8.50624875501676e-06
0.000882944721323214,1.551284902995685e-05,0.9991015424296468
9.325240309248261e-10,0.9539918819129363,0.046008117154539764
0.999956925134472,9.65321370081449e-18,4.3074865527958734e-05
0.001606451375899673,1.850890581224552e-05,0.998375039718288
0.0004511974745104938,4.596837687232056e-05,0.9995028341486173
0.0001913886758711611,4.0892841294659785e-06,0.9998045220399994
0.0013715774292921935,1.3942721505238635e-05,0.9986144798492026
0.00048625674864682646,1.2924912348479378e-05,0.9995008183390047
7.73367128831845e-07,0.03092188845044484,0.9690773381824265
1.3184062223846878e-05,3.532703809588186e-05,0.9999514888996803
0.9778857038727048,5.203416402493789e-13,0.022114296126774964
0.9998955505620353,1.9045859059091427e-17,0.00010444943796464804
4.080470238646431e-07,0.008571990368624764,0.9914276015843515
1.272732009496506e-12,0.99778777450796,0.0022122254907671114
0.7360913655617749,8.284863638880694e-09,0.2639086261533615
0.9961426258889514,8.829748395063255e-15,0.003857374111039704
4.9015724431978025e-14,0.9994164812792674,0.0005835187206836362
4.10039541697071e-07,0.11025536767927074,0.8897442222811877
0.0012251437265460795,1.075950497137472e-05,0.9987640967684825
3.45150375870788e-06,0.06752372932137561,0.9324728191748657
0.00033385092353581766,4.99601793468628e-05,0.9996161888971173
1.97931658795607e-17,0.999997981777274,2.018222725949381e-06
0.9999744163699233,3.2415165479736023e-18,2.558363007673918e-05
0.017615671230804295,6.45605787023044e-08,0.9823842642086169
0.9999314880493895,1.0392253636624606e-16,6.851195061045413e-05
0.0002738056867291649,7.714494696247596e-05,0.9996490493663083
0.031092924724456066,2.531045371894325e-07,0.9689068221710067
0.9999999988573334,4.195241414551078e-28,1.142666525684362e-09
0.8406727029025061,2.9563126260263424e-11,0.15932729706793072
0.9996503521624579,4.415293443616897e-17,0.0003496478375421029
9.483904834084201e-05,0.00534387792787005,0.9945612830237891
0.9999999934301846,8.285196154620883e-25,6.5698153111234585e-09
0.9980982118620486,6.461235202860144e-16,0.0019017881379508469
0.0024976824594681573,8.962938816801644e-08,0.9975022279111436
0.999992122995206,1.1546000415473139e-20,7.87700479407406e-06
0.9999333933444692,1.9474400248233747e-19,6.660665553080541e-05
0.9998893127007459,1.3714524413141756e-18,0.0001106872992542156
2.256645735014663e-18,0.9999999514566337,4.8543366224352516e-08
0.0019411140004001316,2.9947281274187635e-07,0.9980585865267871
1.186633538402845e-10,0.9965969121793444,0.0034030877019922
0.0037254089882985176,4.362736157110801e-06,0.9962702282755443
3.67200280679709e-12,0.9992179187768313,0.0007820812194966568
0.0001834542413089158,1.0927862436200132e-05,0.9998056178962548
1.6455538240046762e-13,0.9992549115658925,0.0007450884339428747
3.304683704860718e-22,0.9999999981703245,1.8296755378209137e-09
5.465120672068404e-05,0.00019160641421745714,0.9997537423790619
0.9999999848715595,3.2161115205566895e-25,1.51284406027048e-08
1.9585181723094266e-18,0.9999988289191079,1.171080892138839e-06
3.5498568075673366e-05,0.005189542003296962,0.9947749594286273
1.0097794435764337e-07,0.002665806515516339,0.9973340925065394
0.9999996680451334,3.329030396967491e-22,3.319548667337131e-07
0.00010268509258352613,0.0008551328594782391,0.9990421820479382
0.007757911916789469,2.1858853854710726e-06,0.9922399021978251
8.916750088805067e-08,0.12493335650905607,0.875066554323443
0.006182935258210708,3.757923068132283e-06,0.993813306818721
4.004456191473955e-15,0.9999856278293867,1.4372170609312533e-05
0.8484870191542562,1.7253626665007874e-10,0.1515129806732076
0.0008118862234015209,4.6394967039882365e-06,0.9991834742798944
1.9760854350397026e-18,0.9999998828357031,1.1716429701055429e-07
2.20656566053567e-11,0.9957539334563053,0.004246066521629033
0.9989156834558593,1.6947143338851941e-16,0.001084316544140431
1.3446085742596798e-08,0.9584456064782444,0.04155438007566977
0.9999606982291038,2.508450737364994e-16,3.9301770895974004e-05
4.465106481005753e-12,0.9963366440000889,0.003663355995445933
0.9994285144275061,4.788929652606948e-15,0.0005714855724889477
2.8373319418583097e-15,0.9999507715655644,4.922843443271534e-05
0.9982842838764233,6.026890461620912e-14,0.0017157161235164472
0.00014154764924492557,0.00017873434249091275,0.999679718008264
0.9998992105580725,2.408353673551773e-16,0.00010078944192713375
2.5540072223091065e-22,0.9999999995072013,4.927986781183185e-10
0.0017128036348514756,5.232332637397784e-05,0.9982348730387746
1.529168335462323e-08,0.7526035522161056,0.2473964324922111
0.9955441503303495,9.4227528893174e-15,0.004455849669641085
0.0005625079140287726,2.193582039669603e-05,0.9994155562655744
9.263920274598529e-18,0.9999982648449502,1.7351550498203142e-06
5.3885436122700585e-27,0.9999999999969031,3.096910625607351e-12
0.9803820792462775,5.917724573549426e-13,0.01961792075313074
7.2330585059655966e-09,0.9357464243249751,0.06425356844196634
0.9999999997744538,8.203410734128616e-30,2.2554614513588425e-10
2.7545775225162495e-06,0.004171509627134896,0.9958257357953426
0.00020998131910004511,0.00011678676566343534,0.9996732319152365
0.0001924259483202812,7.08974823598059e-05,0.9997366765693199
3.399618193730551e-05,3.501687005841068e-05,0.9999309869480044
3.417410598646948e-05,0.0017688503387635853,0.99819697555525
0.9833594447688182,1.5602497092525067e-12,0.016640555229621552
0.9978835887904306,1.4309440269338038e-14,0.002116411209554873
7.999526713972249e-05,5.4638541804759865e-05,0.9998653661910555
0.9999999998044409,1.8417007931576482e-29,1.9555905659875613e-10
3.2016628446332294e-14,0.9998089952931751,0.00019100470679297152
1.1759190688078912e-05,0.0033100595191884437,0.9966781812901234
0.9821990641284606,6.4958187020421556e-12,0.017800935865043523
2.3365903512398049e-07,0.05054718877004934,0.9494525775709155
5.619696153968574e-05,0.0001201596143914993,0.9998236434240689
2.1732362069460646e-11,0.9897396668814414,0.010260333096826195
2.1330221912858512e-05,0.0008510775206394012,0.9991275922574477
0.9998398381741894,5.9442874682213165e-15,0.0001601618258044752
7.837306131302406e-10,0.9323357217929628,0.06766427742330663
7.235502309125459e-23,0.9999999989244626,1.0755373484337705e-09
0.9999979215172841,4.449036713333924e-20,2.078482715850592e-06
2.051155674261638e-24,0.9999999998469442,1.5305576043246966e-10
0.9999999999481086,1.2118481298749694e-30,5.189132862598517e-11
0.9999903990251413,1.76590932727039e-20,9.600974858637531e-06
0.9972871698994178,4.812449120999287e-13,0.002712830100101081
0.998469721402378,5.565647699504905e-15,0.0015302785976163292
0.00013361172805368096,0.00018989096447112356,0.9996764973074752
0.0006641406673732611,8.402541680179089e-05,0.999251833915825
0.00023924963655773222,0.00512174262535458,0.9946390077380877
0.9999999948249714,2.927815251666784e-27,5.175028579354789e-09
1.485773403634173e-05,0.0015972223311871829,0.9983879199347766
7.870308007706085e-10,0.9947485961556887,0.005251403057280496
0.9999938782433965,5.18182930878493e-19,6.121756603631493e-06
0.9983094129065239,5.3514677501761404e-14,0.0016905870934227996
3.4070670696259575e-05,0.039475002397723814,0.9604909269315799
0.9970425718790709,1.2067948927786938e-15,0.0029574281209279853
0.7667838294707462,4.215107433243753e-11,0.23321617048710266
0.98904650249862,1.2714146537069532e-13,0.010953497501252761
0.999988275126086,6.09250489306053e-20,1.172487391395025e-05
0.9963230094002139,4.704617075684425e-14,0.0036769905997389354
4.904378451589609e-21,0.9999999948082594,5.1917405001515844e-09
7.311092514431038e-21,0.9999999979006826,2.099317334457098e-09
1.2981329184813176e-27,0.9999999999987672,1.2328259958970895e-12
1.3832523292753886e-24,0.999999999958088,4.191207802849908e-11
0.004045141155746427,0.00016505487178800754,0.9957898039724656
0.9999999967867681,3.539950222646953e-28,3.2132319642756045e-09
0.9999917382458863,1.6408908145963992e-21,8.261754113651805e-06
0.9999915641134199,1.3292224131737396e-18,8.435886579946115e-06
5.385378160020304e-18,0.9999991744967955,8.255032044048147e-07
1.3071012218801014e-12,0.9983928957098517,0.0016071042888412559
1.5229442264823325e-05,0.0003836934222096157,0.9996010771355255
0.0002021676810258107,2.3274602566505557e-05,0.9997745577164078
0.9999998054029636,2.1264296025696447e-23,1.9459703644281562e-07
0.9999997913016783,2.5845433958746207e-24,2.0869832175695404e-07
5.734029083576159e-16,0.9999930953338549,6.904666144392127e-06
0.9999993667148461,5.595791404292104e-25,6.332851539220452e-07
0.011572860801054331,5.384490571686214e-06,0.988421754708374
3.1486133120543022e-09,0.9081376634809303,0.09186233337045639
0.9999998997848021,1.4804707519252456e-23,1.0021519786140511e-07
0.9999999997945579,3.07286753504883e-29,2.0544202699344853e-10
2.3404930776634013e-06,0.01138414852273478,0.9886135109841876
3.659741931704792e-16,0.9999864097002159,1.3590299783708359e-05
2.5862498921298454e-27,0.999999999992687,7.312941805245594e-12
1.3543536515805446e-18,0.9999999779464754,2.2053524411023423e-08
9.391422474322878e-09,0.802805905468596,0.1971940851399816
0.9999991717433724,1.318625994706465e-23,8.282566276856186e-07
1.5260855729927482e-26,0.999999999986269,1.3731006487118354e-11
0.9999963323804357,7.817577246060536e-21,3.6676195641739328e-06
9.622721878012245e-05,0.00015023965941546468,0.9997535331218044
1.6577629742236487e-24,0.9999999998326945,1.6730559614927356e-10
0.04650956378533586,2.064873042098735e-09,0.9534904341497911
0.9998827079450251,6.388051115078439e-19,0.000117292054975017
3.466470097491864e-11,0.9985286813737593,0.001471318591575911
1.2125247466292467e-21,0.9999999863831917,1.3616808318597856e-08
0.9999999982132659,1.2531077095739473e-27,1.7867340282730372e-09
0.999999976531028,6.288571717540324e-26,2.3468971891615058e-08
0.9999998015466157,2.4517947719664853e-23,1.9845338429704855e-07
1.0603622540412061e-09,0.8454919328152314,0.15450806612440646
0.9993919108614115,4.1702552737774185e-16,0.000608089138587921
7.400363079155934e-27,0.9999999999947129,5.286994533252012e-12
1.7427342414670867e-18,0.9999995488406815,4.511593184929841e-07
0.998023395175845,2.4750168803498753e-14,0.0019766048241301455
0.9523538166252515,2.718867934313192e-12,0.04764618337202975
0.009635694484713664,3.086153521880606e-09,0.9903643024291328
4.898406547394344e-10,0.9365458791611372,0.06345412034902218
1.0330448211650475e-12,0.999833882738007,0.00016611726095985092
3.554188485401932e-05,0.015197492427635417,0.9847669656875107
2.635733999033992e-21,0.9999999930313903,6.968609691964899e-09
1.5285271397135607e-05,0.0029212031058133752,0.9970635116227894
0.09869570301027618,7.726195262505986e-08,0.9013042197277711
0.9999871313389413,1.3872453263117424e-18,1.2868661058566813e-05
0.0015181494600523284,3.3023411880538396e-06,0.9984785481987597
2.0361690381384e-17,0.9999996203404276,3.79659572517613e-07
0.0007592860113839894,4.683167589417432e-06,0.9992360308210266
0.9999999304944986,4.913107460545782e-25,6.950550142656496e-08
0.9999999582865406,1.0741632704240452e-24,4.171345936155676e-08
0.9999894249460939,3.312929347399543e-20,1.0575053906067172e-05
0.9999999990804234,8.167428545534983e-27,9.195767243153516e-10
0.9999999999417957,1.0777197801664373e-30,5.8204354905444664e-11
0.9999999144218485,2.750291094238355e-26,8.557815145265683e-08
2.3046125301108935e-15,0.9999939824211728,6.0175788250159305e-06
2.3976553698902675e-09,0.15217981098632735,0.8478201866160173
9.636935128190178e-19,0.9999998684781566,1.3152184347113348e-07
1.1194855425388494e-23,0.9999999995883344,4.116656109356123e-10
4.483039025577792e-26,0.9999999999977081,2.292004801593141e-12
0.0018129061465588256,1.1401107217126742e-06,0.9981859537427195
8.744977462434212e-14,0.9981295558091003,0.001870444190812069
0.0001290475559398365,1.193518234596691e-05,0.9998590172617142
0.9999716885108322,2.1670876307875925e-19,2.8311489167903755e-05
0.9999951502099146,1.3227337736806743e-21,4.849790085564859e-06
0.9999999999815994,3.0564578490288865e-31,1.840050619649882e-11
9.292030990084977e-16,0.9999859073074694,1.4092692529821173e-05
1.0521408418592903e-15,0.9999788416977244,2.1158302274484956e-05
2.5902884743459853e-21,0.9999999875056423,1.2494357699565309e-08
0.9982486822686166,3.979285943595586e-13,0.0017513177309856466
5.419015721839379e-13,0.9977818170683586,0.0022181829310994735
0.9999999988565966,4.185189994389902e-27,1.1434034378915065e-09
2.56727686156694e-16,0.9999849409087452,1.5059091254604338e-05
0.9999841201358826,1.9542565793622445e-20,1.5879864117484064e-05
0.000625897913054794,5.576492525468176e-06,0.9993685255944197
0.017784962529346852,4.7216729676321955e-08,0.9822149902539234
7.379730580679782e-05,0.00020639029747070498,0.9997198123967225
0.9708452677799083,2.8084669219177565e-12,0.029154732217283312
0.016647156228870395,4.688595614048407e-07,0.9833523749115681
0.9999939700404336,5.371376018632827e-19,6.029959566435789e-06
0.999014081195348,2.1387989000856415e-16,0.0009859188046517928
0.9996440283381454,2.1623269376935813e-16,0.0003559716618543172
3.67000186930418e-06,0.054124321869556326,0.9458720081285744
0.9999711256537336,1.9485473444530477e-18,2.887434626649493e-05
3.855529885943795e-21,0.99999999303061,6.96938989925011e-09
0.018700098749286454,1.5345255735700475e-06,0.9812983667251399
0.999999991318898,4.142207415968879e-25,8.681101971881852e-09
2.391543355907093e-18,0.9999994219560522,5.780439479207142e-07
0.9999999021007293,3.4330900909059406e-24,9.789927055852044e-08
0.9892501361841083,6.822287258343508e-13,0.010749863815209343
2.1843199889414016e-05,0.0006862404648265083,0.9992919163352841
0.9999999999660811,9.359477876015312e-31,3.391883563325015e-11
0.9977311893043197,3.4596560566820756e-13,0.0022688106953342594
4.947908397883002e-07,0.4614873025842317,0.5385122026249284
0.9999999840516922,3.5028156491269656e-25,1.594830778879334e-08
4.4268240665551e-10,0.921701196334407,0.07829880322291055
4.161092709281715e-05,0.0035226520068847122,0.9964357370660226
0.27726975144132027,1.0105923741236627e-07,0.7227301474994423
0.999999997378876,4.2687093325961146e-29,2.6211239196233274e-09
4.810703436313023e-10,0.9887736361476943,0.011226363371235174
0.002088055888367855,3.78161864001811e-07,0.9979115659497682
0.9999999580236607,7.926730200302969e-27,4.197633924904794e-08
4.406331744419707e-05,0.0008093351786363977,0.9991466015039195
5.6742463142228585e-06,0.00199794480657428,0.9979963809471115
0.9999972263666429,2.445366432894856e-22,2.773633357119331e-06
3.849646242567343e-09,0.7536228448264316,0.24637715132392218
1.1631478182449873e-19,0.999999916467832,8.353216799974014e-08
0.9986318149230662,1.0317427946753312e-13,0.0013681850768306604
0.017988739640446793,3.125879205690473e-08,0.9820112291007611
1.4276503102656972e-06,0.012071320532297385,0.9879272518173924
2.417028510581872e-16,0.9999916801478211,8.319852178584288e-06
0.9993797174778708,3.733710574869375e-16,0.0006202825221286255
0.9210630743127305,9.148321788425917e-12,0.07893692567812131
0.9999955230456444,1.721241202373003e-21,4.47695435560813e-06
0.0006883534656692313,9.050837440814361e-06,0.99930259569689
0.9984115081028031,6.398884480024672e-14,0.0015884918971327394
0.9999999993240003,4.229370062114591e-29,6.759996287603006e-10
1.0691525547795818e-21,0.9999999984917147,1.508285175469262e-09
2.169478433284151e-09,0.9330956089260221,0.06690438890449958
0.9999816288754468,8.991490086661983e-19,1.8371124553201697e-05
6.192514911445715e-05,0.00016161299760933783,0.9997764618532761
8.881097599172375e-16,0.9999809004362884,1.9099563710715674e-05
9.099112105467567e-10,0.7811097709565138,0.218890228133575
0.9590871634643008,2.426508153285557e-11,0.0409128365114341
0.9999158317723922,1.3126454314145037e-18,8.416822760789057e-05
0.9882819623717771,1.0855240984818295e-13,0.011718037628114356
0.9782819181315641,1.4190093169730042e-12,0.02171808186701685
0.8794527722002641,2.859592585872349e-12,0.12054722779687627
3.5784619858005565e-11,0.978830767388913,0.02116923257530244
0.9999998876233962,1.6992338404246884e-22,1.1237660392592518e-07
0.5665236273138213,4.43733653571618e-10,0.43347637224244495
0.0017996408440296987,4.911597505632418e-07,0.9981998679962196
3.1740290873105105e-13,0.9996726670718536,0.0003273329278290002
0.9999999957656625,4.52997589462639e-28,4.234337545806263e-09
8.009860837583733e-07,0.2193573596941565,0.7806418393197597
0.9999825288581715,3.597208053166796e-20,1.7471141828521525e-05
2.7438649231115122e-11,0.9867320379056763,0.01326796206688509
1.4100067649663463e-07,0.07763467063119758,0.9223651883681259
1.7362467477759374e-05,0.00026221365865343417,0.9997204238738687
4.1880593759798165e-11,0.9972551547510815,0.0027448452070377447
4.126247654788779e-05,0.03370417697461705,0.9662545605488351
0.9997337599536139,1.8006261526220418e-16,0.0002662400463859416
6.117853091215114e-19,0.9999996093546618,3.906453382029415e-07
0.9993249556812728,2.77744375521072e-14,0.0006750443186995195
1.4577736596551945e-11,0.9991215998672499,0.0008784001181723365
3.98574086864733e-10,0.9339028787199531,0.06609712088147265
5.976741532288154e-08,0.2645705378028713,0.7354294024297134
0.9984772860443645,8.618544453637725e-14,0.0015227139555493482
1.3515877933089638e-15,0.9999901538009127,9.846199086029926e-06
0.999162351737833,3.944939590199304e-15,0.0008376482621630832
4.76534883100911e-13,0.998851988990534,0.0011480110089895164
2.2736009522893296e-28,0.9999999999979172,2.0828012978115215e-12
0.9999998315991382,5.19513855946228e-24,1.684008616622276e-07
3.2651366225637205e-21,0.9999999856638462,1.4336153728613965e-08
2.1760376977074268e-11,0.9696128642822959,0.030387135695943934
0.0011498275370194675,6.5157418382871066e-06,0.9988436567211423
0.9994523862840688,2.1794241712370734e-15,0.0005476137159290065
0.9999850808788004,9.326331230633122e-19,1.49191211995071e-05
5.794620270891221e-07,0.07718575320882985,0.922813667329143
2.5475559895859553e-05,1.7570045179910502e-05,0.9999569543949242
0.3164761592464877,8.853023258229803e-09,0.6835238319004892
7.112169620244244e-16,0.9999922186563686,7.781343630856897e-06
1.8886145107172583e-16,0.9999890975063738,1.0902493626139864e-05
7.301626116122494e-06,0.0006806186213027832,0.999312079752581
3.8465449758841136e-19,0.9999997842643099,2.1573569005885313e-07
1.991500574115269e-06,0.05161600830404684,0.9483820001953791
1.6393518734925007e-26,0.9999999999970668,2.933117531181908e-12
0.9999999692814099,3.1492974424508063e-26,3.071859015320368e-08
7.12106542883567e-07,0.0071435056463172025,0.99285578224714
0.9999795699696848,8.648355230523868e-19,2.0430030315192633e-05
1.0368888679541526e-07,0.22611266721453382,0.7738872290965794
0.9997013209872981,5.407309591998628e-18,0.00029867901270186163
0.9992841440108333,5.374544108186496e-15,0.0007158559891613925
0.004002267412213718,1.9406803104067596e-05,0.9959783257846822
1.0317671653920578e-17,0.9999972011623297,2.7988376702185644e-06
4.5943704642293857e-08,0.037288767979423404,0.962711186076872
0.9999998519865244,1.7541841839146175e-24,1.480134754850332e-07
0.9999999992816833,1.287580965671735e-28,7.183168452141536e-10
0.9998148953840315,3.551986087764578e-17,0.0001851046159686864
0.002643002705565975,5.887960455855853e-05,0.9972981176898754
1.5088666973072146e-05,0.0009440389159361504,0.9990408724170908
0.0005278268863789245,3.7947304906243994e-06,0.9994683783831305
0.05416612236082158,5.580539637840445e-07,0.9458333195852145
0.9999999994649433,5.801250217265569e-28,5.350566332217449e-10
4.4093154280061948e-16,0.9999836459976447,1.635400235486528e-05
1.3882239288949653e-08,0.9468242965777881,0.05317568953997262
1.1260002989350887e-05,0.00021766539965306354,0.9997710745973576
1.9129150612829882e-05,0.003895795478685306,0.996085075370702
0.9999999713881625,3.812244959916426e-24,2.8611837348713018e-08
0.0093882048716553,1.8809572713445423e-07,0.9906116070326176
0.9999999948596034,5.973741142511954e-27,5.140396529457493e-09
6.208493985585554e-20,0.9999999644462138,3.555378629989999e-08
0.9999402624199834,6.975100818334558e-20,5.973758001677422e-05
0.999999327527077,3.80423681777571e-25,6.724729229821297e-07
0.9999999948106306,7.88501147796111e-27,5.189369355820338e-09
0.0011288981909444353,7.213834330775191e-06,0.9988638879747248
0.9999999956917001,1.9391096528305564e-26,4.308299981898241e-09
0.9999995890584387,1.0800196233631794e-24,4.109415613758762e-07
9.674016465283719e-15,0.9998806747598701,0.0001193252401200853
0.9844864360049533,6.375618811130385e-14,0.015513563994982865
3.84353742815342e-05,0.00018236452896194582,0.9997792000967565
2.8734746949899083e-06,0.001319912412448785,0.9986772141128561
1.7056143477419618e-16,0.9999937165709543,6.283429045498119e-06
0.9999869489312638,5.670973243140957e-19,1.305106873611778e-05
7.170315844197218e-13,0.997651088034526,0.0023489119647569735
0.004705753433496315,5.800657788402363e-07,0.9952936665007249
0.00913874891381034,8.318775873151431e-07,0.9908604192086022
4.0466194876852335e-21,0.9999999990523036,9.476962633710712e-10
2.2273764260148612e-27,0.9999999999982694,1.7307136985737028e-12
0.9999489642030774,1.0459974027604319e-17,5.103579692257525e-05
0.00015633617927684936,7.156239195971623e-06,0.9998365075815271
8.611184537580072e-10,0.8806849516192347,0.1193150475196468
0.0028317200682711164,1.6801634987922612e-06,0.9971665997682301
4.934786092434919e-07,0.03988015553286922,0.9601193509885215
5.46982460158358e-06,0.09171121016376847,0.90828332001163
0.9999999999623739,2.136943617914375e-31,3.7626084029319305e-11
3.9192050377231876e-11,0.999176572045813,0.0008234279149948474
6.378508229283716e-22,0.9999999984308681,1.5691318643178482e-09
0.0015219415797188861,5.610066878483736e-07,0.9984774974135933
2.5934585354666605e-13,0.9995786329272094,0.0004213670725313247
1.3737771927054584e-16,0.9999987952252385,1.2047747612924427e-06
0.00014844799645072086,0.004989901613998744,0.9948616503895505
6.070226466535709e-12,0.9986287277999387,0.001371272193991201
0.0003318614656360017,5.748977549617976e-05,0.999610648758868
4.907186527871633e-20,0.9999997308389058,2.691610942395939e-07
1.2741779976389011e-13,0.9993957656741034,0.0006042343257692881
2.4505918333696707e-07,0.8297515777914707,0.1702481771493461
0.00025276672843288766,0.00014571802305171926,0.9996015152485154
6.185439693525743e-16,0.9999869185281136,1.3081471885761451e-05
0.9948789635315181,8.157292678780443e-15,0.005121036468473852
0.005479214294925824,4.2638539362238765e-06,0.9945165218511379
1.1194432987337497e-05,0.026590425478674663,0.9733983800883379
0.0019145563005283426,2.0337647294179613e-05,0.9980651060521775
9.753863287130042e-05,1.830817858695422e-05,0.9998841531885416
0.9997725660738503,3.6895177593595344e-17,0.00022743392614966724
0.0005073580656319211,0.0021673346730440224,0.9973253072613241
0.9998365543661344,2.7960002643000755e-16,0.0001634456338654845
0.0003838171542062915,7.329132790966227e-07,0.9996154499325147
2.3931611613693362e-11,0.9954951587128541,0.0045048412632143035
5.08142932856235e-16,0.9999781170004217,2.18829995778348e-05
7.419267528179064e-06,0.0010123954608017187,0.9989801852716702
3.4077315483394874e-22,0.9999999988753883,1.124611727199938e-09
3.7363040315531537e-17,0.9999989807229257,1.0192770743521251e-06
3.749555485922175e-09,0.9173106293047446,0.08268936694569982
0.9952520421616176,8.671013513430186e-13,0.004747957837515371
6.354057753320107e-06,0.0014358845503784335,0.9985577613918682
0.0001925524214405792,2.2055447779782223e-06,0.9998052420337814
0.03902468685494738,7.902187184723899e-08,0.9609752341231808
0.000704704595315528,0.0010417689411237492,0.9982535264635607
0.07088691351677082,4.1155917235491905e-06,0.9291089708915057
3.153274763213063e-06,0.0004964711059628825,0.9995003756192739
2.5251025416000525e-06,0.0047671102173050045,0.9952303646801534
4.711439786909235e-19,0.9999995779712969,4.220287031473404e-07
0.9999974420494929,2.5883482077894913e-21,2.557950507058225e-06
0.9999999209241603,5.555117370837115e-23,7.907583968510911e-08
0.997804097617712,9.548930780921101e-14,0.002195902382192468
0.9982099174712,4.957362914892333e-15,0.0017900825287949533
0.9998362346652094,1.3743581693855394e-17,0.00016376533479064382
0.9990972520506286,1.226553186314175e-14,0.0009027479493592016
0.9999277742239265,3.5433673517813e-19,7.222577607347603e-05
0.9952942267014329,2.5014203703482314e-13,0.004705773298316912
6.735965747038296e-05,5.273860181893414e-05,0.9998799017407106
0.9999999629957597,7.15033991997232e-26,3.700424022905182e-08
4.238101878961445e-05,0.00011638958890872905,0.9998412293923018
2.7401995911055e-09,0.7398970415079738,0.2601029557518265
0.00023145048562215465,0.0001691815714735136,0.9995993679429043
0.00010924321860929432,1.040524704397562e-05,0.9998803515343467
1.1069655320560595e-06,0.00147500637769042,0.9985238866567775
3.8757609545725755e-06,0.05909918661922215,0.9408969376198233
0.008636696155105657,1.7528126206879377e-08,0.9913632863167681
1.2852355912826339e-26,0.9999999999928486,7.151326605440238e-12
1.1073612026964464e-17,0.999997079256473,2.9207435270362148e-06
2.07189485237315e-21,0.999999998760237,1.2397629740501874e-09
0.015170485454672426,3.9715842253477026e-07,0.9848291173869052
0.0018177627169210096,1.6924195283541993e-06,0.9981805448635507
2.53434046139736e-07,0.18205946679810578,0.817940279767848
1.4799228381491718e-09,0.931655674578224,0.06834432394185327
0.9885817909928898,7.879986153206053e-13,0.011418209006322172
5.200405090040411e-07,0.02094773041437765,0.9790517495451134
0.9999999983414647,4.703854320471907e-29,1.6585352035416146e-09
6.123352929526e-08,0.6905100820455136,0.30948985672095713
0.9737230062594524,3.5502480949590307e-12,0.026276993736997444
9.125182309105383e-26,0.9999999999947498,5.2502515549683095e-12
1.7711057451049722e-16,0.9999948157541338,5.184245865802045e-06
0.9999999864926985,2.4275465822474465e-26,1.3507301458842138e-08
0.9999999876872611,1.0140282115829597e-26,1.231273882930475e-08
2.816671020317844e-12,0.9991935484855442,0.0008064515116391316
0.9999998255058176,4.8835924532294405e-24,1.7449418242272566e-07
0.9996980769889804,1.7204928662297882e-16,0.0003019230110192901
0.9743335733282041,6.597956628806438e-12,0.025666426665197938
0.9999999961299662,7.741719066149448e-29,3.8700337541604845e-09
1.8611226434489747e-07,0.6299754890895426,0.370024324798193
1.0379312559548776e-05,0.004143299285811652,0.9958463214016289
0.004765891208874532,5.841581362339972e-07,0.9952335246329893
0.9984929408050086,2.4913052725722566e-13,0.0015070591947421075
0.9980303021492519,1.9540541598693532e-13,0.001969697850552482
0.996753354246785,1.1832702337839413e-13,0.0032466457530965875
0.9999999630191669,1.7065163288162143e-26,3.6980833086665e-08
8.939829076056922e-10,0.9780820752405086,0.02191792386550838
1.9235838143397205e-18,0.9999995188249294,4.811750704158087e-07
4.772575673728365e-16,0.9999890972339942,1.0902766005422326e-05
1.6102185159757032e-06,0.2932933253033008,0.7067050644781833
8.7957975483231e-07,0.004456697980768793,0.9955424224394763
0.9999997935043581,7.242466310013539e-23,2.0649564194345912e-07
5.321283787029747e-18,0.9999987505976371,1.2494023629237033e-06
4.5780235857526675e-15,0.9999697780641456,3.0221935849727286e-05
0.9999928694430652,1.0417488496363944e-19,7.130556934917731e-06
2.7724387410443166e-19,0.9999999273374134,7.266258667510556e-08
1.2111373805333797e-19,0.999999964979804,3.502019607012504e-08
0.9999922428581748,5.8408979489297985e-21,7.757141825359288e-06
1.6372105031610443e-15,0.9999383783900357,6.162160996271853e-05
0.9999999779954083,6.234421271576506e-24,2.2004591581755433e-08
3.040589537932367e-13,0.9996867333161708,0.0003132666835250722
0.999999995514709,1.6624417771053155e-27,4.485291010929216e-09
0.9979637687236217,1.164028698149208e-13,0.002036231276261928
0.008021540008249596,1.267114433527082e-07,0.9919783332803069
4.40790824433806e-22,0.9999999983714813,1.6285185554442332e-09
1.521924220183951e-14,0.9999774456785409,2.2554321443860473e-05
3.2988579167035384e-24,0.9999999999063269,9.36731508333587e-11
0.0011292302643603964,1.8181209496845183e-06,0.9988689516146898
0.021449449414421583,5.049125553413107e-07,0.9785500456730231
1.055228624886274e-07,0.5461754226206831,0.45382447185645447
0.9999999967510786,1.280224044552109e-27,3.2489214427811328e-09
0.005404927555625496,1.198450955778287e-07,0.994594952599279
0.99961068443982,4.7186462534371405e-15,0.0003893155601753907
0.9912903771048591,2.2055003825418993e-11,0.008709622873085802
0.9993375814837391,1.2511403381907775e-16,0.0006624185162607272
0.0011948122044207925,9.023235655538825e-07,0.9988042854720136
1.5140071585280246e-06,0.11017068734214149,0.8898277986507
1.2231233614733582e-24,0.9999999999213274,7.867259337964958e-11
0.9999999996959179,8.93679813357979e-31,3.040821251126154e-10
0.9998839495271888,2.3140217002529352e-18,0.00011605047281107541
0.9999753822946265,7.804434622332869e-18,2.4617705373524206e-05
0.00017156855519646973,2.7695590882518843e-05,0.9998007358539212
3.119208056513707e-13,0.9997715350170473,0.00022846498264077558
0.9984291004282891,6.43961882476233e-16,0.0015708995717101705
0.9999999966080748,9.384344505969086e-28,3.3919251304699448e-09
1.222671738829518e-05,0.000304514207724075,0.9996832590748878
4.48629880346575e-18,0.9999991194117742,8.80588225898014e-07
0.13607149279833677,4.934220416975592e-09,0.8639285022674429
0.9999837122942884,5.734599706174904e-19,1.628770571153216e-05
0.9999999994337672,2.822304829453467e-29,5.662328118935143e-10
0.001984939062118145,2.3019311545160673e-05,0.9979920416263366
1.8961085435612896e-10,0.9833143449173506,0.01668565489303849
4.702250502498714e-07,0.40404636385002485,0.595953165924925
0.9999999436910031,5.9963246795672385e-25,5.6308996874490305e-08
2.720894653824413e-10,0.990807636963268,0.009192362764642479
0.9948301938131219,4.8678106311515537e-14,0.005169806186829533
1.285463919466184e-12,0.9993298272615226,0.0006701727371918831
0.9999840316216406,2.1439062591414264e-19,1.5968378359352418e-05
2.190442920738349e-06,0.002119313122940461,0.9978784964341387
2.3818742495174326e-06,0.07367094928684004,0.9263266688389103
2.553172571655174e-06,0.13474651220701386,0.8652509346204145
0.9999644186263072,1.664636876514463e-17,3.558137369283232e-05
0.0004111509395830718,2.062586129761164e-06,0.9995867864742871
0.9999810279991144,1.4058841868715096e-18,1.897200088551925e-05
0.999999999726578,2.692574956256749e-29,2.7342186807307147e-10
2.2005027694867032e-13,0.9973879297978715,0.0026120702019083192
6.619540454999172e-19,0.9999998254261887,1.745738112757829e-07
1.353531969118556e-11,0.9943275276029124,0.005672472383552322
3.058838392934046e-11,0.9972947590276704,0.0027052409417410864
1.5835949926889428e-25,0.9999999999803506,1.9649389722885743e-11
9.856078812102285e-08,0.11096512773671417,0.8890347737024977
7.307707151694125e-15,0.999912105609681,8.789439031175183e-05
8.324085727373361e-20,0.9999998735304665,1.264695334089838e-07
0.9999999942578881,4.687827294420547e-26,5.74211191200716e-09
0.9998262080694462,4.7683990984302564e-17,0.00017379193055386066
1.6405019956635732e-06,0.006106253214230166,0.9938921062837742
3.0527887317024223e-18,0.9999996002300239,3.997699760116869e-07
0.9999327283910125,5.2394022370088114e-17,6.727160898757645e-05
0.9975585515210432,4.2589612534271445e-14,0.0024414484789143406
1.1483960589515466e-05,0.00016072284073469494,0.9998277931986758
1.7985966726552804e-05,5.052293770402037e-05,0.9999314910955694
0.9999999947076086,7.751770202635385e-28,5.292391401565156e-09
3.858922286189511e-19,0.9999998631438834,1.3685611651450239e-07
8.116480742242151e-13,0.9994027347960764,0.000597265203111826
0.020075915118112877,1.0064317088542294e-06,0.9799230784501782
0.0004764492775194369,2.201578662845333e-06,0.9995213491438177
0.9999265222173884,9.271835190983696e-19,7.34777826115436e-05
0.9994203717714352,2.1430092669096663e-14,0.0005796282285433614
2.8815707693977614e-19,0.9999998950707899,1.0492921012709099e-07
0.041669466385282856,2.4773309583789234e-06,0.9583280562837588
0.0001110635683575719,5.415763725535413e-05,0.9998347787943871
6.918975550413954e-06,0.012588029384849193,0.9874050516396005
3.3917874098139336e-05,0.006382306286648501,0.9935837758392533
0.9999999543151786,3.619456553498472e-26,4.56848213177634e-08
0.0006328990899231262,3.2500402384374953e-06,0.9993638508698385
3.181812121788077e-05,0.0007110247472499351,0.9992571571315323
2.4116587138241264e-10,0.7910601624959389,0.2089398372628953
0.9999994432656494,2.579590486250449e-22,5.567343507435386e-07
0.9999999655103252,3.721070644886359e-25,3.448967491860894e-08
0.9998963086624169,1.2749699619005875e-16,0.00010369133758292046
0.9999999638318378,1.194126412245429e-26,3.6168162307450555e-08
4.387845899349045e-16,0.9999987677236636,1.2322763359900456e-06
0.9999876931134573,4.071927989258725e-20,1.2306886542696089e-05
1.7691583634829134e-06,0.1892477508077289,0.8107504800339076
1.3128548013271813e-19,0.999999922903438,7.70965620553324e-08
0.999999968515025,3.562538490854826e-24,3.148497489982803e-08
0.0017728696370170713,1.2848920999467668e-06,0.998225845470883
0.0003052375300169966,5.5806048306935364e-05,0.9996389564216761
6.436612261313783e-19,0.9999986951408792,1.3048591206793396e-06
1.9096257484126223e-18,0.9999995191189014,4.808810986689822e-07
7.831552814656797e-20,0.9999999783241706,2.167582930068539e-08
0.9999999980514298,2.0739908389531278e-27,1.948570094105075e-09
3.346713881783577e-15,0.9999953140368375,4.6859631592039465e-06
0.999935612082824,4.1423661454137096e-19,6.438791717606652e-05
7.025119458074974e-15,0.9998835277618351,0.00011647223815778583
1.4403563656554406e-08,0.9484601687638566,0.05153981683257964
0.005628712333079511,6.234623911950142e-08,0.9943712253206813
4.586889116955253e-19,0.9999996900879183,3.099120816562033e-07
5.966818913578664e-17,0.9999954728757188,4.527124281214304e-06
2.158009195234523e-10,0.9625342633710254,0.037465736413173675
3.288178404344284e-08,0.7118098526016162,0.2881901145165997
0.9999999998114832,2.1740102691235447e-30,1.8851668780229071e-10
4.615801674946624e-09,0.8147690328353687,0.18523096254882954
0.7645550123299882,1.092461397393424e-09,0.23544498657755045
0.9999963796633136,3.1326176626491253e-19,3.6203366864419748e-06
0.9928138049308136,1.135483108093433e-13,0.007186195069072844
8.591163152590802e-29,0.999999999999547,4.5286214705661353e-13
3.4424108166435717e-15,0.999940532887372,5.946711262444373e-05
0.0004125891586355559,0.00010897186966160716,0.9994784389717027
5.9888796470531794e-05,0.000275547817908941,0.9996645633856206
8.414927678703896e-25,0.9999999998514535,1.4854643931539457e-10
3.2853414920787656e-07,0.01697841858866653,0.9830212528771843
2.960197442272407e-22,0.9999999950101928,4.989807103673858e-09
1.562509957753311e-07,0.0688150061258151,0.9311848376231892
1.711064675862044e-20,0.9999999814787871,1.852121282278453e-08
6.407872683456326e-14,0.9996088423487106,0.00039115765122533483
4.57748285449674e-06,0.02047603519941504,0.9795193873177306
0.0006154303395786582,6.677107473986461e-05,0.9993177985856815
2.3299456530369063e-18,0.9999994037300175,5.962699825372468e-07
7.101695562944528e-15,0.9998517999914927,0.00014820000850015476
1.0738219923623101e-16,0.9999933795578582,6.62044214176265e-06
0.0007956870076868857,6.25153977038712e-06,0.9991980614525428
1.1494646335227854e-12,0.9988183626671281,0.0011816373317223609
0.0005504017939723941,0.00018371971669542043,0.9992658784893322
0.9999998509468933,9.016216965643508e-24,1.4905310673752852e-07
5.919234494915323e-22,0.9999999935035622,6.496437763721316e-09
2.1141434586991922e-07,0.054522922485185484,0.9454768661004688
0.0002635612620327281,4.392412135823751e-06,0.9997320463258316
0.9999722811496864,2.071371407070941e-19,2.7718850313655694e-05
1.7114050977243154e-05,1.790175314382742e-05,0.999964984195879
1.5121506526620225e-08,0.6530766353220292,0.3469233495564643
2.2915445299905017e-18,0.9999999211002428,7.88997571334935e-08
9.598930440475826e-06,0.017181235311874068,0.9828091657576855
0.0009530685811953882,1.8900005144777273e-06,0.9990450414182901
0.9999999961686816,2.2675875140834124e-28,3.831318294750361e-09
0.9999998671563232,1.3618305691320095e-23,1.3284367689207094e-07
0.9999096300794764,1.1301769955811614e-16,9.036992052329876e-05
0.9999999873569135,4.169975492564689e-27,1.2643086455714144e-08
1.0502869937669225e-06,0.0014400960250965128,0.9985588536879098
3.301080421229435e-12,0.9989654487834491,0.0010345512132499258
0.9417094209724539,4.881727059362104e-13,0.0582905790270579
0.9996219045472855,6.770019465169566e-16,0.00037809545271377256
0.0001718563514343531,0.00011222581273787093,0.9997159178358278
4.855942870049286e-10,0.9586418767230931,0.04135812279131282
0.9999998469775889,2.847331980409389e-24,1.5302241103043393e-07
0.037213563958756954,3.66940407904063e-07,0.9627860691008351
0.00010423016332944732,9.323326978232698e-06,0.9998864465096924
3.7450769516331293e-28,0.9999999999974756,2.524484558015437e-12
0.9999999685466071,1.0559525653696122e-24,3.1453392843099554e-08
2.3734802872304115e-07,0.10917435849929924,0.890825404152672
8.693332135614118e-06,2.7696415542225264e-05,0.999963610252322
0.9999592864514727,1.6299994647398106e-18,4.071354852741706e-05
8.45777057779274e-06,0.0034917877849290364,0.9964997544444932
0.999931805510426,3.745006169849959e-18,6.819448957388503e-05
0.999952452013465,4.990440003930238e-17,4.7547986534928006e-05
2.248238794867163e-07,0.3612335292155678,0.6387662459605526
0.00010206500170081372,0.0015900337087474733,0.9983079012895516
4.66848444171261e-05,6.453756840664476e-05,0.9998887775871763
0.0010528694926581173,1.8879143791878312e-06,0.9989452425929627
2.2464428807122564e-06,0.008192395678323878,0.9918053578787953
0.9996035662211031,9.972564598851306e-17,0.00039643377889673977
5.995689142170229e-13,0.9997802061497206,0.0002197938496797324
0.006579490656402559,1.0102394238996944e-08,0.9934204992412032
0.003492933521621346,2.2835325002745833e-05,0.996484231153376
7.866309656601514e-05,0.001432018611162579,0.9984893182922715
0.9999999778619635,1.1007554060835459e-26,2.213803640973214e-08
4.401401416884901e-22,0.999999997062297,2.9377029940067816e-09
0.00013012138815490188,1.3133024351758087e-07,0.9998697472816016
0.0005569977291606949,4.5897619861407216e-05,0.9993971046509779
0.29028884418338363,8.313096678508363e-09,0.7097111475035196
0.9999999945481495,5.329064071916308e-27,5.451850449780199e-09
3.151852613370168e-10,0.9903240359247459,0.00967596376006884
0.9999589267143488,1.481195538998052e-17,4.107328565126354e-05
0.9999818104100034,3.5864526131784894e-20,1.8189589996601828e-05
0.999345173596071,2.0861806527806517e-15,0.0006548264039270406
0.9992755615042839,6.689080228203918e-15,0.0007244384957094378
2.155681817848575e-07,0.18995710130251767,0.8100426831293005
9.013787478905241e-29,0.9999999999986589,1.341080566736917e-12
0.9999955241328531,1.27166661938999e-22,4.4758671468881e-06
0.9999862891946754,1.0759214500155512e-19,1.3710805324716614e-05
3.317863845215945e-06,0.0055961595552723176,0.9944005225808824
0.9999999997251139,5.777198256031037e-30,2.7488609002818595e-10
0.9999999492557333,1.3240159707631478e-24,5.074426659181171e-08
0.9971191589013488,3.733706432941523e-15,0.002880841098647268
5.202148874752056e-07,0.08536075086477413,0.9146387289203385
0.9976838406439065,6.7759904959991876e-15,0.0023161593560865586
0.9999804652823351,1.599342022548274e-18,1.953471766482893e-05
4.0673697571068415e-05,2.179333762711826e-05,0.9999375329648017
5.499011969814614e-11,0.9913094290619237,0.008690570883086238
0.9999999999418576,7.33601863314863e-31,5.8142350126926333e-11
2.52884429123573e-23,0.9999999996206526,3.7934740587231614e-10
1.9208396516169912e-24,0.9999999999778135,2.218637645502617e-11
1.008546588938407e-15,0.999994799738916,5.200261082756e-06
4.723224799487522e-06,0.0035331171723636755,0.9964621596028369
9.116180789264148e-12,0.999276664360951,0.0007233356299329615
2.345146782009198e-25,0.9999999999405507,5.944940085759151e-11
0.0021031617952975536,1.8986486389611405e-06,0.9978949395560635
0.99999997482205,6.771398912766036e-25,2.517794997743016e-08
0.993047834300373,6.606210839595274e-13,0.0069521656989664175
4.421915365233185e-17,0.9999963580756341,3.641924365776359e-06
0.9995471960217912,3.490181465809744e-15,0.00045280397820510415
3.952506020340209e-09,0.7108851623526117,0.2891148336948822
0.9999999931615682,4.0219730243605636e-27,6.838431706191263e-09
2.472600071294937e-06,0.008657007498858834,0.99134051990107
0.0003877045320102763,2.44228624808342e-06,0.9996098531817417
0.09047331331037288,7.884555476835849e-08,0.9095266078440724
0.9965285687762957,5.986724559472965e-13,0.0034714312231055836
0.001492758567544302,9.782781753224533e-07,0.9985062631542804
0.999232576956887,6.4934040942087696e-15,0.0007674230431065041
0.9999997466784165,2.330051304489673e-23,2.533215835177713e-07
0.9999999985490438,8.71321918434063e-29,1.4509561718161377e-09
5.220761025894367e-13,0.9998948697089566,0.00010513029052155888
0.0014533960201661747,9.281449780647858e-06,0.9985373225300531
9.816794925847124e-22,0.9999999963578727,3.6421272116858184e-09
0.9999999998106304,9.468673046116093e-30,1.8936970862785108e-10
2.382483617618935e-14,0.9999895730495981,1.0426950378184814e-05
8.919811041363871e-07,0.24502013360657504,0.7549789744123209
0.923715466939388,2.6499608410643193e-11,0.07628453303411234
1.3553042293837611e-13,0.9998146970945576,0.0001853029053069903
7.33837860734344e-14,0.999975933529299,2.4066470627731037e-05
0.9973849106957846,7.206840766524754e-16,0.0026150893042147147
9.743895789188245e-06,0.08482106458085893,0.9151691915233519
2.2643888109420762e-05,1.7998668764100978e-05,0.9999593574431264
4.0400332871784416e-17,0.9999976278520353,2.3721479646623036e-06
0.0011732525885665096,4.556172303012883e-06,0.9988221912391304
1.0013374031508425e-14,0.9999690018629039,3.099813708611101e-05
0.9999430087090133,5.092137048869122e-19,5.69912909866882e-05
5.80878139755121e-07,0.19703973192335325,0.802959687198507
8.711854751717444e-05,0.000489297077293037,0.9994235843751899
0.0024423470403328535,1.4031357119500046e-06,0.9975562498239553
0.015249155994763943,1.2937837571094463e-05,0.9847379061676649
0.9999999998405937,2.2159508623083652e-30,1.5940616474216692e-10
0.0006547106395175728,6.0605247959254075e-05,0.9992846841125231
1.4160734363858649e-12,0.9949029392407243,0.005097060757859676
6.945491994096903e-05,4.555556636037705e-05,0.9998849895136986
0.0012709385810598522,0.0011399778788383056,0.9975890835401018
0.9999999535282672,1.9189770879808265e-26,4.647173265760545e-08
0.0011479349545650893,3.3978169322154003e-07,0.9988517252637417
1.0307410601828727e-09,0.9373497143126156,0.06265028465664323
7.981346693482356e-07,0.04216581468059041,0.9578333871847402
0.9997779139181482,1.0899507285995823e-15,0.00022208608185072322
0.021281014683842962,5.502769192982611e-06,0.978713482546964
5.1062561246865314e-05,7.2761139508403885e-06,0.9999416613248024
5.877270254187373e-17,0.999999188959691,8.110403090101297e-07
4.090802914994975e-06,0.004780384506945276,0.9952155246901396
0.00541639488130165,8.577780788169242e-07,0.9945827473406196
0.9998985859832203,8.282302678786255e-17,0.00010141401677977347
0.0001606953018028908,7.588828114252194e-05,0.9997634164170546
0.007791866219823579,6.201734246222649e-07,0.9922075136067519
0.001653808350808305,1.8120872968653411e-07,0.9983460104404621
0.9998393446049929,4.989260788930873e-17,0.0001606553950070188
9.315109986620003e-09,0.8499019443482504,0.1500980463366396
5.649361431034568e-06,0.00014049414116053195,0.9998538564974084
0.0020389570748848085,1.9566861351544237e-08,0.997961023358254
1.2831826838684153e-05,0.0006508736479976478,0.9993362945251637
5.956940414953648e-07,0.4121039835891582,0.5878954207168002
0.9979514263718127,7.501732346757733e-15,0.002048573628179721
1.0262139396476388e-05,0.00097001662871554,0.999019721231888
0.9999183858134336,1.2241010090134267e-16,8.161418656618032e-05
0.9999949916372831,8.211686081360943e-21,5.008362716860089e-06
0.002229727953198877,3.31255291644389e-05,0.9977371465176367
1.8139230186762943e-17,0.9999958601572826,4.1398427173732235e-06
0.0020957817665304863,9.790886467110057e-06,0.9978944273470025
9.264158604608612e-17,0.9999921131819284,7.886818071507778e-06
0.003803743781933906,1.3813976076074154e-07,0.9961961180783054
5.119075416323613e-07,0.4098668020471672,0.5901326860452913
2.115055864653824e-15,0.9999785595110026,2.1440488995173866e-05
1.848421735818847e-12,0.9978074771420196,0.0021925228561318457
1.8923807437685724e-15,0.9999947837312073,5.216268790747235e-06
0.9999650148547891,4.210337932244671e-18,3.498514521104356e-05
0.9999999998764839,1.3946801022822137e-29,1.2351611749421972e-10
0.9999915754421665,1.1621969108804905e-18,8.424557833435627e-06
1.391910400820148e-16,0.9999940996942013,5.900305798598586e-06
7.434709330614046e-18,0.9999982325031574,1.767496842545495e-06
7.924507635800241e-09,0.6883232313053378,0.3116767607701545
0.999999999350512,3.620364114596303e-30,6.494880772927338e-10
0.9999999996109834,1.2491909711874543e-29,3.8901658285262843e-10
0.999731602738904,1.923242267628154e-16,0.0002683972610957259
0.061394081168653886,2.5158364375812536e-07,0.9386056672477023
3.127512218444357e-05,0.0010025575874905784,0.9989661672903251
3.90088623273723e-25,0.9999999999901443,9.855588836670645e-12
1.1745003723293557e-10,0.8860269183361293,0.1139730815464206
4.3187142983856225e-12,0.9940035910899954,0.005996408905685985
0.9996000308630762,3.1005677878068423e-15,0.00039996913692056665
0.9999579959728118,2.7356658368896828e-18,4.200402718814421e-05
1.1163637739225835e-16,0.9999937015441421,6.298455857574353e-06
0.9980298685767353,3.589535026395557e-15,0.0019701314232612463
1.1852591078461912e-07,0.1544800576952349,0.8455198237788543
7.755904267384427e-26,0.9999999999983082,1.6918374410356195e-12
0.012058524068618357,6.797256372546806e-08,0.9879414079588179
5.2866230093349366e-18,0.9999997406048786,2.59395121274644e-07
0.9955455616442178,2.1979613303311715e-13,0.0044544383555624005
2.13282927559687e-12,0.9987176309910656,0.0012823690068016532
0.9970030607300666,6.895074112939389e-14,0.002996939269864454
0.005156410297487266,4.957482749249707e-06,0.9948386322197634
0.9996959699798877,4.875189249984273e-15,0.0003040300201073642
0.9884800534164824,4.405058474251726e-12,0.011519946579112548
0.00021463549649313393,8.978887176484487e-05,0.999695575631742
8.04586398479586e-07,0.11906977528206962,0.8809294201315319
3.094871391712117e-16,0.9999884981373102,1.1501862689619577e-05
1.8416180172980064e-19,0.9999999028410643,9.715893568589673e-08
5.706237641046449e-09,0.8953705264083868,0.10462946788537564
0.005844002213199762,2.1867966579554504e-07,0.9941557791071345
0.9999999979976733,3.6100990148639345e-28,2.0023268120429815e-09
6.780949465735342e-23,0.9999999983104169,1.6895832102480155e-09
1.422392059056195e-14,0.9999941929976353,5.807002350641257e-06
0.9959986869769566,7.89545768534906e-15,0.00400131302303537
0.2464655865588673,6.2886687287797985e-09,0.753534407152464
4.125915425441482e-17,0.9999991465507337,8.534492663030144e-07
0.9999999997026343,1.0243257076026304e-29,2.973656337370529e-10
0.000349762579652889,2.4774852957128796e-06,0.9996477599350514
0.017439793791409714,1.1487421565051238e-07,0.9825600913343746
0.9999987519773529,4.767390105347052e-22,1.2480226471260212e-06
4.950674843199732e-07,0.022340307362229833,0.9776591975702859
3.69739580547979e-06,0.007017937621575898,0.9929783649826187
5.968445007759317e-05,0.004107905189226498,0.9958324103606959
0.9999999955278545,1.0643655226174079e-27,4.472145586106394e-09
1.725874176322894e-17,0.9999983330544744,1.6669455256592277e-06
0.022057944852409285,1.1243091174544701e-06,0.9779409308384733
9.376866944636735e-12,0.9973769622347292,0.0026230377558939416
1.923263196019136e-18,0.9999988059630271,1.1940369728381177e-06
8.115976320772767e-06,0.03669016894270333,0.963301715080976
0.9985389736366648,1.131394289909802e-14,0.0014610263633239693
0.9999999851214287,1.785338088061909e-26,1.4878571193049725e-08
0.0674816589104483,2.4404902848600035e-08,0.9325183166846488
0.0006887267949389841,7.596585818611474e-05,0.9992353073468749
1.963165423825206e-15,0.9998695873778988,0.00013041262209912517
6.515262190985765e-16,0.9999684232456659,3.15767543334446e-05
6.217179557365232e-10,0.90458662969164,0.09541336968664209
0.9999999915462888,6.41407025865151e-26,8.453711283363525e-09
4.093779616550774e-11,0.9808555077400195,0.019144492219042766
1.3403039032717403e-16,0.9999958869529727,4.11304702707895e-06
4.785669059358451e-13,0.9986876545135269,0.001312345485994551
0.00011657342494062189,5.5881596012446186e-05,0.9998275449790469
4.873725426801303e-05,0.0008763755589058237,0.9990748871868261
0.9999846430872502,3.083571335460163e-20,1.5356912749832174e-05
0.9971748587646316,2.7331050056478403e-13,0.002825141235095173
0.0016771588895082969,4.790180202890387e-07,0.9983223620924714
0.01664023829049499,7.276314081032894e-08,0.9833596889463643
0.019474775843239436,2.716610671246609e-07,0.9805249524956935
9.919935935768457e-10,0.8414125061809627,0.15858749282704362
0.9973804918283129,2.950385442211028e-13,0.0026195081713919948
0.23006232567960458,1.6356595823960245e-08,0.7699376579637996
5.0231156431968346e-27,0.9999999999900999,9.900026501374395e-12
1.5248663803967104e-17,0.9999994196266881,5.803733119605426e-07
0.9603464316805554,7.141296722007637e-12,0.039653568312303225
0.9306044262086083,6.914529106357006e-11,0.06939557372224653
8.680634541614305e-09,0.8253553847723848,0.17464460654698072
0.9999999776549819,7.342321709684979e-26,2.2345017926921556e-08
0.9999933386072062,1.0077769629654799e-20,6.661392793792705e-06
1.5637154819993683e-07,0.6427629681965839,0.3572368754318679
3.8390741326514625e-16,0.9999970209657247,2.9790342747579117e-06
2.8369943438245096e-13,0.9973477349078704,0.0026522650918458924
2.052677084127386e-12,0.9996778497596225,0.0003221502383247965
7.729781540122742e-27,0.9999999999996467,3.5317082096343835e-13
1.348285221403771e-05,0.003074961099560681,0.9969115560482253
1.606745291011091e-20,0.9999999834952955,1.6504704388079338e-08
1.9363856359920226e-12,0.9995387610353701,0.0004612389626934945
0.9988275021908785,1.0747699596853394e-13,0.001172497809014002
0.0069879733185005104,1.0296398150452757e-07,0.993011923717518
2.928012511460611e-15,0.9999350142493817,6.498575061554924e-05
4.5261734005125473e-14,0.999832229691673,0.0001677703082818715
0.005911330982877359,2.0999001441041005e-06,0.9940865691169785
0.999999024674542,4.50217713770993e-22,9.75325458021876e-07
1.5243591112502268e-10,0.9968316192698863,0.003168380577677925
8.082150114383577e-11,0.9693640904702527,0.03063590944892572
0.9853503177296241,3.2038263783099394e-12,0.01464968226717209
0.9999146826561631,1.5830508106842872e-17,8.531734383672934e-05
0.0003854498102565237,1.3962466747747755e-06,0.9996131539430687
6.793106777798011e-05,0.00021248600049220023,0.9997195829317298
0.8506457172870598,4.527805313744472e-11,0.1493542826676621
0.008354655180005836,2.1468922450463938e-07,0.9916451301307697
0.9999999962630617,2.0795883092752995e-26,3.736938320064782e-09
2.7676302964731945e-12,0.9991635103598114,0.0008364896374208683
0.9927883128956724,6.454062922858493e-14,0.007211687104263134
0.9997084609375094,6.261396214456587e-17,0.00029153906249055955
0.9999977401719649,1.0199779071413918e-19,2.259828035216262e-06
6.610149741278632e-19,0.999999802943965,1.9705603508101283e-07
3.607453658324059e-27,0.9999999999954512,4.548833241688831e-12
0.9983627332536362,7.00755326467494e-13,0.0016372667456630826
6.993018456112345e-24,0.9999999998696487,1.3035130179935404e-10
0.9999941602282425,3.065024169361123e-19,5.839771757543299e-06
1.2241032412374523e-12,0.9996085175327326,0.0003914824660432937
9.562990393726973e-06,0.00320529422282591,0.9967851427867803
3.055213901311425e-14,0.9998302249465232,0.00016977505344627973
9.57075946730692e-28,0.9999999999996707,3.2935276216382755e-13
1.2013208011894529e-05,0.0022436528430466313,0.9977443339489415
0.9808167971863252,6.541115978547556e-12,0.01918320280713361
8.448590381116845e-06,0.00762797576959603,0.9923635756400228
1.527560152728563e-10,0.9562893265888465,0.04371067325839754
3.179982629815594e-08,0.7919535956529462,0.20804637254722758
8.702131253009154e-06,0.00045667085513864994,0.9995346270136083
0.9806620906104463,5.464232068342146e-12,0.01933790938408952
5.642510145185164e-08,0.383704331815366,0.6162956117595325
1.8679929284075376e-07,0.04867097374866441,0.9513288394520428
0.9990189196613832,1.4620646721889233e-16,0.0009810803386165932
2.4661965095285822e-05,0.03619639066276237,0.9637789473721423
2.420861260917874e-14,0.9999133405808509,8.66594191248666e-05
0.9986264319413746,6.189954240045702e-13,0.001373568058006421
0.999999997055806,1.146431372407567e-25,2.9441940518525545e-09
0.0014022501803388591,1.1302083117700422e-05,0.9985864477365434
4.041764557497677e-29,0.9999999999982947,1.7053055767613549e-12
2.5218636019856162e-08,0.5942399650567021,0.405760009724662
0.9999999671569697,3.239863548459399e-25,3.2843030303105137e-08
2.430424728416547e-12,0.9994826519110873,0.0005173480864823987
9.150874400987731e-05,7.6669914461895e-05,0.9998318213415281
1.7361545635904593e-08,0.6816504952786308,0.31834948735982355
1.5176015431361666e-09,0.7622789983895755,0.23772100009282307
0.005209991329422541,1.0006959200903465e-08,0.9947899986636182
1.8740542183250412e-08,0.7229306162909249,0.27706936496853285
0.004544433690599336,1.1738436370601393e-05,0.9954438278730301
7.663984149171738e-18,0.9999996317928955,3.682071043816814e-07
8.313180935693511e-05,5.4864910928270235e-05,0.9998620032797149
0.9997057677470247,1.2841556907817132e-17,0.00029423225297545424
8.47551366505437e-05,0.0006034271502226202,0.9993118177131268
0.9961027148010793,1.1997313118801945e-13,0.003897285198800815
1.5102781997654576e-09,0.8896321237768435,0.1103678747128783
0.9999991929034072,9.695600122031226e-21,8.070965928110908e-07
6.642555548842012e-08,0.8249815327216681,0.17501840085277645
2.688082786223779e-18,0.9999998108457719,1.891542281249333e-07
0.0006523588812581907,4.1508191122895894e-05,0.9993061329276189
2.9573211903359927e-05,0.0057609514739132206,0.9942094753141834
0.99996974809271,9.410405395244752e-18,3.0251907290055252e-05
0.0004928797454173089,1.072560323789522e-06,0.9995060476942589
0.17338603259122368,7.3470493604153905e-09,0.8266139600617269
1.6776432828387856e-08,0.813650967243954,0.18634901597961312
4.909530962318638e-14,0.9998557657170581,0.00014423428289268402
0.9870422901829021,5.218179805126491e-13,0.012957709816576062
0.0002705006986240514,4.634205226429987e-06,0.9997248650961496
8.322270637815874e-22,0.9999999971549836,2.8450165128625227e-09
4.274290085057309e-14,0.9997399011790236,0.00026009882093366095
8.589537089837638e-07,0.009799267475515122,0.9901998735707759
2.1323562529219772e-08,0.07043001728723518,0.9295699613892022
1.8231413081871683e-06,0.029587051138933926,0.9704111257197578
0.0016153658870725824,4.5781535876529803e-05,0.998338852577051
0.9854994927965351,2.549021704999427e-13,0.01450050720320993
0.9999854081807877,9.540888093648522e-19,1.4591819212265779e-05
0.9999999951747676,1.6314576017684476e-26,4.825232503829095e-09
4.4883441018241745e-24,0.99999999981245,1.8755002686727185e-10
4.423932939318753e-09,0.9258400621125261,0.07415993346354108
0.9108827006674539,2.982122021264108e-11,0.08911729930272481
1.524091865776187e-10,0.9941455800875334,0.005854419760057447
2.631041804735714e-07,0.27760860162196516,0.7223911352738543
2.320350578792782e-15,0.9999896287645408,1.0371235456875845e-05
0.001055195832865628,7.743619392057308e-06,0.9989370605477422
0.999999974531699,1.2522255351934922e-24,2.546830096036013e-08
0.9999999991712178,6.693667772102589e-28,8.287821227504507e-10
0.9999991431082649,2.1566158288680438e-23,8.568917350892688e-07
1.0573522214557553e-07,0.6014638714051189,0.39853602285965894
6.337868474338963e-20,0.9999998916039103,1.0839608959667712e-07
0.9999660529046306,5.479977038536771e-20,3.394709536943149e-05
0.9999676754501562,2.2371547594816536e-18,3.232454984372023e-05
0.9999988235331715,4.3831480740894315e-21,1.1764668285346443e-06
0.004516521350614644,4.234594961429989e-06,0.9954792440544239
5.170906880950932e-18,0.9999989680621213,1.031937878709516e-06
0.9998611506424856,1.7809448275666585e-17,0.00013884935751452222
0.0012744807563193242,6.859457269967997e-05,0.9986569246709811
2.122901672270349e-10,0.9831692554519401,0.016830744335769764
0.9999994303091561,2.696114396766941e-22,5.696908439563646e-07
1.2250492605150127e-23,0.9999999999299627,7.003722892795936e-11
0.0003884534653847241,0.0006097434965540018,0.9990018030380612
0.9999999838803031,1.5255245863952745e-27,1.6119696778216653e-08
0.9999988211022559,3.0897897394764854e-21,1.1788977439931258e-06
3.200461776324017e-15,0.9998329945916791,0.00016700540831777796
0.9999999811396173,6.1048952765285526e-27,1.8860382715526127e-08
2.4061316100981727e-08,0.8983225608642801,0.1016774150744039
0.9999883300605295,7.722477014555684e-19,1.1669939470578436e-05
1.707858296446854e-06,0.0027789566954063523,0.9972193354462973
1.526314768258392e-07,0.05801359580125327,0.9419862515672699
2.0455491474315898e-13,0.9999488902273999,5.110977239552313e-05
4.9186137794807214e-05,0.0016172057264097145,0.9983336081357955
4.163518694725612e-15,0.9999509181483521,4.9081851643793064e-05
0.9889878565196125,5.124751951320518e-13,0.011012143479874822
3.8972092872919704e-22,0.999999985676687,1.4323313078144107e-08
0.9958849412551248,2.2294510100471824e-13,0.0041150587446523
0.9999572023229916,1.7525773510276805e-17,4.2797677008521926e-05
0.999999997231916,1.2759717502292886e-27,2.7680840656598193e-09
0.012587517624189347,1.3403262287372683e-08,0.9874124689725483
4.8611573158483005e-28,0.9999999999956504,4.349715617526129e-12
8.839901001184398e-12,0.9978685040043119,0.0021314959868483376
0.014082298806501588,1.1210465775423371e-07,0.9859175890888408
1.1223508589190078e-28,0.9999999999993854,6.147191481671816e-13
2.1808550130556887e-13,0.9986350581683376,0.001364941831444082
1.9908095425041722e-05,0.00849405742728816,0.9914860344772867
0.9999997236628866,3.3026133838982893e-26,2.763371134694927e-07
0.9997951236217965,2.200566739441424e-16,0.00020487637820326774
0.9998848557878205,1.1424681794500585e-17,0.00011514421217936251
0.999198735761808,6.037245589835034e-15,0.0008012642381861523
2.587385216699864e-09,0.843986713364543,0.1560132840480717
9.902332597746494e-14,0.9994995642796022,0.0005004357202987551
7.339045342391267e-08,0.08505083773059019,0.9149490888789564
6.619592212817635e-16,0.9999832891178141,1.671088218520783e-05
3.944704134213924e-12,0.9990939740270585,0.0009060259689968613
7.68653661950181e-06,0.0001991622674406366,0.9997931511959398
0.9985654151453013,2.4919107055250206e-15,0.0014345848546963786
0.9997925074906985,4.0993500874759903e-16,0.0002074925093010404
0.9999136103200574,2.4242609296834967e-17,8.638967994261243e-05
0.9995966678437445,1.4947852272214134e-16,0.00040333215625521337
5.815795328198636e-10,0.7894053273590808,0.21059467205933982
0.999999905167814,5.919574445850485e-27,9.483218590979918e-08
0.0001570179047529108,2.426417960575273e-06,0.9998405556772865
3.529536154249932e-11,0.9988762518890757,0.0011237480756288566
8.108643435641244e-06,0.00018745776676882137,0.9998044335897955
0.0015407118579575355,3.101979836337928e-08,0.9984592571222441
2.418588588835667e-12,0.9742793685642949,0.02572063143328652
0.00913779992253096,2.1044415924163997e-07,0.9908619896333098
1.0806701956607238e-11,0.9994234577066211,0.0005765422825723394
7.086396746078501e-06,0.020141327135360588,0.9798515864678934
4.100285242733065e-09,0.936780504647094,0.06321949125262083
0.23825467487642915,2.867264897151689e-08,0.7617452964509218
8.04776699240106e-15,0.9998843071568095,0.00011569284318257266
4.776678480320659e-16,0.9999567199986859,4.328000131357562e-05
3.287656034698917e-06,0.073001692993838,0.9269950193501273
4.03897240301145e-06,0.007558193531321414,0.9924377674962755
0.9966948198894001,2.8569795011573164e-13,0.0033051801103140778
0.9479522480569905,4.381863355544205e-12,0.052047751938627485
0.9996018665880756,1.021791242659866e-16,0.0003981334119244855
0.004306125055340418,1.055492227063755e-07,0.995693769395437
1.3840622807361025e-05,0.0006954844965291317,0.9992906748806636
0.99999999971025,2.44938231307951e-30,2.8974993914390493e-10
2.9807148465596905e-18,0.9999970926974694,2.907302530610738e-06
8.807944144424182e-13,0.9996877071556608,0.00031229284345833533
0.0017283454720853667,4.099942327541205e-05,0.9982306551046392
9.331212612113162e-14,0.9996810885185191,0.00031891148138760817
0.9999999998093629,8.883747047770729e-30,1.9063706935242964e-10
0.999997302829703,2.792279817549748e-22,2.69717029706654e-06
0.0002017780883039164,3.195190419086279e-05,0.9997662700075052
1.355052324588021e-05,0.03963292572763187,0.9603535237491223
5.054145489232142e-10,0.8758213930272621,0.12417860646732332
3.914621426642527e-05,0.00021751588241821526,0.9997433379033153
3.73153891674297e-05,0.000962174797758263,0.9990005098130743
2.765250922475804e-09,0.9737274680991248,0.026272529135624167
0.9945741296144053,1.0913841302152797e-13,0.005425870385485516
2.9413380567907216e-17,0.9999990139295294,9.86070470496401e-07
1.2570864490130338e-06,0.17863197879653583,0.8213667641170151
0.9931673044336984,6.378436772501267e-14,0.006832695566237951
0.9999999999290687,7.357618594167025e-31,7.093133608406875e-11
1.0071372943634538e-18,0.9999998677044915,1.3229550856723382e-07
1.9995514959158663e-05,8.482129524609085e-05,0.9998951831897946
0.42310118351912585,1.6864585137480425e-07,0.5768986478350229
0.8056117951489646,7.503496365591002e-11,0.19438820477600047
1.7959073917212683e-07,0.4478093423255161,0.5521904780837447
0.0007869003722280906,0.00024871815007244995,0.9989643814776994
0.9993726605304784,8.246570097754598e-15,0.0006273394695134897
0.009886727153221463,1.0200998970004897e-06,0.9901122527468815
0.9999989182169539,2.158026738611416e-22,1.081783046076499e-06
1.9981008824228604e-05,0.021871503245284016,0.9781085157458917
0.9974118347960047,3.635436944847809e-15,0.0025881652039917934
3.5994165455043205e-17,0.9999964555213098,3.544478690136896e-06
0.9999999995417301,2.1703649733687048e-29,4.582699064349574e-10
0.050844680459203886,1.2594401167393638e-07,0.9491551935967845
2.7809847992084452e-14,0.9995344717369175,0.0004655282630547414
8.443340477943441e-18,0.9999992261061114,7.738938885815061e-07
0.999984943280285,1.358551664434381e-17,1.5056719715084885e-05
0.02638927038696305,3.1858538344349367e-07,0.9736104110276534
3.8054011712288086e-05,2.3871039686110872e-05,0.9999380749486015
4.995497828377606e-15,0.9999199370462746,8.006295372064997e-05
0.99993852146073,6.598791053621191e-18,6.147853927007069e-05
7.317551393991085e-06,0.012253846212436774,0.9877388362361693
0.9999997192363976,1.1921849658693356e-22,2.8076360228040266e-07
0.9999909066653697,1.4552280738556314e-20,9.093334630284702e-06
1.7672182151294405e-21,0.999999992654762,7.345237958496863e-09
1.3333242594566202e-12,0.9992224687071118,0.0007775312915550685
0.9999555292249578,5.552654725502955e-18,4.447077504224504e-05
0.9971519838708625,3.552546182641169e-14,0.0028480161291021995
1.305601313714322e-21,0.9999999868330378,1.3166962320945629e-08
3.1990460926571104e-15,0.9997155617264021,0.0002844382735946696
0.3459169479211584,8.497532918445252e-09,0.6540830435813086
0.9999392124925369,1.4772676504794418e-17,6.078750746301819e-05
0.00781323091138492,1.0767450149906478e-06,0.9921856923436002
0.9860497164054501,5.173665169131976e-14,0.013950283594498136
2.3676931686273034e-08,0.8527761006615443,0.14722387566152406
0.9999187970368557,5.0689933817920484e-17,8.120296314443175e-05
0.9999999955626868,5.220250102247403e-26,4.437313165903796e-09
1.6243394634424059e-10,0.967617469936177,0.03238252990138909
0.9999999664672838,1.1452042152620388e-24,3.35327160384949e-08
1.5258570609034994e-20,0.9999999926851637,7.314836326129653e-09
0.9999790563285297,7.888119342166896e-19,2.0943671470387914e-05
3.0380238009799304e-21,0.9999999944459115,5.554088565201544e-09
0.0006124440600453625,5.154766009618099e-05,0.9993360082798585
0.9993981893228344,1.8325378633690947e-15,0.0006018106771638231
1.1904696715951277e-05,0.00010341404388053646,0.9998846812594034
6.7754846194643716e-21,0.999999990208719,9.79128104626713e-09
0.9999999999562552,4.838243592031123e-31,4.374469223520553e-11
2.7677146577979625e-06,0.06620497738226401,0.9337922549030783
0.028347079082911102,2.12305784134771e-06,0.9716507978592476
1.92201160830886e-14,0.9998801014592861,0.0001198985406945814
0.004710307364539114,1.3972867826558964e-06,0.9952882953486781
0.9964692604856678,1.9861399656459618e-14,0.003530739514312392
3.645134220911922e-05,4.593122126745892e-06,0.9999589555356643
0.0036054067627638497,2.7654186520053283e-07,0.9963943166953709
4.632395810001188e-21,0.9999999964720816,3.5279183461377848e-09
0.005058749343562717,1.0024010436273918e-06,0.9949402482553937
9.888202959452303e-05,0.015105530365295775,0.9847955876051098
0.012254952136504915,7.515624117539613e-08,0.9877449727072539
2.2637130726524657e-06,0.0003134974353892326,0.9996842388515381
1.5669991394656643e-11,0.9970892809769899,0.002910719007340058
0.0004365715173164613,0.00022542654462109026,0.9993380019380624
0.9999999999678701,2.7793450748550994e-30,3.2129849613023726e-11
2.4766515554434938e-05,0.0033034893502131473,0.9966717441342324
0.0016889642449645853,3.217095825815262e-06,0.9983078186592096
0.9999727058482742,1.258322435431561e-17,2.7294151725828434e-05
0.003615280962234645,1.8611709436112804e-06,0.9963828578668218
1.6148905093365855e-11,0.9824219884924311,0.017578011491420083
0.9990841646072548,7.019884665555767e-16,0.0009158353927445595
2.5425913335796317e-06,0.005466496608581605,0.9945309608000847
0.9999396423816792,5.6221970627448246e-18,6.0357618320929646e-05
2.5128120786355326e-07,0.0679606931815044,0.9320390555372876
1.4459239169081205e-06,0.0013844624781738986,0.9986140915979091
0.9998741992886764,7.670616323506213e-18,0.000125800711323564
0.00025304916848120835,2.497697100153197e-06,0.9997444531344185
4.875603633765555e-05,0.0004801556921183054,0.999471088271544
0.9999999874357942,7.615874440062373e-27,1.2564205800713927e-08
1.2571172947626422e-22,0.9999999991391839,8.608161532117535e-10
5.029335552609526e-13,0.9997445019721564,0.0002554980273405358
4.1099496613619015e-21,0.9999999885081222,1.1491877833809756e-08
0.9932133063090355,2.7466659978137924e-13,0.006786693690690037
9.328762712333343e-09,0.821592169407103,0.1784078212641343
5.408080996343919e-24,0.9999999997860298,2.139701950238046e-10
0.004677982470492257,2.2256969421144506e-08,0.9953219952725382
0.00045317645798254936,3.4843763797390333e-06,0.9995433391656378
1.7741167541693429e-25,0.9999999999667748,3.322529078186798e-11
0.9999998860421712,6.188352854759631e-26,1.1395782877963941e-07
2.540719913677022e-06,0.0011392455942890714,0.9988582136857973
6.268957351705235e-18,0.9999997564752485,2.4352475146399234e-07
1.2099833606713466e-08,0.952585369804078,0.047414618096088365
0.9999999959563861,6.24487387403893e-28,4.0436139027837836e-09
0.995668519263575,1.0367647062698095e-12,0.004331480735388419
9.996929530059334e-06,0.007925789141093915,0.992064213929376
7.801278468702247e-17,0.9999908037103571,9.196289643010998e-06
7.511927417436036e-06,0.13447814613027329,0.8655143419423093
0.9999789952487239,1.8063446748237697e-18,2.1004751276148382e-05
0.9999834013151052,2.040987859637448e-18,1.6598684894740554e-05
0.0003511894376643145,0.0003008666587023109,0.9993479439036334
3.9559358242183494e-07,0.006733468512238206,0.9932661358941792
7.302065791484225e-13,0.9996192109246717,0.0003807890745980639
0.9341986042484838,6.105437838134294e-13,0.06580139575090567
0.0006175594358270665,0.0005633939426401315,0.9988190466215329
0.9999999996422022,3.5665275088555997e-28,3.5779787514560337e-10
0.0014410396786942265,7.513386074542948e-05,0.9984838264605603
0.9964581265364565,8.702222807293704e-13,0.0035418734626733693
0.0003479779972918166,0.00010495253737187475,0.9995470694653363
0.009177449590571658,1.3139362399950748e-07,0.9908224190158043
4.2376912527726385e-05,0.001293421589376733,0.9986642014980954
4.2437925714543016e-18,0.9999995247752993,4.7522470059661575e-07
2.161271225282717e-08,0.9412170145442356,0.058782963843052115
0.9999999975865965,1.7412644978885038e-29,2.413403410673883e-09
0.9874212259152492,5.419484281906877e-13,0.012578774084208766
0.016876924580647764,5.388187537250556e-07,0.9831225366005985
1.9652412157093563e-18,0.9999990535633387,9.464366612675826e-07
3.161512338731029e-25,0.9999999999889269,1.1073148950674731e-11
0.010132498141884244,1.2321740440128074e-05,0.9898551801176756
0.9829601864897343,1.583259233783414e-12,0.01703981350868247
0.0019732596865406297,1.259579010013007e-06,0.9980254807344493
0.9991156379360078,6.614839440510938e-15,0.0008843620639854904
1.0752461744201163e-13,0.9985529936608961,0.001447006338996304
0.0002807472994755416,2.564508470335153e-05,0.9996936076158212
1.6251280149200005e-05,0.0016114227976221764,0.9983723259222286
2.6209622984530354e-17,0.9999981504456688,1.849554331109035e-06
0.00030379521232770825,5.49500811137566e-06,0.999690709779561
0.9999812723573727,4.2571832665681344e-18,1.8727642627456503e-05
0.0005780681667035554,2.752397175595849e-05,0.9993944078615404
0.9999963790378347,1.6271737798650315e-21,3.6209621654211516e-06
5.829990532350863e-06,0.06910842614564877,0.930885743863819
1.8472904050129167e-20,0.999999962076129,3.7923870950170115e-08
0.9999999844957461,1.6551029878995844e-27,1.5504253754150748e-08
5.635002991645274e-07,0.008067351534333977,0.9919320849653669
2.488885341096986e-10,0.9311311851754193,0.06886881457569224
0.998136644064118,1.7179900501478402e-14,0.0018633559358647142
0.0044433102901094935,8.182296308280682e-08,0.9955566078869275
0.9997982866296165,1.700403948261938e-17,0.00020171337038365047
0.9999987365206603,5.010751009806685e-21,1.2634793397252709e-06
0.9999995755443479,1.2736249956551826e-23,4.2445565213615783e-07
5.120706527461642e-13,0.9992989741951649,0.0007010258043229592
0.9999994714269217,4.792853921045606e-23,5.285730783234185e-07
0.999992317548182,7.835998209195353e-20,7.682451818153615e-06
0.999999999651801,2.3225090707080344e-29,3.481990350727014e-10
2.3168880874706096e-05,0.0063035070194064485,0.9936733240997188
5.814454810851538e-15,0.999760812068713,0.00023918793128107306
0.9954711083379776,5.74005662074299e-13,0.00452889166144839
1.3072492212456656e-08,0.10713535961395264,0.8928646273135552
0.9999999590066734,5.3085139555331516e-27,4.099332657781421e-08
0.9999997969975555,1.775637679008515e-24,2.0300244441683365e-07
4.123579051252198e-29,0.9999999999994105,5.895340529287165e-13
2.2864726069118363e-21,0.9999999979081675,2.0918325539501375e-09
0.00019461284003548254,0.00014296232910782552,0.9996624248308568
0.9999989983598471,1.165999317316086e-21,1.0016401529336703e-06
0.9903946798433872,4.94085330487419e-12,0.00960532015167206
0.9594207175124115,3.1445492757484324e-12,0.040579282484443924
1.3324280477056012e-14,0.9998265174532727,0.0001734825467140368
0.9979490272089083,1.0986369402705996e-14,0.002050972791080611
0.9999999999331852,1.8743685812844278e-30,6.681486843556882e-11
1.2139352790287126e-06,0.1857071737677427,0.8142916122969783
2.1540937914491997e-06,0.08612632901781225,0.9138715168883963
1.7931458495855998e-13,0.9997477687472581,0.00025223125256259774
1.9729853727185892e-12,0.9999223428174248,7.765718060235424e-05
0.00015076332724099176,0.00100818949552973,0.9988410471772293
0.9999803242645601,2.7540021345616476e-19,1.9675735439953762e-05
0.00024378458814091575,2.081451901873815e-06,0.9997541339599572
0.9999409713910359,3.606343944893125e-19,5.9028608964143155e-05
0.9999999737681249,1.8365308030926989e-25,2.6231875165896345e-08
2.9757719237101902e-09,0.9171252249499384,0.08287477207428978
3.420435601063766e-09,0.9163686546461776,0.08363134193338675
2.698282130682732e-15,0.9999858674022617,1.4132597735583267e-05
3.6784483043036894e-19,0.9999996048278025,3.9517219758378356e-07
0.9998480063249845,2.239374732713435e-18,0.00015199367501540984
3.6564134827003456e-08,0.5948736923604789,0.4051262710753862
5.5883528097552746e-08,0.3224098407768874,0.6775901033395845
1.6765862756393305e-09,0.9285960385057137,0.0714039598177
1.1799645322270916e-07,0.33534179032609757,0.6646580916774493
2.074775222202099e-19,0.9999998122710764,1.8772892354732292e-07
0.9999999556216685,5.3537209162600046e-24,4.437833153303191e-08
0.9999999879150147,5.459082862105048e-26,1.208498533454238e-08
0.9999999977140808,6.780109463343333e-28,2.2859191554513556e-09
0.9891780305431491,8.72174598774008e-12,0.010821969448129168
0.9521053814061722,1.368978803437707e-11,0.047894618580138056
2.1165421619011703e-09,0.9491270222451824,0.05087297563827534
0.00015430736919714146,0.00038159041018381265,0.999464102220619
7.523158125964024e-05,0.0003988546493879431,0.9995259137693524
0.9999293935029778,2.119398147298807e-18,7.060649702218332e-05
0.02733007152929913,1.7991415976433794e-06,0.9726681293291033
0.00035766491768868383,1.0608496927739644e-06,0.9996412742326186
2.9286601771150008e-05,0.005800272918349133,0.9941704404798798
0.0009517187258612419,1.0659229606655069e-05,0.9990376220445321
0.00016005305896725716,0.00014204399969561525,0.9996979029413371
1.931578365636711e-17,0.9999996491652202,3.5083477971109083e-07
0.0020481028253625196,5.166845917500284e-07,0.9979513804900457
1.2600864372561704e-21,0.9999999942405831,5.75941692627516e-09
0.9890992431986998,3.760143111728022e-12,0.010900756797540042
0.010116908819394857,1.4741238204838314e-06,0.9898816170567846
0.9892277108256626,1.0624476356195097e-14,0.010772289174326724
1.122660608450634e-18,0.9999990601409541,9.398590457829322e-07
0.9999999127485858,4.510863045267778e-24,8.72514142934897e-08
2.1792533451040686e-10,0.9668084228897906,0.03319157689228395
4.3971137102022546e-07,0.038832288163534436,0.9611672721250946
1.1186831679860384e-21,0.9999999973481943,2.6518055636067228e-09
1.4143904378712818e-08,0.8542510868669473,0.14574889898914814
0.0002833998934739418,1.742192950138615e-06,0.999714857913576
0.0008392062496768838,1.7167858181467078e-07,0.9991606220717414
0.9998933146106405,3.281144621563916e-17,0.00010668538935947787
0.9999996068492139,8.751531701352499e-24,3.9315078611527974e-07
6.982890411218948e-20,0.9999999808869567,1.9113043332180912e-08
1.0792067139764391e-05,0.00042116218728058876,0.9995680457455796
4.29532683887659e-09,0.9559604942442846,0.044039501460388465
0.9972332193597242,4.712134761858932e-14,0.0027667806402285667
5.964276757636089e-15,0.9998169161573267,0.000183083842667358
3.312477017593185e-11,0.9830624150406196,0.016937584926255682
1.1086639792275577e-11,0.9733206753061364,0.026679324682776957
4.147407221680237e-06,0.0010862993899444244,0.9989095532028339
0.9996303252581855,1.0889175882635757e-16,0.0003696747418143622
0.9927551832016741,1.4513583779299204e-12,0.007244816796874453
0.0013395269616337116,4.442865632235517e-07,0.9986600287518029
5.889953005176916e-17,0.9999928709274273,7.1290725727274515e-06
1.6175018501878876e-05,0.006046692271511233,0.9939371327099868
0.000435243819516687,2.720035595535295e-05,0.999537555824528
0.0029188154070323383,1.9840874233441177e-06,0.9970792005055444
8.216291824007885e-13,0.9997484912158998,0.00025150878327867836
0.0003642957010645865,0.0003702916668374782,0.999265412632098
0.00011557714611331174,0.02227540467729412,0.9776090181765925
0.9999807796849172,1.1219886696419982e-18,1.922031508273738e-05
0.031000144438200827,1.1873131255971006e-08,0.9689998436886679
5.1755005477562965e-05,1.0981500067858106e-05,0.9999372634944546
0.0006263149068019316,5.350684403599096e-07,0.9993731500247577
5.499378771498608e-27,0.9999999999968443,3.155693484988523e-12
0.9999998679491177,1.0721648515663509e-25,1.320508822845316e-07
6.101629668879796e-18,0.9999990722559745,9.277440254363254e-07
9.233152579167732e-13,0.9995766311059643,0.00042336889311242747
0.1625927635193899,6.787977625852239e-08,0.8374071686008339
9.448597377017208e-27,0.999999999994716,5.284026706735028e-12
